kodikos,perigrafi,price,stock_softone,promitheftis,category,kathgoria,photo_url,container,q
A7642BB,I107 WOODEN FAN ceiling BLACK blades BLACK motor,500,22,I107,ΑΝΕΜΙΣΤΗΡΕΣ ΟΡΟΦΗΣ,ΑΝΕΜΙΣΤΗΡΕΣ ΟΡΟΦΗΣ,https://cdn.jsdelivr.net/gh/adenadoume/erp-equipment-reservations@main/catalog-images/A7642BB.png,"I110.8,I110.9",22
A7642DNB,I107 WOODEN FAN ceiling DARK NATURAL blades BLACK motor,500,29,I107,ΑΝΕΜΙΣΤΗΡΕΣ ΟΡΟΦΗΣ,ΑΝΕΜΙΣΤΗΡΕΣ ΟΡΟΦΗΣ,https://cdn.jsdelivr.net/gh/adenadoume/erp-equipment-reservations@main/catalog-images/A7642DNB.png,"I110.8,I110.9",29
A7642NB,I107 WOODEN FAN ceiling NATURAL blades BLACK motor,500,32,I107,ΑΝΕΜΙΣΤΗΡΕΣ ΟΡΟΦΗΣ,ΑΝΕΜΙΣΤΗΡΕΣ ΟΡΟΦΗΣ,https://cdn.jsdelivr.net/gh/adenadoume/erp-equipment-reservations@main/catalog-images/A7642NB.png,"I110.8,I110.9",32
A7642NW,I107 WOODEN FAN ceiling NATURAL blades WHITE motor,500,18,I107,ΑΝΕΜΙΣΤΗΡΕΣ ΟΡΟΦΗΣ,ΑΝΕΜΙΣΤΗΡΕΣ ΟΡΟΦΗΣ,https://cdn.jsdelivr.net/gh/adenadoume/erp-equipment-reservations@main/catalog-images/A7642NW.png,"I110.8,I110.9",18
A7642WW,I107 WOODEN FAN ceiling WHITE blades WHITE motor,500,18,I107,ΑΝΕΜΙΣΤΗΡΕΣ ΟΡΟΦΗΣ,ΑΝΕΜΙΣΤΗΡΕΣ ΟΡΟΦΗΣ,https://cdn.jsdelivr.net/gh/adenadoume/erp-equipment-reservations@main/catalog-images/A7642WW.png,"I110.8,I110.9",18
A7643,I126 PULL DOOR HANDLE,45,123,I126,ΠΟΡΤΕΣ,ΠΟΡΤΕΣ,https://cdn.jsdelivr.net/gh/adenadoume/erp-equipment-reservations@main/catalog-images/A7643.png,,123
A7644CHR,I128 SILVER ZINC ALLOY DOOR HANDLE (PAIR) WITH ZINC ALLOY STRIGHT KEYHOLE,27,90,I128,ΠΟΡΤΕΣ,ΠΟΡΤΕΣ,https://cdn.jsdelivr.net/gh/adenadoume/erp-equipment-reservations@main/catalog-images/A7644CHR.png,,89
A7646B,I128 DOOR HANDLE BLACK PAIR & KEYHOLES,30,47,I128,ΠΟΡΤΕΣ,ΠΟΡΤΕΣ,https://cdn.jsdelivr.net/gh/adenadoume/erp-equipment-reservations@main/catalog-images/A7646B.png,,44
A7646BLEFT,I128 DOOR HANDLE BLACK LEFT & KEYHOLE,18,78,I128,ΠΟΡΤΕΣ,ΠΟΡΤΕΣ,https://cdn.jsdelivr.net/gh/adenadoume/erp-equipment-reservations@main/catalog-images/A7646BLEFT.png,,78
A7646BRIGHT,I128 DOOR HANDLE BLACK RIGHT & KEYHOLE,18,69,I128,ΠΟΡΤΕΣ,ΠΟΡΤΕΣ,https://cdn.jsdelivr.net/gh/adenadoume/erp-equipment-reservations@main/catalog-images/A7646BRIGHT.png,,69
A7646CHRLEFT,I128 DOOR HANDLE CHROME LEFT & KEYHOLE,18,104,I128,ΠΟΡΤΕΣ,ΠΟΡΤΕΣ,https://cdn.jsdelivr.net/gh/adenadoume/erp-equipment-reservations@main/catalog-images/A7646CHRLEFT.png,,104
A7646CHRRIGHT,I128 DOOR HANDLE CHROME RIGHT & KEYHOLE,18,89,I128,ΠΟΡΤΕΣ,ΠΟΡΤΕΣ,https://cdn.jsdelivr.net/gh/adenadoume/erp-equipment-reservations@main/catalog-images/A7646CHRRIGHT.png,,89
A8112SILLEFT,I128 SINGE RIGHT SILVER ZINC ALLOY DOOR HANDLE (PAIR=100PCS) WITH ZINC ALLOY SAFETY KEYHOL,25,67,I128,ΠΟΡΤΕΣ,ΠΟΡΤΕΣ,https://cdn.jsdelivr.net/gh/adenadoume/erp-equipment-reservations@main/catalog-images/A8112SILLEFT.png,,67
A8112SILRIGHT,I128 SINGE LEFT SILVER ZINC ALLOY DOOR HANDLE (PAIR=100PCS) WITH ZINC ALLOY SAFETY KEYHOLE,25,103,I128,ΠΟΡΤΕΣ,ΠΟΡΤΕΣ,https://cdn.jsdelivr.net/gh/adenadoume/erp-equipment-reservations@main/catalog-images/A8112SILRIGHT.png,,103
A8121,I124 DOOR STOP ZINC ALLOY MATT BLACK,3,-4,I124,ΠΟΡΤΕΣ,ΠΟΡΤΕΣ,https://cdn.jsdelivr.net/gh/adenadoume/erp-equipment-reservations@main/catalog-images/A8121.png,,-4
B1002G,B3 FLOOR SINK TOP HOLE F40x90 GREY,560,6,B3,SINKS,SINKS,https://cdn.jsdelivr.net/gh/adenadoume/erp-equipment-reservations@main/catalog-images/B1002G.jpg,,6
B1004C,B3 SINK TOWER MARBLE F40x15 CREAM,335,1,B3,SINKS,SINKS,https://cdn.jsdelivr.net/gh/adenadoume/erp-equipment-reservations@main/catalog-images/B1004C.jpg,,1
B1005.1G,SINK DEDE F40x13 GREY,270,2,,SINKS,SINKS,https://cdn.jsdelivr.net/gh/adenadoume/erp-equipment-reservations@main/catalog-images/B1005.1G.jpg,,2
B1027.1C,B3 SINK ROUND F45x90 CREAM,520,3,B3,SINKS,SINKS,https://cdn.jsdelivr.net/gh/adenadoume/erp-equipment-reservations@main/catalog-images/B1027.1C.png,,3
B1029,SINK RECTANGULAR GREY 60x50x15,345,1,,SINKS,SINKS,https://cdn.jsdelivr.net/gh/adenadoume/erp-equipment-reservations@main/catalog-images/B1029.jpg,,1
B1029C,B169 SINK RECTANGULAR 60x50x15,345,4,B169,SINKS,SINKS,https://cdn.jsdelivr.net/gh/adenadoume/erp-equipment-reservations@main/catalog-images/B1029C.jpg,,4
B1038C,B3 SINK SEROK F45x10 CREAM,340,1,B3,SINKS,SINKS,https://cdn.jsdelivr.net/gh/adenadoume/erp-equipment-reservations@main/catalog-images/B1038C.jpg,,1
B1038G,SINK SEROK F45X10 GREY,340,1,,SINKS,SINKS,https://cdn.jsdelivr.net/gh/adenadoume/erp-equipment-reservations@main/catalog-images/B1038G.jpg,,1
B1039C,B3 SINK KOTAK MARMO 69x47x7 CREAM,490,4,B3,SINKS,SINKS,https://cdn.jsdelivr.net/gh/adenadoume/erp-equipment-reservations@main/catalog-images/B1039C.png,,4
B1039G,B3 SINK KOTAK MARMO 69x47x7 GREY,490,6,B3,SINKS,SINKS,https://cdn.jsdelivr.net/gh/adenadoume/erp-equipment-reservations@main/catalog-images/B1039G.png,,6
B1058.2,T88 SINK CERAMIC HANDPAINTED F42x16,450,1,T88,SINKS,SINKS,https://cdn.jsdelivr.net/gh/adenadoume/erp-equipment-reservations@main/catalog-images/B1058.2.jpg,,1
B1405G,B4 SINK MARBLE ROUND F40,345,16,B4,SINKS,SINKS,https://cdn.jsdelivr.net/gh/adenadoume/erp-equipment-reservations@main/catalog-images/B1405G.png,,16
B1411,B169 SINK RIVER STONE 22x25x20,,4,B169,SINKS,SINKS,https://cdn.jsdelivr.net/gh/adenadoume/erp-equipment-reservations@main/catalog-images/B1411.png,,4
B1411.1,"B169 SINK RIVER STONE
  30x35x20",207,104,B169,SINKS,SINKS,https://cdn.jsdelivr.net/gh/adenadoume/erp-equipment-reservations@main/catalog-images/B1411.1.png,,104
B1411.2,B169 SINK RIVER STONE 35x40x20,247,39,B169,SINKS,SINKS,https://cdn.jsdelivr.net/gh/adenadoume/erp-equipment-reservations@main/catalog-images/B1411.2.png,,0
B1411.3,B169 SINK RIVER STONE 50x40x20,287,4,B169,SINKS,SINKS,https://cdn.jsdelivr.net/gh/adenadoume/erp-equipment-reservations@main/catalog-images/B1411.3.png,,0
B1411.4,B169 SINK RIVER STONE 50x40x13,160,5,B169,SINKS,SINKS,https://cdn.jsdelivr.net/gh/adenadoume/erp-equipment-reservations@main/catalog-images/B1411.4.png,,0
B1411.5,B169 RIVER STONE SINK 40X38X15,140,8,B169,SINKS,SINKS,https://cdn.jsdelivr.net/gh/adenadoume/erp-equipment-reservations@main/catalog-images/B1411.5.png,,8
B1411.12,B169 SINK RIVER STONE 25x25x15,75,4,B169,SINKS,SINKS,https://cdn.jsdelivr.net/gh/adenadoume/erp-equipment-reservations@main/catalog-images/B1411.12.png,,4
B1411.20,B169 SINK RIVER STONE 60X36X15,185,6,B169,SINKS,SINKS,https://cdn.jsdelivr.net/gh/adenadoume/erp-equipment-reservations@main/catalog-images/B1411.20.png,,6
B1412,B169 SINK STONE 110x36x20,960,1,B169,SINKS,SINKS,https://cdn.jsdelivr.net/gh/adenadoume/erp-equipment-reservations@main/catalog-images/B1412.jpg,,1
B1418C,B169 SINK CREAM 120x40x60,1350,2,B169,SINKS,SINKS,,,2
B1433,B169 STONE SINK MIDDLE CREAM 100x41x37,1445,2,B169,SINKS,SINKS,,,2
B1435C,B169 STONE FLOOR SINK CREAM 75x50x87,1950,1,B169,SINKS,SINKS,https://cdn.jsdelivr.net/gh/adenadoume/erp-equipment-reservations@main/catalog-images/B1435C.png,,1
B1483B,B169 SINK STONE SLAB 40x35x40,185,1,B169,SINKS,SINKS,https://cdn.jsdelivr.net/gh/adenadoume/erp-equipment-reservations@main/catalog-images/B1483B.jpg,,1
B1483G,B169 SINK STONE SLAB 40x35x40,185,4,B169,SINKS,SINKS,https://cdn.jsdelivr.net/gh/adenadoume/erp-equipment-reservations@main/catalog-images/B1483G.png,,4
B1493,B169 SINK BLINK STONE L47-57 W35-42 H15,290,4,B169,SINKS,SINKS,https://cdn.jsdelivr.net/gh/adenadoume/erp-equipment-reservations@main/catalog-images/B1493.png,,4
B1494,B169 SINK ONYX 48x44x15,380,2,B169,SINKS,SINKS,,,2
B1495,B169 SINK LAVA 35-40x50-65x25,290,11,B169,SINKS,SINKS,https://cdn.jsdelivr.net/gh/adenadoume/erp-equipment-reservations@main/catalog-images/B1495.jpg,,11
B1496,B169 ZEBRA STONE SINK 60x47x17,290,4,B169,SINKS,SINKS,https://cdn.jsdelivr.net/gh/adenadoume/erp-equipment-reservations@main/catalog-images/B1496.png,,4
B1497,B169 SINK BROWNIE STONE 40x40x15,240,4,B169,SINKS,SINKS,https://cdn.jsdelivr.net/gh/adenadoume/erp-equipment-reservations@main/catalog-images/B1497.png,,4
B1498,B169 SINK ONYX 44 H16,380,2,B169,SINKS,SINKS,https://cdn.jsdelivr.net/gh/adenadoume/erp-equipment-reservations@main/catalog-images/B1498.png,,2
B1498.1,B169 SINK ONYX 38/45 x 30/39 x15,380,3,B169,SINKS,SINKS,https://cdn.jsdelivr.net/gh/adenadoume/erp-equipment-reservations@main/catalog-images/B1498.1.png,,3
B1498.3,B169 SINK ONYX 110X38X15,864,1,B169,SINKS,SINKS,https://cdn.jsdelivr.net/gh/adenadoume/erp-equipment-reservations@main/catalog-images/B1498.3.png,,1
B1498.4,B169 SINK ONYX 42X30X15,,1,B169,SINKS,SINKS,https://cdn.jsdelivr.net/gh/adenadoume/erp-equipment-reservations@main/catalog-images/B1498.4.png,,1
B1498.7,SINK ONYX 50x40x15,435,2,,SINKS,SINKS,https://cdn.jsdelivr.net/gh/adenadoume/erp-equipment-reservations@main/catalog-images/B1498.7.jpg,,2
B1500.1B,B169 SQUARE SINK 30x25x15,185,19,B169,SINKS,SINKS,https://cdn.jsdelivr.net/gh/adenadoume/erp-equipment-reservations@main/catalog-images/B1500.1B.png,,19
B1500.1W,B169 SQUARE SINK 30x25x15,185,17,B169,SINKS,SINKS,https://cdn.jsdelivr.net/gh/adenadoume/erp-equipment-reservations@main/catalog-images/B1500.1W.png,,17
B1500.2B,B169 SQUARE SINK 50x38x15,270,5,B169,SINKS,SINKS,https://cdn.jsdelivr.net/gh/adenadoume/erp-equipment-reservations@main/catalog-images/B1500.2B.png,,5
B1500.2W,B169 SQUARE SINK 50x38-40x15,295,32,B169,SINKS,SINKS,https://cdn.jsdelivr.net/gh/adenadoume/erp-equipment-reservations@main/catalog-images/B1500.2W.png,,32
B1502C,B169 MODERN SINK 55x35x20,335,7,B169,SINKS,SINKS,https://cdn.jsdelivr.net/gh/adenadoume/erp-equipment-reservations@main/catalog-images/B1502C.jpg,,7
B1502W,B169 MODERN SINK 56x36x20,335,1,B169,SINKS,SINKS,https://cdn.jsdelivr.net/gh/adenadoume/erp-equipment-reservations@main/catalog-images/B1502W.jpg,,1
B1504,B169 PETRIFIED SINK 52x33x17,480,2,B169,SINKS,SINKS,https://cdn.jsdelivr.net/gh/adenadoume/erp-equipment-reservations@main/catalog-images/B1504.jpg,,2
B1505B,B169 GRANITE SINK 40x40x15,290,6,B169,SINKS,SINKS,https://cdn.jsdelivr.net/gh/adenadoume/erp-equipment-reservations@main/catalog-images/B1505B.png,,6
B1505G,B169 GRANITE SINK 40x40x15,290,5,B169,SINKS,SINKS,https://cdn.jsdelivr.net/gh/adenadoume/erp-equipment-reservations@main/catalog-images/B1505G.png,,5
B1506G,B169 GRANITE SINK 45x45x15,345,5,B169,SINKS,SINKS,,,5
B1506LG,B169 GRANITE SINK 45x45x15,345,1,B169,SINKS,SINKS,https://cdn.jsdelivr.net/gh/adenadoume/erp-equipment-reservations@main/catalog-images/B1506LG.jpg,,1
B4001,D40 SINK CONCRETE ROUND B02 F45.5x34x14.5,270,2,D40,SINKS,SINKS,,,2
B4003,D40 SINK CONCRETE ROUND B04 F45x38x20,270,1,D40,SINKS,SINKS,,,1
B4004,D40 SINK CONCRETE ROUND B05 F47x30x36,305,2,D40,SINKS,SINKS,,,2
B4005,D40 SINK CONCRETE ROUND B06 F44x41x12,270,2,D40,SINKS,SINKS,,,2
B4008,D40 SINK CONCRETE SQUARE B09 41x41x13,350,1,D40,SINKS,SINKS,,,1
B4024B,B169 SINK MASTER BATHROOM 178X46X20,2550,1,B169,SINKS,SINKS,,,1
B4035B,B169 SINK F40 H15,170,24,B169,SINKS,SINKS,https://cdn.jsdelivr.net/gh/adenadoume/erp-equipment-reservations@main/catalog-images/B4035B.png,,24
B4036W,B169 SINK RECTANGLE 50X40X15,270,6,B169,SINKS,SINKS,,,6
B4038G,B169 SINK MARBLE ROUND F45 H14 40X43X15,260,1,B169,SINKS,SINKS,https://cdn.jsdelivr.net/gh/adenadoume/erp-equipment-reservations@main/catalog-images/B4038G.png,,1
B4038W,B169 SINK MARBLE ROUND F45 H15 40X43X15,260,4,B169,SINKS,SINKS,https://cdn.jsdelivr.net/gh/adenadoume/erp-equipment-reservations@main/catalog-images/B4038W.png,,4
B4046,B169 SINK F45 H90,918,1,B169,SINKS,SINKS,,,1
B4048.1B,B169 Sink Ribbed Stone 45X45X45,1036,2,B169,SINKS,SINKS,https://cdn.jsdelivr.net/gh/adenadoume/erp-equipment-reservations@main/catalog-images/B4048.1B.png,,2
B4048.1C,B169 Sink Ribbed Stone 45X45X45,1036,1,B169,SINKS,SINKS,https://cdn.jsdelivr.net/gh/adenadoume/erp-equipment-reservations@main/catalog-images/B4048.1C.jpg,,1
B4048.1G,B169 Sink Ribbed Stone 45X45X45,1036,1,B169,SINKS,SINKS,https://cdn.jsdelivr.net/gh/adenadoume/erp-equipment-reservations@main/catalog-images/B4048.1G.png,,1
B4048.2B,B169 Sink Ribbed Stone 45X45X90,1370,1,B169,SINKS,SINKS,https://cdn.jsdelivr.net/gh/adenadoume/erp-equipment-reservations@main/catalog-images/B4048.2B.jpg,,1
B4048.2C,B169 Sink Ribbed Stone 45X45X90,1370,2,B169,SINKS,SINKS,https://cdn.jsdelivr.net/gh/adenadoume/erp-equipment-reservations@main/catalog-images/B4048.2C.png,,2
B4049,B169 SINK STONE 45x40x45,,2,B169,SINKS,SINKS,https://cdn.jsdelivr.net/gh/adenadoume/erp-equipment-reservations@main/catalog-images/B4049.jpg,,2
B4049W,B169 SINK MARBLE 50x35x15,346,5,B169,SINKS,SINKS,https://cdn.jsdelivr.net/gh/adenadoume/erp-equipment-reservations@main/catalog-images/B4049W.jpg,,5
B4050B,I135 Bidet sprayer set Matt Black AC218 03 15 2,54,50,I135,ΜΠΑΝΙΟ,ΜΠΑΝΙΟ,https://cdn.jsdelivr.net/gh/adenadoume/erp-equipment-reservations@main/catalog-images/B4050B.png,,50
B4050CHR,I135 Bidet sprayer set Chrome AC218 03 31 2,54,17,I135,ΜΠΑΝΙΟ,ΜΠΑΝΙΟ,https://cdn.jsdelivr.net/gh/adenadoume/erp-equipment-reservations@main/catalog-images/B4050CHR.png,,17
B4051,I135 Bibcock Satin V912C 01 16 2,14,165,I135,ΜΠΑΝΙΟ,ΜΠΑΝΙΟ,https://cdn.jsdelivr.net/gh/adenadoume/erp-equipment-reservations@main/catalog-images/B4051.png,,165
B4052B,I135 Pop - Up Drain Matt Black D101 01 12 1,18,105,I135,ΜΠΑΝΙΟ,ΜΠΑΝΙΟ,https://cdn.jsdelivr.net/gh/adenadoume/erp-equipment-reservations@main/catalog-images/B4052B.png,,105
B4052CHR,I135 Pop - Up Drain Chrome D101 01 01 1,15,126,I135,ΜΠΑΝΙΟ,ΜΠΑΝΙΟ,https://cdn.jsdelivr.net/gh/adenadoume/erp-equipment-reservations@main/catalog-images/B4052CHR.png,,126
B4053B,I135 Bottle trap Matt Black P102 01 12 1,53,112,I135,ΜΠΑΝΙΟ,ΜΠΑΝΙΟ,https://cdn.jsdelivr.net/gh/adenadoume/erp-equipment-reservations@main/catalog-images/B4053B.png,,111
B4053CHR,I135 Bottle trap Chrome P102 01 01 1,30,97,I135,ΜΠΑΝΙΟ,ΜΠΑΝΙΟ,https://cdn.jsdelivr.net/gh/adenadoume/erp-equipment-reservations@main/catalog-images/B4053CHR.png,,97
B4058.1,"I133 KITCHEN SINK SATIN 606,1X512,6X228,6mm",220,20,I133,ΚΟΥΖΙΝΑ,ΚΟΥΖΙΝΑ,https://cdn.jsdelivr.net/gh/adenadoume/erp-equipment-reservations@main/catalog-images/B4058.1.png,,20
B4058.1B,"I133 KITCHEN SINK PVD 606,1X512,6X228,6mm",275,2,I133,ΚΟΥΖΙΝΑ,ΚΟΥΖΙΝΑ,https://cdn.jsdelivr.net/gh/adenadoume/erp-equipment-reservations@main/catalog-images/B4058.1B.png,,1
B4058.2,"I133 KITCHEN SINK SATIN 706X512,6X228,6mm",245,3,I133,ΚΟΥΖΙΝΑ,ΚΟΥΖΙΝΑ,https://cdn.jsdelivr.net/gh/adenadoume/erp-equipment-reservations@main/catalog-images/B4058.2.png,,3
B4058.2B,"I133 KITCHEN SINK PVD 706X512,6X228,6mm",310,2,I133,ΚΟΥΖΙΝΑ,ΚΟΥΖΙΝΑ,https://cdn.jsdelivr.net/gh/adenadoume/erp-equipment-reservations@main/catalog-images/B4058.2B.png,,2
B4058.3,"I133 KITCHEN SINK SATIN 809X512,6X228,6mm",335,7,I133,ΚΟΥΖΙΝΑ,ΚΟΥΖΙΝΑ,https://cdn.jsdelivr.net/gh/adenadoume/erp-equipment-reservations@main/catalog-images/B4058.3.png,,7
B4058.3B,"I133 KITCHEN SINK PVD 809X512,6X228,6mm",410,5,I133,ΚΟΥΖΙΝΑ,ΚΟΥΖΙΝΑ,https://cdn.jsdelivr.net/gh/adenadoume/erp-equipment-reservations@main/catalog-images/B4058.3B.png,,0
B4059C,B169 SINK UOVO F41.4cm H26.5-21cm,618,2,B169,SINKS,SINKS,https://cdn.jsdelivr.net/gh/adenadoume/erp-equipment-reservations@main/catalog-images/B4059C.jpg,,2
B4060B,B169 SINK POZZO F46cm H20cm,606,2,B169,SINKS,SINKS,https://cdn.jsdelivr.net/gh/adenadoume/erp-equipment-reservations@main/catalog-images/B4060B.png,,2
B4060G,B169 SINK POZZO F46cm H20cm,606,1,B169,SINKS,SINKS,https://cdn.jsdelivr.net/gh/adenadoume/erp-equipment-reservations@main/catalog-images/B4060G.png,,1
B4061.1C,B169 SINK STILETTO 90x50x30cm,2949,2,B169,SINKS,SINKS,https://cdn.jsdelivr.net/gh/adenadoume/erp-equipment-reservations@main/catalog-images/B4061.1C.png,,2
B4061.2C,B169 SINK STILETTO120x50x30cm,3171,1,B169,SINKS,SINKS,https://cdn.jsdelivr.net/gh/adenadoume/erp-equipment-reservations@main/catalog-images/B4061.2C.png,,1
B4061.2G,B169 SINK STILETTO120x50x30cm,3170,2,B169,SINKS,SINKS,https://cdn.jsdelivr.net/gh/adenadoume/erp-equipment-reservations@main/catalog-images/B4061.2G.png,,2
B4062.1,B169 SINK MARBEL 50X40X12,188,4,B169,SINKS,SINKS,,,4
B4062.2,B169 SINK MARBEL 60X40X12,251,2,B169,SINKS,SINKS,,,2
B4063B,B169 SINK MARBLE 40x40x13,492,2,B169,SINKS,SINKS,,,2
B4063C,B169 SINK MARBLE 40x40x13,492,1,B169,SINKS,SINKS,,,1
B4063G,B169 SINK MARBLE 40x40x13,492,2,B169,SINKS,SINKS,,,2
B4065,B16 MARBLE SINK 40x40x15,148,5,B16,SINKS,SINKS,,,5
B4073,B169 MARBLE SINK 43x39x15,185,11,B169,SINKS,SINKS,https://cdn.jsdelivr.net/gh/adenadoume/erp-equipment-reservations@main/catalog-images/B4073.png,,11
B4074LBR,B169 MARBLE SINK 43x43x15,,3,B169,SINKS,SINKS,https://cdn.jsdelivr.net/gh/adenadoume/erp-equipment-reservations@main/catalog-images/B4074LBR.png,,3
B4076B,B169 SINK 45x35x15,235,10,B169,SINKS,SINKS,,,10
B4076BGR,B169 SINK 45x35x15,235,2,B169,SINKS,SINKS,,,2
B4076C,B169 SINK 45x35x15,235,10,B169,SINKS,SINKS,,,10
B4076G,B169 SINK 45x35x15,235,2,B169,SINKS,SINKS,,,2
B4077,B169 SINK KITCHEN 75x45x25,765,1,B169,SINKS,SINKS,,,1
B4078BE,B169 SINK MARBLE 80x50x20,1275,3,B169,SINKS,SINKS,,,3
B4080.1,I149 ΓΡΑΜΜΙΚΟ ΣΙΦΩΝΙ ΔΑΠΕΔΟΥ 60CM,45,83,I149,ΜΠΑΝΙΟ,ΜΠΑΝΙΟ,https://cdn.jsdelivr.net/gh/adenadoume/erp-equipment-reservations@main/catalog-images/B4080.1.png,,78
B4080.2,I149 ΓΡΑΜΜΙΚΟ ΣΙΦΩΝΙ ΔΑΠΕΔΟΥ 60CM,55,39,I149,ΜΠΑΝΙΟ,ΜΠΑΝΙΟ,https://cdn.jsdelivr.net/gh/adenadoume/erp-equipment-reservations@main/catalog-images/B4080.2.png,,39
B4083B,I135 Floor Drain Matt Black F101 01 12 1,0,90,I135,ΜΠΑΝΙΟ,ΜΠΑΝΙΟ,https://cdn.jsdelivr.net/gh/adenadoume/erp-equipment-reservations@main/catalog-images/B4083B.png,,90
B4083CHR,I135 Floor Drain Chrome F101 01 16 2,0,90,I135,ΜΠΑΝΙΟ,ΜΠΑΝΙΟ,https://cdn.jsdelivr.net/gh/adenadoume/erp-equipment-reservations@main/catalog-images/B4083CHR.png,,90
B4084B,I135 ΕΞΩΤΕΡΙΚΟ ΝΤΟΥΣ ΜΟΝΗΣ ΛΕΙΤΟΥΡΓΙΑΣ,0,44,I135,ΜΠΑΝΙΟ,ΜΠΑΝΙΟ,https://cdn.jsdelivr.net/gh/adenadoume/erp-equipment-reservations@main/catalog-images/B4084B.png,,44
B4084CHR,I135 ΕΞΩΤΕΡΙΚΟ ΝΤΟΥΣ ΜΟΝΗΣ ΛΕΙΤΟΥΡΓΙΑΣ,0,38,I135,ΜΠΑΝΙΟ,ΜΠΑΝΙΟ,https://cdn.jsdelivr.net/gh/adenadoume/erp-equipment-reservations@main/catalog-images/B4084CHR.png,,37
B4085CHR,I135 ΕΞΩΤΕΡΙΚΟ ΝΤΟΥΣ ΔΙΠΛΗΣ ΛΕΙΤΟΥΡΓΙΑΣ,0,12,I135,ΜΠΑΝΙΟ,ΜΠΑΝΙΟ,https://cdn.jsdelivr.net/gh/adenadoume/erp-equipment-reservations@main/catalog-images/B4085CHR.png,,11
B4086,I165 ΣΤΗΛΗ ΝΤΟΥΣ ΕΞΩΤΕΡΙΚΟΥ ΧΩΡΟΥ ΔΙΠΛΗΣ ΛΕΙΤΟΥΡΓΙΑΣ,302,14,I165,ΜΠΑΝΙΟ,ΜΠΑΝΙΟ,https://cdn.jsdelivr.net/gh/adenadoume/erp-equipment-reservations@main/catalog-images/B4086.png,,14
B4086B,I165 ΣΤΗΛΗ ΝΤΟΥΣ ΕΞΩΤΕΡΙΚΟΥ ΧΩΡΟΥ ΔΙΠΛΗΣ ΛΕΙΤΟΥΡΓΙΑΣ,0,13,I165,ΜΠΑΝΙΟ,ΜΠΑΝΙΟ,https://cdn.jsdelivr.net/gh/adenadoume/erp-equipment-reservations@main/catalog-images/B4086B.png,,13
B4087,I197 ΠΛΑΣΤΙΚΗ ΡΑΓΑ ΚΟΥΡΤΙΝΩΝ 6Μ/ΤΜΧ,0,80,I197,ΚΟΥΡΤΙΝΕΣ,BAMBOO - BBQ - ΚΟΥΡΤΙΝΕΣ,https://cdn.jsdelivr.net/gh/adenadoume/erp-equipment-reservations@main/catalog-images/B4087.png,,80
B4088NO,D207 ΜΠΑΤΑΡΙΑ ΝΙΠΤΗΡΑ F6520-15NO,0,3,D207,ΜΠΑΝΙΟ,GIULINI,,,3
B4089NO,D207 ΜΠΑΤΑΡΙΑ ΝΙΠΤΗΡΑ F6520-25BO,99,3,D207,ΜΠΑΝΙΟ,GIULINI,,,2
B4090BO,D207 ΜΠΑΤΑΡΙΑ ΝΙΠΤΗΡΑ F6520-25VROP,0,,D207,ΜΠΑΝΙΟ,GIULINI,,,0
B4091VROP,D207 ΜΠΑΤΑΡΙΑ ΝΙΠΤΗΡΑ F/6520-25,0,1,D207,ΜΠΑΝΙΟ,GIULINI,,,-2
B4092,D207 ΜΠΑΤΑΡΙΑ ΝΙΠΤΗΡΑ F/6520-15,60,7,D207,ΜΠΑΝΙΟ,GIULINI,,,4
B4093,D207 ΕΣΩΤΕΡΙΚΟ ΝΤΟΥΣ F/6513KB-25CHR,60,7,D207,ΜΠΑΝΙΟ,GIULINI,,,3
B4094NO,D207 ΕΣΩΤΕΡΙΚΟ ΝΤΟΥΣ F/6513KB-25NO OPAQUE BLACK,0,9,D207,ΜΠΑΝΙΟ,GIULINI,,,8
B4095NO,D207 ΕΣΩΤΕΡΙΚΟ ΝΤΟΥΣ F/6513KB-25NKO,240,16,D207,ΜΠΑΝΙΟ,GIULINI,,,12
B4096NKO,D207 ΜΠΑΤΑΡΙΑ ΝΙΠΤΗΡΑ F/6520-15NKO,0,1,D207,ΜΠΑΝΙΟ,GIULINI,,,0
B4097NO,D207 ΜΠΑΤΑΡΙΑ ΝΙΠΤΗΡΑ F/6520-25NO,76,,D207,ΜΠΑΝΙΟ,GIULINI,,,-2
B4098NKO,D207 ΜΠΑΤΑΡΙΑ ΝΙΠΤΗΡΑ F/6520-25NKO,72,,D207,ΜΠΑΝΙΟ,GIULINI,,,0
F7951SF13,I120 FABRIC INDOOR SOFA CREME width 280m,18,570,I120,ΥΦΑΣΜΑΤΑ,ΥΦΑΣΜΑΤΑ,https://cdn.jsdelivr.net/gh/adenadoume/erp-equipment-reservations@main/catalog-images/F7951SF13.png,,570
F7951SF19,I120 FABRIC INDOOR SOFA BEIGE-KHAKI width 280m,18,450,I120,ΥΦΑΣΜΑΤΑ,ΥΦΑΣΜΑΤΑ,https://cdn.jsdelivr.net/gh/adenadoume/erp-equipment-reservations@main/catalog-images/F7951SF19.png,,450
F7951SF21,I120 FABRIC INDOOR SOFA GREY width 280m,18,318,I120,ΥΦΑΣΜΑΤΑ,ΥΦΑΣΜΑΤΑ,https://cdn.jsdelivr.net/gh/adenadoume/erp-equipment-reservations@main/catalog-images/F7951SF21.png,,318
F7952CF32,I120 FABRIC INDOOR CURTAINS WHITE width 280m,7,,I120,ΥΦΑΣΜΑΤΑ,ΥΦΑΣΜΑΤΑ,https://cdn.jsdelivr.net/gh/adenadoume/erp-equipment-reservations@main/catalog-images/F7952CF32.png,,0
F7952CF35,I120 FABRIC INDOOR CURTAINS BEIGE width 280m,7,240,I120,ΥΦΑΣΜΑΤΑ,ΥΦΑΣΜΑΤΑ,https://cdn.jsdelivr.net/gh/adenadoume/erp-equipment-reservations@main/catalog-images/F7952CF35.png,,240
F7956BF15,I120 FABRIC INDOOR BLACKOUT GREY MATTE width 280m,15,,I120,ΥΦΑΣΜΑΤΑ,ΥΦΑΣΜΑΤΑ,https://cdn.jsdelivr.net/gh/adenadoume/erp-equipment-reservations@main/catalog-images/F7956BF15.png,,0
F8078C01,I120 LINEN SHEER FABRIC AA5  300CM WIDTH COLOR01 (KOYRTINA LEFKH),0,1080,I120,ΥΦΑΣΜΑΤΑ,ΥΦΑΣΜΑΤΑ,https://cdn.jsdelivr.net/gh/adenadoume/erp-equipment-reservations@main/catalog-images/F8078C01.png,,1080
F8079C11,I120 BLACKOUT LINEN FABRIC 280CM WIDTH COLOR11,0,550,I120,ΥΦΑΣΜΑΤΑ,ΥΦΑΣΜΑΤΑ,https://cdn.jsdelivr.net/gh/adenadoume/erp-equipment-reservations@main/catalog-images/F8079C11.png,,550
F8080C4,I120 SOFA FABRIC CODE 1558 280CM WIDTH COLOR4,0,537,I120,ΥΦΑΣΜΑΤΑ,ΥΦΑΣΜΑΤΑ,https://cdn.jsdelivr.net/gh/adenadoume/erp-equipment-reservations@main/catalog-images/F8080C4.png,,537
G1297.1,I150 BAMBOO REED 150x500cm,95,124,I150,BAMBOO,BAMBOO - BBQ - ΚΟΥΡΤΙΝΕΣ,https://cdn.jsdelivr.net/gh/adenadoume/erp-equipment-reservations@main/catalog-images/G1297.1.png,,113
G1297.2,I150 BAMBOO REED 200x500cm,105,144,I150,BAMBOO,BAMBOO - BBQ - ΚΟΥΡΤΙΝΕΣ,https://cdn.jsdelivr.net/gh/adenadoume/erp-equipment-reservations@main/catalog-images/G1297.2.png,,136
G1321,I144 BARBEQUE 20’’ ΔΙΑΣΤΑΣΕΙΣ: 127Χ70Χ104CM ΔΙΑΜΕΤΡΟΣ ΚΟΡΜΟΥ: 52CM ΔΙΑΜΕΤΡΟΣ ΣΧΑΡΑΣ: 43CM,0,,I144,BBQ,BAMBOO - BBQ - ΚΟΥΡΤΙΝΕΣ,https://cdn.jsdelivr.net/gh/adenadoume/erp-equipment-reservations@main/catalog-images/G1321.png,,0
G1322,I176 BARBEQUE 17.5’’ ΔΙΑΣΤΑΣΕΙΣ: 44.5X44.5CM,0,34,I176,BBQ,BAMBOO - BBQ - ΚΟΥΡΤΙΝΕΣ,https://cdn.jsdelivr.net/gh/adenadoume/erp-equipment-reservations@main/catalog-images/G1322.png,,34
G1323,I213 ΨΗΣΤΑΡΙΑ ΓΙΑ ΚΑΡΒΟΥΝΑ-BBQ,355,,I213,BBQ,BAMBOO - BBQ - ΚΟΥΡΤΙΝΕΣ,,,0
L3094,I100 ΦΩΣ ΟΡΟΦΗΣ ΚΡΕΜΑΣΤΟ 11Χ32CM CALIXTO,55,56,I100,ΦΩΤΑ,ΦΩΤΑ,https://cdn.jsdelivr.net/gh/adenadoume/erp-equipment-reservations@main/catalog-images/L3094.png,,56
L3096,I100 ΦΩΣ ΟΡΟΦΗΣ ΚΡΕΜΑΣΤΟ 12Χ26CM ΜΙΝΙΟΝ,95,-2,I100,ΦΩΤΑ,ΦΩΤΑ,https://cdn.jsdelivr.net/gh/adenadoume/erp-equipment-reservations@main/catalog-images/L3096.png,,-2
L3224B,I208 LED PENDANT LIGHT 6W 3000K 80x35mm F300mm L1500mm,99,51,I208,ΦΩΤΑ,ΦΩΤΑ,https://cdn.jsdelivr.net/gh/adenadoume/erp-equipment-reservations@main/catalog-images/L3224B.png,,51
L3225G,"I208 LED PENDANT LIGHT 4,5W 3000K 80x35mm L1500mm",93,60,I208,ΦΩΤΑ,ΦΩΤΑ,https://cdn.jsdelivr.net/gh/adenadoume/erp-equipment-reservations@main/catalog-images/L3225G.png,,60
L3226G,I208 IP65 OUTDOOR WALL LAMP TRLAC DIMMABLE 6W 3000K 200LM 170x170x200mm,132,97,I208,ΦΩΤΑ,ΦΩΤΑ,https://cdn.jsdelivr.net/gh/adenadoume/erp-equipment-reservations@main/catalog-images/L3226G.png,,97
L3227.1G,I208 IP65 OUTDOOR GARDEN LAMP TRLAC DIMMABLE 6W 3000K 200LM 150x150x275mm,239,120,I208,ΦΩΤΑ,ΦΩΤΑ,https://cdn.jsdelivr.net/gh/adenadoume/erp-equipment-reservations@main/catalog-images/L3227.1G.png,,120
L3244,I59 ΣΠΟΤ ΟΡΟΦΗΣ (ΟΠΗ 60MM) ΛΕΥΚΟ,6,500,I59,ΦΩΤΑ,ΦΩΤΑ,https://cdn.jsdelivr.net/gh/adenadoume/erp-equipment-reservations@main/catalog-images/L3244.png,,403
L3244WW,I59 ΛΑΜΠΤΗΡΑΣ GU10 ΘΕΡΜΟ ΛΕΥΚΟ,6,2,I59,ΦΩΤΑ,ΦΩΤΑ,,,2
L3244WWBOLD,I59 ΛΑΜΠΤΗΡΑΣ GU10 ΛΕΥΚΟ,0,1928,I59,ΦΩΤΑ,ΦΩΤΑ,,,1855
L3245B,I59 BEDSIDE LIGHT 3W D100*H55mm,20,138,I59,ΦΩΤΑ,ΦΩΤΑ,https://cdn.jsdelivr.net/gh/adenadoume/erp-equipment-reservations@main/catalog-images/L3245B.png,,138
L3245W,I59 BEDSIDE LIGHT 3W D100*H55mm,20,155,I59,ΦΩΤΑ,ΦΩΤΑ,https://cdn.jsdelivr.net/gh/adenadoume/erp-equipment-reservations@main/catalog-images/L3245W.png,,155
L3246,I59 ΕΞΩΤΕΡΙΚΟ ΧΩΝΕΥΤΟ ΣΠΟΤ ΑΛΟΥΜΙΝΙΟΥ 42Χ80ΜΜ IP65 0.3MVDE Wire,23,215,I59,ΦΩΤΑ,ΦΩΤΑ,https://cdn.jsdelivr.net/gh/adenadoume/erp-equipment-reservations@main/catalog-images/L3246.png,,215
L3247,I59 LED ΦΩΣ ΚΗΠΟΥ 30CM ΥΨΟΣ IP65 7W ΜΕ ΚΑΡΦΙ ΓΙΑ ΤΟΠΟΘΕΤΗΣΗ ΣΕ ΧΩΜΑ & ΜΠΕΤΟ,70,138,I59,ΦΩΤΑ,ΦΩΤΑ,https://cdn.jsdelivr.net/gh/adenadoume/erp-equipment-reservations@main/catalog-images/L3247.png,,120
L3248,I59 ΑΠΛΙΚΑ ΟΡΟΦΗΣ 5W 210Χ110Χ90MM,15,61,I59,ΦΩΤΑ,ΦΩΤΑ,https://cdn.jsdelivr.net/gh/adenadoume/erp-equipment-reservations@main/catalog-images/L3248.png,,61
L3249.1B,I59 ΣΠΟΤ ΡΑΓΑΣ ΕΣΩΤΕΡΙΚΟΥ ΧΩΡΟΥ 7W 110X60MM IP44 ΘΕΡΜΟ ΛΕΥΚΟ,22,178,I59,ΦΩΤΑ,ΦΩΤΑ,https://cdn.jsdelivr.net/gh/adenadoume/erp-equipment-reservations@main/catalog-images/L3249.1B.png,,178
L3249.1W,I59 ΣΠΟΤ ΡΑΓΑΣ ΕΣΩΤΕΡΙΚΟΥ ΧΩΡΟΥ 7W 110X60MM IP44 ΘΕΡΜΟ ΛΕΥΚΟ,22,50,I59,ΦΩΤΑ,ΦΩΤΑ,https://cdn.jsdelivr.net/gh/adenadoume/erp-equipment-reservations@main/catalog-images/L3249.1W.png,,50
L3249.2B,I59 ΣΠΟΤ ΡΑΓΑΣ ΕΣΩΤΕΡΙΚΟΥ ΧΩΡΟΥ 20W 145X90MM IP44 ΘΕΡΜΟ ΛΕΥΚΟ,28,147,I59,ΦΩΤΑ,ΦΩΤΑ,https://cdn.jsdelivr.net/gh/adenadoume/erp-equipment-reservations@main/catalog-images/L3249.2B.png,,147
L3249.3W,I59 ΣΠΟΤ ΡΑΓΑΣ ΕΣΩΤΕΡΙΚΟΥ ΧΩΡΟΥ 12W 190X100MM IP44 ΘΕΡΜΟ ΛΕΥΚΟ,32,40,I59,ΦΩΤΑ,ΦΩΤΑ,https://cdn.jsdelivr.net/gh/adenadoume/erp-equipment-reservations@main/catalog-images/L3249.3W.png,,40
L3250.1W,I59 ΣΥΝΔΕΣΜΟΣ ΡΑΓΑΣ 180ο,0,,I59,ΦΩΤΑ,ΦΩΤΑ,https://cdn.jsdelivr.net/gh/adenadoume/erp-equipment-reservations@main/catalog-images/L3250.1W.png,,0
L3250.2B,I59 ΣΥΝΔΕΣΜΟΣ ΡΑΓΑΣ 180ο,0,,I59,ΦΩΤΑ,ΦΩΤΑ,https://cdn.jsdelivr.net/gh/adenadoume/erp-equipment-reservations@main/catalog-images/L3250.2B.png,,0
L3250B,I59 ΡΑΓΑ 1ΜΕΤΡΟΥ,8,25,I59,ΦΩΤΑ,ΦΩΤΑ,https://cdn.jsdelivr.net/gh/adenadoume/erp-equipment-reservations@main/catalog-images/L3250B.png,,25
L3250W,I59 ΡΑΓΑ 1ΜΕΤΡΟΥ,8,25,I59,ΦΩΤΑ,ΦΩΤΑ,https://cdn.jsdelivr.net/gh/adenadoume/erp-equipment-reservations@main/catalog-images/L3250W.png,,25
L3251,I59 LED ΤΑΙΝΙΑ 220V 100Μ/ROLL IP65 ΘΕΡΜΟ ΛΕΥΚΟ,5,3,I59,ΦΩΤΑ,ΦΩΤΑ,https://cdn.jsdelivr.net/gh/adenadoume/erp-equipment-reservations@main/catalog-images/L3251.png,,3
L3251.1,I59 ΑΝΟΡΘΩΤΗΣ LED ΤΑΙΝΙΑΣ 220V,0,50,I59,ΦΩΤΑ,ΦΩΤΑ,https://cdn.jsdelivr.net/gh/adenadoume/erp-equipment-reservations@main/catalog-images/L3251.1.png,,50
L3252,I59 ΠΡΟΒΟΛΑΚΙ ΚΗΠΟΥ 3W LED 43Χ245ΜΜ IP65 ΜΕ ΚΑΡΦΙ ΘΕΡΜΟ ΛΕΥΚΟ,14,74,I59,ΦΩΤΑ,ΦΩΤΑ,https://cdn.jsdelivr.net/gh/adenadoume/erp-equipment-reservations@main/catalog-images/L3252.png,,73
L3253,I59 ΠΡΟΒΟΛΕΑΣ ΕΞΩΤΕΡΙΚΟΥ ΧΩΡΟΥ 3W LED 190Χ65ΜΜ IP65 ΜΕ ΣΤΡΟΓΓΥΛΗ ΒΑΣΗ ΘΕΡΜΟ ΛΕΥΚΟ,16,86,I59,ΦΩΤΑ,ΦΩΤΑ,https://cdn.jsdelivr.net/gh/adenadoume/erp-equipment-reservations@main/catalog-images/L3253.png,,86
L3254,I59 ΠΡΟΒΟΛΑΚΙ ΚΗΠΟΥ 7W LED 88Χ190ΜΜ IP65 ΜΕ ΣΤΡΟΓΓΥΛΗ ΒΑΣΗ ΘΕΡΜΟ ΛΕΥΚΟ,36,169,I59,ΦΩΤΑ,ΦΩΤΑ,https://cdn.jsdelivr.net/gh/adenadoume/erp-equipment-reservations@main/catalog-images/L3254.png,,168
L3255B,I59 ΑΠΛΙΚΑ ΕΠΙΤΟΙΧΙΑ ΕΞΩΤΕΡΙΚΟΥ ΧΩΡΟΥ 6W UP & DOWN LED 175Χ90ΜΜ IP65 ΘΕΡΜΟ ΛΕΥΚΟ,45,-16,I59,ΦΩΤΑ,ΦΩΤΑ,https://cdn.jsdelivr.net/gh/adenadoume/erp-equipment-reservations@main/catalog-images/L3255B.png,,-16
L3255W,I59 ΑΠΛΙΚΑ ΕΠΙΤΟΙΧΙΑ ΕΞΩΤΕΡΙΚΟΥ ΧΩΡΟΥ 6W UP & DOWN LED 175Χ90ΜΜ IP65 ΘΕΡΜΟ ΛΕΥΚΟ,45,160,I59,ΦΩΤΑ,ΦΩΤΑ,https://cdn.jsdelivr.net/gh/adenadoume/erp-equipment-reservations@main/catalog-images/L3255W.png,,154
L3256B,I59 ΚΡΕΜΑΣΤΟ ΦΩΤΙΣΤΙΚΟ ΕΣΩΤΕΡΙΚΟΥ ΧΩΡΟΥ ΣΩΛΗΝΑΣ 18W 1200X70X70MM ΘΕΡΜΟ ΛΕΥΚΟ,38,,I59,ΦΩΤΑ,ΦΩΤΑ,https://cdn.jsdelivr.net/gh/adenadoume/erp-equipment-reservations@main/catalog-images/L3256B.png,,0
L3256W,I59 ΚΡΕΜΑΣΤΟ ΦΩΤΙΣΤΙΚΟ ΕΣΩΤΕΡΙΚΟΥ ΧΩΡΟΥ ΣΩΛΗΝΑΣ 18W 1200X70X70MM ΘΕΡΜΟ ΛΕΥΚΟ,38,-27,I59,ΦΩΤΑ,ΦΩΤΑ,https://cdn.jsdelivr.net/gh/adenadoume/erp-equipment-reservations@main/catalog-images/L3256W.png,,-27
L3257B,"ΡΟΖΕΤΑ 100ΜΜ ΜΕ ΚΑΛΩΔΙΟ 1,2Μ ΚΑΙ ΝΤΟΥΙ Ε27",10,165,,ΗΛΕΚΤΡΟΜΗΧ/ΚΟΣ ΕΞΟΠΛΙΣΜΟΣ,ΗΛΕΚΤΡΟΜΗΧ/ΚΟΣ ΕΞΟΠΛΙΣΜΟΣ,https://cdn.jsdelivr.net/gh/adenadoume/erp-equipment-reservations@main/catalog-images/L3257B.png,,165
L3257W,"ΡΟΖΕΤΑ 100ΜΜ ΜΕ ΚΑΛΩΔΙΟ 1,2Μ ΚΑΙ ΝΤΟΥΙ Ε27",10,180,,ΗΛΕΚΤΡΟΜΗΧ/ΚΟΣ ΕΞΟΠΛΙΣΜΟΣ,ΗΛΕΚΤΡΟΜΗΧ/ΚΟΣ ΕΞΟΠΛΙΣΜΟΣ,https://cdn.jsdelivr.net/gh/adenadoume/erp-equipment-reservations@main/catalog-images/L3257W.png,,180
L3258,I160 ΛΑΜΠΤΗΡΑΣ LED E27 8W 2700K AMBER GLASS NO DIMMABLE,4,,I160,ΦΩΤΑ,ΦΩΤΑ,https://cdn.jsdelivr.net/gh/adenadoume/erp-equipment-reservations@main/catalog-images/L3258.png,,0
L3259,I160ΛΑΜΠΤΗΡΑΣ LED E27 8W 2700K AMBER GLASS NO DIMMABLE,5,,I160,ΦΩΤΑ,ΦΩΤΑ,https://cdn.jsdelivr.net/gh/adenadoume/erp-equipment-reservations@main/catalog-images/L3259.png,,0
L3260B,I162 ΣΠΟΤ ΟΡΟΦΗΣ ΕΞΩΤΕΡΙΚΟΥ ΧΩΡΟΥ 120Χ78ΜΜ ΜΕ GU10 5W IP65 ΘΕΡΜΟ,58,14,I162,ΦΩΤΑ,ΦΩΤΑ,https://cdn.jsdelivr.net/gh/adenadoume/erp-equipment-reservations@main/catalog-images/L3260B.png,,14
L3260W,I162 ΣΠΟΤ ΟΡΟΦΗΣ ΕΞΩΤΕΡΙΚΟΥ ΧΩΡΟΥ 120Χ78ΜΜ ΜΕ GU10 5W IP65 ΘΕΡΜΟ,58,3,I162,ΦΩΤΑ,ΦΩΤΑ,https://cdn.jsdelivr.net/gh/adenadoume/erp-equipment-reservations@main/catalog-images/L3260W.png,,3
L3261B,I162 ΣΠΟΤ ΟΡΟΦΗΣ ΕΞΩΤΕΡΙΚΟΥ ΧΩΡΟΥ 63Χ160ΜΜ 5W IP65 ΘΕΡΜΟ ΛΕΥΚΟ,42,,I162,ΦΩΤΑ,ΦΩΤΑ,https://cdn.jsdelivr.net/gh/adenadoume/erp-equipment-reservations@main/catalog-images/L3261B.png,,0
L3261W,I162 ΣΠΟΤ ΟΡΟΦΗΣ ΕΞΩΤΕΡΙΚΟΥ ΧΩΡΟΥ 63Χ160ΜΜ 5W IP65 ΘΕΡΜΟ ΛΕΥΚΟ,42,,I162,ΦΩΤΑ,ΦΩΤΑ,https://cdn.jsdelivr.net/gh/adenadoume/erp-equipment-reservations@main/catalog-images/L3261W.png,,0
L3262,I211 ΣΠΟΤ ΕΞΩΤΕΡΙΚΟΥ ΧΩΡΟΥ/ΚΗΠΟΥ IP65 ΜΕ ΛΑΜΠΑ LED 5W 3000K,45,499,I211,ΦΩΤΑ,ΦΩΤΑ,https://cdn.jsdelivr.net/gh/adenadoume/erp-equipment-reservations@main/catalog-images/L3262.png,,499
L3263W,I59 ΣΠΟΤ ΟΡΟΦΗΣ ΑΔΙΑΒΡΟΧΟ (ΟΠΗ 60MM),25,348,I59,ΦΩΤΑ,ΦΩΤΑ,https://cdn.jsdelivr.net/gh/adenadoume/erp-equipment-reservations@main/catalog-images/L3263W.png,,346
L3264,I59 ΣΠΟΤ ΟΡΟΦΗΣ (ΟΠΗ 60MM),0,30,I59,ΦΩΤΑ,ΦΩΤΑ,https://cdn.jsdelivr.net/gh/adenadoume/erp-equipment-reservations@main/catalog-images/L3264.png,,30
L3265.1B,I59 ΕΞΩΤΕΡΙΚΟ ΣΠΟΤ ΟΡΟΦΗΣ 5W 65Χ88MM IP65 ΘΕΡΜΟ ΛΕΥΚΟ,0,130,I59,ΦΩΤΑ,ΦΩΤΑ,https://cdn.jsdelivr.net/gh/adenadoume/erp-equipment-reservations@main/catalog-images/L3265.1B.png,,130
L3265.1W,I59 ΕΞΩΤΕΡΙΚΟ ΣΠΟΤ ΟΡΟΦΗΣ 5W 65Χ88MM IP65 ΘΕΡΜΟ ΛΕΥΚΟ,0,57,I59,ΦΩΤΑ,ΦΩΤΑ,https://cdn.jsdelivr.net/gh/adenadoume/erp-equipment-reservations@main/catalog-images/L3265.1W.png,,57
L3265.2B,I59 ΕΞΩΤΕΡΙΚΟ ΣΠΟΤ ΟΡΟΦΗΣ 5W 112X90MM IP65 ΘΕΡΜΟ ΛΕΥΚΟ,0,50,I59,ΦΩΤΑ,ΦΩΤΑ,https://cdn.jsdelivr.net/gh/adenadoume/erp-equipment-reservations@main/catalog-images/L3265.2B.png,,50
L3265.2W,I59 ΕΞΩΤΕΡΙΚΟ ΣΠΟΤ ΟΡΟΦΗΣ 5W 112X90MM IP65 ΘΕΡΜΟ ΛΕΥΚΟ,0,46,I59,ΦΩΤΑ,ΦΩΤΑ,https://cdn.jsdelivr.net/gh/adenadoume/erp-equipment-reservations@main/catalog-images/L3265.2W.png,,46
L3266B,I59 ΣΠΟΤ ΟΡΟΦΗΣ ΕΣΩΤΕΡΙΚΟΥ ΧΩΡΟΥ 5W 65Χ88MM ΘΕΡΜΟ ΛΕΥΚΟ,0,50,I59,ΦΩΤΑ,ΦΩΤΑ,https://cdn.jsdelivr.net/gh/adenadoume/erp-equipment-reservations@main/catalog-images/L3266B.png,,50
L3266W,I59 ΣΠΟΤ ΟΡΟΦΗΣ ΕΣΩΤΕΡΙΚΟΥ ΧΩΡΟΥ 5W 65Χ88MM ΘΕΡΜΟ ΛΕΥΚΟ,0,47,I59,ΦΩΤΑ,ΦΩΤΑ,https://cdn.jsdelivr.net/gh/adenadoume/erp-equipment-reservations@main/catalog-images/L3266W.png,,47
L3267W,I59 ΣΠΟΤ ΟΡΟΦΗΣ ΕΣΩΤΕΡΙΚΟΥ ΧΩΡΟΥ 7W 65X75MM IP44 ΘΕΡΜΟ ΛΕΥΚΟ,0,29,I59,ΦΩΤΑ,ΦΩΤΑ,https://cdn.jsdelivr.net/gh/adenadoume/erp-equipment-reservations@main/catalog-images/L3267W.png,,29
L3268,I59 ΠΡΟΒΟΛΕΑΣ 20W 20X19.5X27CM ΔΕΣΜΗ: 120ο ΜΠΑΤΑΡΙΑ: 18650 13200MA ΧΡΟΝΟΣ ΛΕΙΤΟΥΡΓΙΑΣ: 3 ΩΡΕΣ ΧΡΟΝΟΣ ΦΟΡΤΙΣΗΣ: 5-6 ΩΡΕΣ IP65,0,17,I59,ΦΩΤΑ,ΦΩΤΑ,https://cdn.jsdelivr.net/gh/adenadoume/erp-equipment-reservations@main/catalog-images/L3268.png,,17
L3269W,I59 ΕΞΩΤΕΡΙΚΗ ΧΩΝΕΥΤΗ ΑΠΛΙΚΑ 2W 105Χ60MM IP66 ΘΕΡΜΟ ΛΕΥΚΟ,0,11,I59,ΦΩΤΑ,ΦΩΤΑ,https://cdn.jsdelivr.net/gh/adenadoume/erp-equipment-reservations@main/catalog-images/L3269W.png,,9
L3270W,I59 ΕΞΩΤΕΡΙΚΗ ΧΩΝΕΥΤΗ ΑΠΛΙΚΑ 5W 210Χ60MM IP66 ΘΕΡΜΟ ΛΕΥΚΟ 5W,0,250,I59,ΦΩΤΑ,ΦΩΤΑ,https://cdn.jsdelivr.net/gh/adenadoume/erp-equipment-reservations@main/catalog-images/L3270W.png,,248
L3271W,"I59 SOLAR LIGHT ΑΛΟΥΜΙΝΙΟΥ 100W IP65"" ΨΥΧΡΟ ΛΕΥΚΟ",0,,I59,ΦΩΤΑ,ΦΩΤΑ,https://cdn.jsdelivr.net/gh/adenadoume/erp-equipment-reservations@main/catalog-images/L3271W.png,,0
L3272.1W,I59 ΠΡΟΒΟΛΕΑΣ ΕΞΩΤΕΡΙΚΟΥ ΧΩΡΟΥ 10W IP65,0,,I59,ΦΩΤΑ,ΦΩΤΑ,https://cdn.jsdelivr.net/gh/adenadoume/erp-equipment-reservations@main/catalog-images/L3272.1W.png,,0
L3272.2W,I59 ΠΡΟΒΟΛΕΑΣ ΕΞΩΤΕΡΙΚΟΥ ΧΩΡΟΥ 20W IP65,0,,I59,ΦΩΤΑ,ΦΩΤΑ,https://cdn.jsdelivr.net/gh/adenadoume/erp-equipment-reservations@main/catalog-images/L3272.2W.png,,0
L3272.3W,I59 ΠΡΟΒΟΛΕΑΣ ΕΞΩΤΕΡΙΚΟΥ ΧΩΡΟΥ 50W IP65,0,,I59,ΦΩΤΑ,ΦΩΤΑ,https://cdn.jsdelivr.net/gh/adenadoume/erp-equipment-reservations@main/catalog-images/L3272.3W.png,,0
L3273B,I59 SOLAR LIGHT ΚΗΠΟΥ 4W ΜΕ ΚΑΡΦΙ 280Χ330ΜΜ IP65 ΘΕΡΜΟ ΛΕΥΚΟ,0,474,I59,ΦΩΤΑ,ΦΩΤΑ,https://cdn.jsdelivr.net/gh/adenadoume/erp-equipment-reservations@main/catalog-images/L3273B.png,,474
L3274,I59 ΗΛΙΑΚΟΣ ΠΡΟΒΟΛΕΑΣ ΑΛΟΥΜΙΝΙΟΥ 360Χ400Χ17ΜM 15W IP65,0,,I59,ΦΩΤΑ,ΦΩΤΑ,https://cdn.jsdelivr.net/gh/adenadoume/erp-equipment-reservations@main/catalog-images/L3274.png,,0
L3275,I59 ΗΛΙΑΚΟΣ ΠΡΟΒΟΛΕΑΣ 200Χ390Χ54ΜΜ 20W IP65 ΕΥΡΟΣ ΦΩΤΙΣΜΟΥ 20Μ2/3-4Μ ΥΨΟΣ,0,,I59,ΦΩΤΑ,ΦΩΤΑ,https://cdn.jsdelivr.net/gh/adenadoume/erp-equipment-reservations@main/catalog-images/L3275.png,,0
L3276,I59 ΣΤΗΛΗ ΣΤΗΡΙΞΗΣ ΜΗΚΟΥΣ 50CM ME ΣΥΝΔΕΣΜΟΥΣ,0,,I59,ΦΩΤΑ,ΦΩΤΑ,https://cdn.jsdelivr.net/gh/adenadoume/erp-equipment-reservations@main/catalog-images/L3276.png,,0
L3277,I59 ΗΛΙΑΚΟΣ ΠΡΟΒΟΛΕΑΣ ΑΛΟΥΜΙΝΙΟΥ 500Χ210Χ90ΜM 10W IP65 ΕΥΡΟΣ ΦΩΤΙΣΜΟΥ 120Μ2/4-6Μ ΥΨΟΣ,0,,I59,ΦΩΤΑ,ΦΩΤΑ,https://cdn.jsdelivr.net/gh/adenadoume/erp-equipment-reservations@main/catalog-images/L3277.png,,0
L3278,I59 ΣΤΗΛΗ ΣΤΗΡΙΞΗΣ ΜΗΚΟΥΣ 50CM ME ΣΥΝΔΕΣΜΟΥΣ,0,,I59,ΦΩΤΑ,ΦΩΤΑ,https://cdn.jsdelivr.net/gh/adenadoume/erp-equipment-reservations@main/catalog-images/L3278.png,,0
L3279W,I59 ΑΠΛΙΚΑ ΕΠΙΤΟΙΧΙΑ ΕΞΩΤΕΡΙΚΟΥ ΧΩΡΟΥ 5W DOWN LIGHT65X82X150MM IP65 ΘΕΡΜΟ ΛΕΥΚΟ,0,31,I59,ΦΩΤΑ,ΦΩΤΑ,https://cdn.jsdelivr.net/gh/adenadoume/erp-equipment-reservations@main/catalog-images/L3279W.png,,27
L3280B,I59 ΑΠΛΙΚΑ ΕΠΙΤΟΙΧΙΑ ΕΞΩΤΕΡΙΚΟΥ ΧΩΡΟΥ 5W UP AND DOWN LIGHT100X100X80MM IP65 ΘΕΡΜΟ ΛΕΥΚΟ,35,67,I59,ΦΩΤΑ,ΦΩΤΑ,https://cdn.jsdelivr.net/gh/adenadoume/erp-equipment-reservations@main/catalog-images/L3280B.png,,67
L3280W,I59 ΑΠΛΙΚΑ ΕΠΙΤΟΙΧΙΑ ΕΞΩΤΕΡΙΚΟΥ ΧΩΡΟΥ 5W UP AND DOWN LIGHT100X100X80MM IP65 ΘΕΡΜΟ ΛΕΥΚΟ,35,77,I59,ΦΩΤΑ,ΦΩΤΑ,https://cdn.jsdelivr.net/gh/adenadoume/erp-equipment-reservations@main/catalog-images/L3280W.png,,77
L3281B,I59 ΑΠΛΙΚΑ ΤΟΙΧΟΥ ΕΣΩΤΕΡΙΚΟΥ ΧΩΡΟΥ ΕΝΤΟΙΧΙΣΜΕΝΗ 170Χ70Χ35 IP44 ΘΕΡΜΟ ΛΕΥΚΟ,70,37,I59,ΦΩΤΑ,ΦΩΤΑ,https://cdn.jsdelivr.net/gh/adenadoume/erp-equipment-reservations@main/catalog-images/L3281B.png,,37
L3282B,I59 ΑΠΛΙΚΑ ΤΟΙΧΟΥ ΕΣΩΤΕΡΙΚΟΥ ΧΩΡΟΥ 240Χ85ΜΜ IP44 ΘΕΡΜΟ ΛΕΥΚΟ,0,13,I59,ΦΩΤΑ,ΦΩΤΑ,https://cdn.jsdelivr.net/gh/adenadoume/erp-equipment-reservations@main/catalog-images/L3282B.png,,13
L3283W,I59 ΑΠΛΙΚΑ ΤΟΙΧΟΥ ΕΣΩΤΕΡΙΚΟΥ ΧΩΡΟΥ 240Χ85ΜΜ IP44 ΘΕΡΜΟ ΛΕΥΚΟ,0,17,I59,ΦΩΤΑ,ΦΩΤΑ,https://cdn.jsdelivr.net/gh/adenadoume/erp-equipment-reservations@main/catalog-images/L3283W.png,,17
L3284B,I59 ΑΠΛΙΚΑ ΤΟΙΧΟΥ ΕΣΩΤΕΡΙΚΟΥ ΧΩΡΟΥ 6W UP AND DOWN LIGHT 80X60X35MM IP44 ΘΕΡΜΟ ΛΕΥΚΟ,0,34,I59,ΦΩΤΑ,ΦΩΤΑ,https://cdn.jsdelivr.net/gh/adenadoume/erp-equipment-reservations@main/catalog-images/L3284B.png,,34
L3285B,I59 ΑΠΛΙΚΑ ΤΟΙΧΟΥ ΕΣΩΤΕΡΙΚΟΥ ΧΩΡΟΥ 5W 150X150X50MM IP44 ΘΕΡΜΟ ΛΕΥΚΟ,0,47,I59,ΦΩΤΑ,ΦΩΤΑ,https://cdn.jsdelivr.net/gh/adenadoume/erp-equipment-reservations@main/catalog-images/L3285B.png,,47
L3286G,I162 ΑΠΛΙΚΑ ΕΠΙΤΟΙΧΙΑ ΕΞΩΤΕΡΙΚΟΥ ΧΩΡΟΥ 150ΜΜ 10W IP65 ΘΕΡΜΟ ΛΕΥΚΟ,35,109,I162,ΦΩΤΑ,ΦΩΤΑ,https://cdn.jsdelivr.net/gh/adenadoume/erp-equipment-reservations@main/catalog-images/L3286G.png,,109
L3286W,I162 ΑΠΛΙΚΑ ΕΠΙΤΟΙΧΙΑ ΕΞΩΤΕΡΙΚΟΥ ΧΩΡΟΥ 150ΜΜ 10W IP65 ΘΕΡΜΟ ΛΕΥΚΟ,35,63,I162,ΦΩΤΑ,ΦΩΤΑ,https://cdn.jsdelivr.net/gh/adenadoume/erp-equipment-reservations@main/catalog-images/L3286W.png,,63
L3287,I160 ΛΑΜΠΤΗΡΑΣ EDISON E27 40W 2200K DIMMABLE AMBER GLASS,1,1283,I160,ΦΩΤΑ,ΦΩΤΑ,https://cdn.jsdelivr.net/gh/adenadoume/erp-equipment-reservations@main/catalog-images/L3287.png,,1281
L3288,I160 ΛΑΜΠΤΗΡΑΣ EDISON E27 40W 2200K DIMMABLE AMBER GLASS,0,820,I160,ΦΩΤΑ,ΦΩΤΑ,https://cdn.jsdelivr.net/gh/adenadoume/erp-equipment-reservations@main/catalog-images/L3288.png,,820
L3289W,I191 ΑΠΛΙΚΑ ΕΠΙΤΟΙΧΙΑ ΕΞΩΤΕΡΙΚΟΥ ΧΩΡΟΥ 230Χ80Χ27ΜΜ 1.8W 3000K IP65,25,-2,I191,ΦΩΤΑ,ΦΩΤΑ,https://cdn.jsdelivr.net/gh/adenadoume/erp-equipment-reservations@main/catalog-images/L3289W.png,,-15
L3290.1,I182 ΠΡΟΦΙΛ ΑΛΟΥΜΙΝΙΟΥ LED ΤΑΙΝΙΑΣ 20Χ23ΜΜ ΜΕ ΚΑΛΥΜΜΑ 1000ΜΜ,0,,I182,ΦΩΤΑ,ΦΩΤΑ,https://cdn.jsdelivr.net/gh/adenadoume/erp-equipment-reservations@main/catalog-images/L3290.1.png,,0
L3290.2,I182 ΠΡΟΦΙΛ ΑΛΟΥΜΙΝΙΟΥ LED ΤΑΙΝΙΑΣ 20Χ23ΜΜ ΜΕ ΚΑΛΥΜΜΑ 2000ΜΜ,2,,I182,ΦΩΤΑ,ΦΩΤΑ,https://cdn.jsdelivr.net/gh/adenadoume/erp-equipment-reservations@main/catalog-images/L3290.2.png,,0
L3291B,I162 ΑΠΛΙΚΑ ΕΠΙΤΟΙΧΙΑ ΕΞΩΤΕΡΙΚΟΥ ΧΩΡΟΥ 10W UP AND DOWN LIGHT100X100X100MM IP65 ΘΕΡΜΟ ΛΕΥΚΟ,0,162,I162,ΦΩΤΑ,ΦΩΤΑ,https://cdn.jsdelivr.net/gh/adenadoume/erp-equipment-reservations@main/catalog-images/L3291B.png,,162
L3291W,I162 ΑΠΛΙΚΑ ΕΠΙΤΟΙΧΙΑ ΕΞΩΤΕΡΙΚΟΥ ΧΩΡΟΥ 10W UP AND DOWN LIGHT100X100X100MM IP65 ΘΕΡΜΟ ΛΕΥΚΟ,0,71,I162,ΦΩΤΑ,ΦΩΤΑ,https://cdn.jsdelivr.net/gh/adenadoume/erp-equipment-reservations@main/catalog-images/L3291W.png,,71
L3299W,"I59 OUTDOOR LED WALL LIGHT with ajustable angle 
Aluminum Alloy 3.5w gu10 led spotlight inside IP65",65,-2,I59,ΦΩΤΑ,ΦΩΤΑ,https://cdn.jsdelivr.net/gh/adenadoume/erp-equipment-reservations@main/catalog-images/L3299W.jpg,,-10
TL033.1,B169 POOL STONE 20x2x40,110,50,B169,TILES,TILES,https://cdn.jsdelivr.net/gh/adenadoume/erp-equipment-reservations@main/catalog-images/TL033.1.png,,50
TL033.2,B169 POOL STONE 20x2x45,130,,B169,TILES,TILES,https://cdn.jsdelivr.net/gh/adenadoume/erp-equipment-reservations@main/catalog-images/TL033.2.png,,0
TL033.3,B169 STEP WALK RIVER STONE 60x30x2,50,193,B169,TILES,TILES,https://cdn.jsdelivr.net/gh/adenadoume/erp-equipment-reservations@main/catalog-images/TL033.3.png,,193
Z90NA1,D199 3M SCOTCHCAST ΜΟΥΦΑ 470W 1,0,2,D199,ΗΛΕΚΤΡΟΛΟΓΙΚΑ,ΗΛΕΚΤΡΟΛΟΓΙΚΑ,,,2
Z90NA2,D199 3M SCOTCHCAST ΜΟΥΦΑ 470W 2,0,5,D199,ΗΛΕΚΤΡΟΛΟΓΙΚΑ,ΗΛΕΚΤΡΟΛΟΓΙΚΑ,,,5
Z092016,D208 ΠΙΝΑΚΙΔΑ ΑΛΟΥΜΙΝΙΟΥ 30Χ40cm,0,,D208,ΧΩΡΟΣΗΜΑΝΣΗ,ΧΩΡΟΣΗΜΑΝΣΗ,,,0
ZAG001,I196 Mixer Angle Grinder,50,4,I196,ΕΡΓΑΛΕΙΑ,ΕΡΓΑΛΕΙΑ,https://cdn.jsdelivr.net/gh/adenadoume/erp-equipment-reservations@main/catalog-images/ZAG001.png,,4
ZALUMIN001,D205 ΣΠΙΡΑΛΟΥΜΙΝΙΟ Φ120,7,8,D205,ΣΙΔΗΡΙΚΑ,ΑΡΑΒΑΝΗΣ,,,8
ZALUMIN002,D205 ΣΠΙΡΑΛΟΥΜΙΝΙΟ Φ125,8,12,D205,ΣΙΔΗΡΙΚΑ,ΑΡΑΒΑΝΗΣ,,,11
ZALUMIN003,D205 ΣΠΙΡΑΛΟΥΜΙΝΙΟ Φ100,8,-6,D205,ΣΙΔΗΡΙΚΑ,ΑΡΑΒΑΝΗΣ,,,-9
ZALUMIN004,D205 ΣΧΑΡΕΣ ΓΑΛΒΑΝΙΖΕ 100Χ30,0,20,D205,ΣΙΔΗΡΙΚΑ,ΑΡΑΒΑΝΗΣ,,,20
ZALUMIN004.1,D205 ΣΧΑΡΕΣ ΓΑΛΒΑΝΙΖΕ 100Χ15,0,11,D205,ΣΙΔΗΡΙΚΑ,,,,8
ZALUMIN004.2,D205 ΣΧΑΡΕΣ ΓΑΛΒΑΝΙΖΕ 100Χ15,0,40,D205,ΣΙΔΗΡΙΚΑ,ΑΡΑΒΑΝΗΣ,,,40
ZALUMIN005,D205 ΛΑΜΑ 40Χ10,26,60,D205,ΣΙΔΗΡΙΚΑ,ΑΡΑΒΑΝΗΣ,,,60
ZALUMIN006,D205 ΣΧΑΡΑ ΚΑΝΑΛΙΩΝ ΜΕ ΠΛΑΙΣΙΟ 150Χ1003,31,,D205,ΣΙΔΗΡΙΚΑ,ΑΡΑΒΑΝΗΣ,,,0
ZALUMIN007,D205 ΚΟΙΛΟΔΟΚΟΙ 40Χ20Χ2Χ6,14,51,D205,ΣΙΔΗΡΙΚΑ,ΑΡΑΒΑΝΗΣ,,,51
ZALUMIN008,D205 ΚΑΛΑΠ 6Χ6Χ8 ΜΑΥΡΗ,1,174,D205,ΣΙΔΗΡΙΚΑ,ΑΡΑΒΑΝΗΣ,,,174
ZALUMIN009,D205 ΚΟΙΛΟΔΟΚΟΣ 60Χ40Χ2Χ6,24,96,D205,ΣΙΔΗΡΙΚΑ,ΑΡΑΒΑΝΗΣ,,,96
ZALUMIN010,D205 ΣΩΜΑ ΗΛΕΚΤΡΟΚΟΛΛΗΣΗΣ 400Α,10,,D205,ΣΙΔΗΡΙΚΑ,ΑΡΑΒΑΝΗΣ,,,0
ZALUMIN011,D205 ΑΚΡΟ ΗΛΕΚΤΡΟΔΙΟΥ,8,,D205,ΣΙΔΗΡΙΚΑ,ΑΡΑΒΑΝΗΣ,,,0
ZALUMIN012,D205 ΚΑΜΙΝΑΔΑ ΜΟΝΩΜΕΝΗ Φ150-Φ200,43,,D205,ΣΙΔΗΡΙΚΑ,ΑΡΑΒΑΝΗΣ,,,0
ZALUMIN013,D205 ΠΛΑΣΤΙΚΗ ΤΑΠΑ 40Χ20,0,,D205,ΣΙΔΗΡΙΚΑ,ΑΡΑΒΑΝΗΣ,,,0
ZALUMIN014,D205 ΑΕΡΑΓΩΓΟΣ ΑΛΟΥΜ ΒΤ Φ125,3,,D205,ΣΙΔΗΡΙΚΑ,ΑΡΑΒΑΝΗΣ,,,0
ZALUMIN015,D205 ΛΑΜΑΡΙΝΑ ΚΥΜΑΤΟΕΙΔΗ 4ΜΧ0.82ΜΧ0.35Μ,21,,D205,ΣΙΔΗΡΙΚΑ,ΑΡΑΒΑΝΗΣ,,,0
ZALUMIN016,D205 ΑΕΡΑΓΩΓΟΙ ΑΛΟΥΜΙΝΙΟΥ Φ100,2,,D205,ΣΙΔΗΡΙΚΑ,ΑΡΑΒΑΝΗΣ,,,0
ZALUMIN025,D205  ΤΡΑΝΤΖΑΡΙΣΤΟ 60Χ40 ΓΑΛΒΑΝΙΖΕ,0,48,D205,ΣΙΔΗΡΙΚΑ,ΑΡΑΒΑΝΗΣ,,,48
ZALUMIN026,D205 ΣΤΡΑΝΤΖΑΡΙΣΤΟ 40Χ20 ΓΑΛΒΑΝΙΖΕ,0,40,D205,ΣΙΔΗΡΙΚΑ,ΑΡΑΒΑΝΗΣ,,,40
ZALUMIN027,D205 ΣΤΡΟΓΓΥΛΟ 235JR D010 6M,5,,D205,ΣΙΔΗΡΙΚΑ,ΑΡΑΒΑΝΗΣ,,,0
ZAM67PWU,D198 ΠΡΙΖΑ ΤΡΟΦΟΔΟΣΙΑΣ USB,0,,D198,ΗΛΕΚΤΡΟΛΟΓΙΚΑ,ΗΛΕΚΤΡΟΛΟΓΙΚΑ,,,0
ZAM68SBU,D198 ΠΡΙΖΑ ΤΡΟΦΟΔΟΣΙΑΣ USB,0,,D198,ΗΛΕΚΤΡΟΛΟΓΙΚΑ,ΗΛΕΚΤΡΟΛΟΓΙΚΑ,,,0
ZAQ20PWU,D198 ΚΟΥΤΙ COMBO,4,34,D198,ΗΛΕΚΤΡΟΛΟΓΙΚΑ,ΗΛΕΚΤΡΟΛΟΓΙΚΑ,,,34
ZAQ21PWU,D198 ΚΟΥΤΙ COMBO,0,92,D198,ΗΛΕΚΤΡΟΛΟΓΙΚΑ,ΗΛΕΚΤΡΟΛΟΓΙΚΑ,,,92
ZAQ22PWU,D198 ΚΟΥΤΙ COMBO,0,16,D198,ΗΛΕΚΤΡΟΛΟΓΙΚΑ,ΗΛΕΚΤΡΟΛΟΓΙΚΑ,,,16
ZAQ30PWU,D198 ΚΟΥΤΙ COMBO,0,50,D198,ΗΛΕΚΤΡΟΛΟΓΙΚΑ,ΗΛΕΚΤΡΟΛΟΓΙΚΑ,,,50
ZAQ31PWU,D198 ΚΟΥΤΙ COMBO,0,66,D198,ΗΛΕΚΤΡΟΛΟΓΙΚΑ,ΗΛΕΚΤΡΟΛΟΓΙΚΑ,,,66
ZAQHM70-P,D198 ΚΟΥΤΙ ΓΥΨΟΣΑΝΙΔΑΣ ΗΜ70-P,3,-80,D198,ΗΛΕΚΤΡΟΛΟΓΙΚΑ,ΗΛΕΚΤΡΟΛΟΓΙΚΑ,,,-80
ZARMOS03GREY,D201 ΑΡΜΟΣΤΟΚΟΣ ISOMAT MULTIFILL ΑΠΛΟΣ 5kg,0,,D201,ΧΡΩΜΑΤΑ,ΣΚΙΑΔΑΣ ΛΕΥΚΑΔΑ,,,0
ZARMOS04GREYBLUE,D201 ΑΡΜΟΣΤΟΚΟΣ ISOMAT MULTIFILL ΑΠΛΟΣ 5kg,8,-5,D201,ΧΡΩΜΑΤΑ,ΣΚΙΑΔΑΣ ΛΕΥΚΑΔΑ,,,-9
ZARMOS05LIGHTGREY,D201 ΑΡΜΟΣΤΟΚΟΣ ISOMAT MULTIFILL ΑΠΛΟΣ 2kg,0,15,D201,ΧΡΩΜΑΤΑ,ΣΚΙΑΔΑΣ ΛΕΥΚΑΔΑ,,,15
ZARMOS08BROWN,D201 ΑΡΜΟΣΤΟΚΟΣ ISOMAT MULTIFILL ΑΠΛΟΣ 5kg,0,,D201,ΧΡΩΜΑΤΑ,ΣΚΙΑΔΑΣ ΛΕΥΚΑΔΑ,,,0
ZARMOS10DARKGREY,D201 ΑΡΜΟΣΤΟΚΟΣ ISOMAT MULTIFILL ΑΠΛΟΣ 5kg,0,10,D201,ΧΡΩΜΑΤΑ,ΣΚΙΑΔΑΣ ΛΕΥΚΑΔΑ,,,10
ZARMOS11IVORY,D201 ΑΡΜΟΣΤΟΚΟΣ ISOMAT MULTIFILL ΑΠΛΟΣ 5kg,0,-2,D201,ΧΡΩΜΑΤΑ,ΣΚΙΑΔΑΣ ΛΕΥΚΑΔΑ,,,-3
ZARMOS15MANHTGREY,D201 ΑΡΜΟΣΤΟΚΟΣ ISOMAT MULTIFILL ΑΠΛΟΣ 5kg,0,10,D201,ΧΡΩΜΑΤΑ,ΣΚΙΑΔΑΣ ΛΕΥΚΑΔΑ,,,10
ZARMOS17ANEMO,D201 ΑΡΜΟΣΤΟΚΟΣ ISOMAT MULTIFILL ΑΠΛΟΣ 5kg,0,4,D201,ΧΡΩΜΑΤΑ,ΣΚΙΑΔΑΣ ΛΕΥΚΑΔΑ,,,4
ZARMOS29GREYSILVER,D201 ΑΡΜΟΣΤΟΚΟΣ ISOMAT MULTIFILL ΑΠΛΟΣ 5kg,0,,D201,ΧΡΩΜΑΤΑ,ΣΚΙΑΔΑΣ ΛΕΥΚΑΔΑ,,,-2
ZARMOS30GREYCEMENT,D201 ΑΡΜΟΣΤΟΚΟΣ ISOMAT MULTIFILL ΑΠΛΟΣ 5kg,0,60,D201,ΧΡΩΜΑΤΑ,ΣΚΙΑΔΑΣ ΛΕΥΚΑΔΑ,,,58
ZARMOSNo02GRGLUCE,D200 ΑΡΜΟΣΤΟΚΟΣ ΠΛΑΚΙΔΙΩΝ KERAKOLL 5kg,0,9,D200,ΧΡΩΜΑΤΑ,ΜΠΟΤΣΙΟΣ,,,9
ZARMOSNo03GRIGPERLA,D200 ΑΡΜΟΣΤΟΚΟΣ ΠΛΑΚΙΔΙΩΝ KERAKOLL 5kg,0,6,D200,ΧΡΩΜΑΤΑ,ΜΠΟΤΣΙΟΣ,,,6
ZARMOSNo04GRIGFERRO,D200 ΑΡΜΟΣΤΟΚΟΣ ΠΛΑΚΙΔΙΩΝ KERAKOLL 5kg,0,4,D200,ΧΡΩΜΑΤΑ,ΜΠΟΤΣΙΟΣ,,,4
ZARMOSNo05ANTRACITE,D200 ΑΡΜΟΣΤΟΚΟΣ ΠΛΑΚΙΔΙΩΝ KERAKOLL 5kg,0,4,D200,ΧΡΩΜΑΤΑ,ΜΠΟΤΣΙΟΣ,,,4
ZARMOSNo07JASMIN,D200 ΑΡΜΟΣΤΟΚΟΣ ΠΛΑΚΙΔΙΩΝ KERAKOLL 5kg,0,3,D200,ΧΡΩΜΑΤΑ,ΜΠΟΤΣΙΟΣ,,,3
ZARMOSNo08BAHAMABEIGE,D200 ΑΡΜΟΣΤΟΚΟΣ ΠΛΑΚΙΔΙΩΝ KERAKOLL 5kg,0,1,D200,ΧΡΩΜΑΤΑ,ΜΠΟΤΣΙΟΣ,,,1
ZARMOSNo44CEMENTO,D200 ΑΡΜΟΣΤΟΚΟΣ ΠΛΑΚΙΔΙΩΝ KERAKOLL 5kg,0,4,D200,ΧΡΩΜΑΤΑ,ΜΠΟΤΣΙΟΣ,,,4
ZARMOSNo45LIMESTONE,D200 ΑΡΜΟΣΤΟΚΟΣ ΠΛΑΚΙΔΙΩΝ KERAKOLL 5kg,0,4,D200,ΧΡΩΜΑΤΑ,ΜΠΟΤΣΙΟΣ,,,4
ZARMOSNo46AVORIO,D200 ΑΡΜΟΣΤΟΚΟΣ ΠΛΑΚΙΔΙΩΝ KERAKOLL 5kg,0,3,D200,ΧΡΩΜΑΤΑ,ΜΠΟΤΣΙΟΣ,,,3
ZARMOSNo50PERGAMON,D200 ΑΡΜΟΣΤΟΚΟΣ ΠΛΑΚΙΔΙΩΝ KERAKOLL 5kg,0,4,D200,ΧΡΩΜΑΤΑ,ΜΠΟΤΣΙΟΣ,,,4
ZARMOSNo51SILVER,D200 ΑΡΜΟΣΤΟΚΟΣ ΠΛΑΚΙΔΙΩΝ KERAKOLL 5kg,0,9,D200,ΧΡΩΜΑΤΑ,ΜΠΟΤΣΙΟΣ,,,9
ZARMOSNo52TORTORA,D200 ΑΡΜΟΣΤΟΚΟΣ ΠΛΑΚΙΔΙΩΝ KERAKOLL 5kg,0,1,D200,ΧΡΩΜΑΤΑ,ΜΠΟΤΣΙΟΣ,,,1
ZBD,I153 ΚΟΥΔΟΥΝΙ ΕΝΟΣ ΗΧΟΥ 220V,0,18,I153,ΗΛΕΚΤΡΟΜΗΧ/ΚΟΣ ΕΞΟΠΛΙΣΜΟΣ,ΗΛΕΚΤΡΟΜΗΧ/ΚΟΣ ΕΞΟΠΛΙΣΜΟΣ,https://cdn.jsdelivr.net/gh/adenadoume/erp-equipment-reservations@main/catalog-images/ZBD.png,,18
ZC03A,D208 ΑΥΤΟΚΟΛΗΤΑ ΣΗΜΑΝΣΗΣ 500Χ700mm,0,19,D208,ΧΩΡΟΣΗΜΑΝΣΗ,ΧΩΡΟΣΗΜΑΝΣΗ,,,18
ZCD001,"I196 ΔΙΣΚΟΣ ΚΟΠΗΣ 125Χ1,2Χ22,2",1,1373,I196,ΕΡΓΑΛΕΙΑ,ΕΡΓΑΛΕΙΑ,https://cdn.jsdelivr.net/gh/adenadoume/erp-equipment-reservations@main/catalog-images/ZCD001.png,,1373
ZCD002,I196 1200W ΤΡΟΧΟΣ,1,406,I196,ΕΡΓΑΛΕΙΑ,ΕΡΓΑΛΕΙΑ,https://cdn.jsdelivr.net/gh/adenadoume/erp-equipment-reservations@main/catalog-images/ZCD002.png,,143
ZCHR001,"D201 ΒΕΡΝΙΚΙ ΕΜΠΟΤΙΣΜΟΥ ΔΙΑΛΥΤΟΥ DECOR
  750ml",0,31,D201,ΧΡΩΜΑΤΑ,ΣΚΙΑΔΑΣ ΛΕΥΚΑΔΑ,,,23
ZCHR002,D201 ΒΕΡΝΙΚΙ ΕΜΠΟΤΙΣΜΟΥ ΠΕΤΡΑΣ DELAC 750ml,0,9,D201,ΧΡΩΜΑΤΑ,ΣΚΙΑΔΑΣ ΛΕΥΚΑΔΑ,,,9
ZCHR003,D201 ISOMAT ΑΡΜΟΣΤΟΚΟΣ ΑΠΛΟΣ #17 2kg,0,9,D201,ΧΡΩΜΑΤΑ,ΣΚΙΑΔΑΣ ΛΕΥΚΑΔΑ,,,9
ZCHR004,D201 ISOMAT ΑΡΜΟΣΤΟΚΟΣ ΑΠΛΟΣ #03 2kg,0,8,D201,ΧΡΩΜΑΤΑ,ΣΚΙΑΔΑΣ ΛΕΥΚΑΔΑ,,,8
ZCHR005,D201 ISOMAT ΑΡΜΟΣΤΟΚΟΣ ΑΠΛΟΣ #01 5kg,0,1,D201,ΧΡΩΜΑΤΑ,ΣΚΙΑΔΑΣ ΛΕΥΚΑΔΑ,,,1
ZCHR006,D201 WHITE SPIRIT KRAFT 750ml,0,17,D201,ΧΡΩΜΑΤΑ,ΣΚΙΑΔΑΣ ΛΕΥΚΑΔΑ,,,17
ZCHR007,D201 ΑΦΡΟΣΤΟΚΟΣ DUROSTICK 2.5L,0,3,D201,ΧΡΩΜΑΤΑ,ΣΚΙΑΔΑΣ ΛΕΥΚΑΔΑ,,,2
ZCHR008,D201 ΑΦΡΟΣΤΟΚΟΣ DUROSTICK 1L,0,3,D201,ΧΡΩΜΑΤΑ,ΣΚΙΑΔΑΣ ΛΕΥΚΑΔΑ,,,0
ZCHR009,D201 ΑΦΡΟΣΤΟΚΟΣ DUROSTICK 0.5L,0,5,D201,ΧΡΩΜΑΤΑ,ΣΚΙΑΔΑΣ ΛΕΥΚΑΔΑ,,,4
ZCHR010,D201 DUROSTIK ΙΝΕΣ 900gr,0,8,D201,ΧΡΩΜΑΤΑ,ΣΚΙΑΔΑΣ ΛΕΥΚΑΔΑ,,,0
ZCHR011,D203 ΧΑΛΑΖΙΟ ΑΣΤΑΡΙ ISOMIX 15Lt,0,8,D203,ΧΡΩΜΑΤΑ,ΓΚΕΣΟΥΛΗΣ,,,-4
ZCHR012,D203 ΧΑΛΑΖΙΟ ΑΣΤΑΡΙ MARMOLIN 5Lt,0,4,D203,ΧΡΩΜΑΤΑ,ΓΚΕΣΟΥΛΗΣ,,,1
ZCHR013,D203 PENETRON 25kg,0,24,D203,ΧΡΩΜΑΤΑ,ΓΚΕΣΟΥΛΗΣ,,,24
ZCHR014,"D203 PENETRON MORTAR 22,700kg",0,12,D203,ΧΡΩΜΑΤΑ,ΓΚΕΣΟΥΛΗΣ,,,12
ZCHR015,D203 PENETRON ADMIX 18kg,0,13,D203,ΧΡΩΜΑΤΑ,ΓΚΕΣΟΥΛΗΣ,,,8
ZCHR016,"D203 PENETRON SEAL COAT 22,700kg",0,8,D203,ΧΡΩΜΑΤΑ,ΓΚΕΣΟΥΛΗΣ,,,-10
ZCHR017,D203 PENETRON ELASTIC 12kg,0,3,D203,ΧΡΩΜΑΤΑ,ΓΚΕΣΟΥΛΗΣ,,,-14
ZCHR018,D203 PENETRON LATEX 20kg,0,13,D203,ΧΡΩΜΑΤΑ,ΓΚΕΣΟΥΛΗΣ,,,13
ZCHR019,D202 ΒΕΡΝΙΚΙ BONDEX TEAK 729 750ml,0,10,D202,ΧΡΩΜΑΤΑ,ΣΚΙΑΔΑΣ ΑΓΡΙΝΙΟ,,,8
ZCHR020,D203 VIVECHROME ELASTIC 240-30YR 10Lt,0,13,D203,ΧΡΩΜΑΤΑ,ΓΚΕΣΟΥΛΗΣ,,,13
ZCHR021,D203 VIVECHROME ELASTIC 900-20Y 10Lt,0,9,D203,ΧΡΩΜΑΤΑ,ΓΚΕΣΟΥΛΗΣ,,,6
ZCHR022,D203 VIVECHROME ELASTIC CL85 10Lt,0,-13,D203,ΧΡΩΜΑΤΑ,ΓΚΕΣΟΥΛΗΣ,,,-20
ZCHR023,D203 VIVECHROME NEOPAL ΛΕΥΚΟ 10Lt,0,3,D203,ΧΡΩΜΑΤΑ,ΓΚΕΣΟΥΛΗΣ,,,3
ZCHR024,D203 VIVECHROME ELASTIC 9000 10Lt,0,2,D203,ΧΡΩΜΑΤΑ,ΓΚΕΣΟΥΛΗΣ,,,2
ZCHR025,D202 VITEX ELASTIC ΛΕΥΚΟ 10Lt,0,4,D202,ΧΡΩΜΑΤΑ,ΣΚΙΑΔΑΣ ΑΓΡΙΝΙΟ,,,4
ZCHR026,D203 ISOMAT PRIMER ΘΕΡΜΟΠΡΟΣΩΨΗ ΛΕΥΚΟ 3Lt,0,8,D203,ΧΡΩΜΑΤΑ,ΓΚΕΣΟΥΛΗΣ,,,8
ZCHR027,"D203 ΒΕΛΑΤΟΥΡΑ ΝΕΡΟΥ 2,5Lt",0,2,D203,ΧΡΩΜΑΤΑ,ΓΚΕΣΟΥΛΗΣ,,,2
ZCHR028,"D203 ΒΕΛΑΤΟΥΡΑ ΔΙΑΛΥΤΟΥ 2,5Lt",0,7,D203,ΧΡΩΜΑΤΑ,ΓΚΕΣΟΥΛΗΣ,,,3
ZCHR029,D203 ΒΕΛΑΤΟΥΡΑ ΔΙΑΛΥΤΟΥ 750ml,0,2,D203,ΧΡΩΜΑΤΑ,ΓΚΕΣΟΥΛΗΣ,,,2
ZCHR030,D203 ΡΙΠΟΥΛΙΝΗ ΝΕΡΟΥ 750ml,0,5,D203,ΧΡΩΜΑΤΑ,ΓΚΕΣΟΥΛΗΣ,,,5
ZCHR031,"D203 ΡΙΠΟΥΛΙΝΗ ΔΙΑΛΥΤΟΥ 2,5Lt",0,3,D203,ΧΡΩΜΑΤΑ,ΓΚΕΣΟΥΛΗΣ,,,3
ZCHR032,D203 ΡΙΠΟΥΛΙΝΗ ΔΙΑΛΥΤΟΥ 750ml,0,6,D203,ΧΡΩΜΑΤΑ,ΓΚΕΣΟΥΛΗΣ,,,6
ZCHR033,D202 VITEX ΑΝΤΙΣΚΟΥΡΙΑΚΟ ΧΡΩΜΑ ΣΑΣΙ 750ml,0,13,D202,ΧΡΩΜΑΤΑ,ΣΚΙΑΔΑΣ ΑΓΡΙΝΙΟ,,,13
ZCHR034,D203 VITEX ΝΤΟΥΚΟΧΡΩΜΑ ΜΑΥΡΟ ΜΑΤ 750ml,0,11,D203,ΧΡΩΜΑΤΑ,ΓΚΕΣΟΥΛΗΣ,,,9
ZCHR035,D203 ADHEX A+B ΑΣΤΑΡΙ ΠΡΟΕΡΓΑΣΙΑΣ ΜΕΤΑΛΛΩΝ 600ml,0,5,D203,ΧΡΩΜΑΤΑ,ΓΚΕΣΟΥΛΗΣ,,,5
ZCHR036,D202 PELLACHROME METAL-X ΜΑΥΡΟ ΜΑΤ No207 750ml,0,5,D202,ΧΡΩΜΑΤΑ,ΣΚΙΑΔΑΣ ΑΓΡΙΝΙΟ,,,5
ZCHR038,"D200 KERAKOLL ΣΑΜΠΟΥΑΝ ΠΛΑΚΙΔΙΩΝ 1,5Lt",0,1,D200,ΧΡΩΜΑΤΑ,ΜΠΟΤΣΙΟΣ,,,0
ZCHR039,D201 SIKAFLEX ALL IN ONE -11FC ΜΑΥΡΟ 300ml,0,4,D201,ΧΡΩΜΑΤΑ,ΣΚΙΑΔΑΣ ΛΕΥΚΑΔΑ,,,4
ZCHR040,D201 SIKABOOM ΑΦΡΟΣ ΧΕΡΙΟΥ,0,168,D201,ΧΡΩΜΑΤΑ,ΣΚΙΑΔΑΣ ΛΕΥΚΑΔΑ,,,168
ZCHR041,D201 SIKA ANCHORFIX -1N ΡΙΤΙΝΗ,0,4,D201,ΧΡΩΜΑΤΑ,ΣΚΙΑΔΑΣ ΛΕΥΚΑΔΑ,,,4
ZCHR042,D203 REVINEX ΒΕΛΤΙΩΤΙΚΟ ΚΟΝΙΑΜΑΤΩΝ 18kg,0,5,D203,ΧΡΩΜΑΤΑ,ΓΚΕΣΟΥΛΗΣ,,,1
ZCHR043,D203 REVINEX ΒΕΛΤΙΩΤΙΚΟ ΚΟΝΙΑΜΑΤΩΝ 5kg,0,4,D203,ΧΡΩΜΑΤΑ,ΓΚΕΣΟΥΛΗΣ,,,2
ZCHR044,D203 PRIMER WBPU A+ ΠΑΤΩΜΑ ΡΟΜΠΟΤΕ 10kg,0,8,D203,ΧΡΩΜΑΤΑ,ΓΚΕΣΟΥΛΗΣ,,,8
ZCHR045,D200 KERAKOLL ΣΦΟΥΓΓΑΡΙ ΚΕΤΑΡΙΝΗΣ,0,9,D200,ΧΡΩΜΑΤΑ,ΜΠΟΤΣΙΟΣ,,,9
ZCHR046,D200 KERAKOLL ΣΦΟΥΓΓΑΡΙ ΚΕΡΑΤΙΝΗΣ ΜΕ ΒΑΣΗ,0,4,D200,ΧΡΩΜΑΤΑ,ΜΠΟΤΣΙΟΣ,,,4
ZCHR047,D201 PENETRON PENEBAR SW-45 RAPID,0,30,D201,ΧΡΩΜΑΤΑ,ΣΚΙΑΔΑΣ ΛΕΥΚΑΔΑ,,,30
ZCHR048,D201 TUBAX ΜΟΥΡΕΛΑ 20cm,0,400,D201,ΧΡΩΜΑΤΑ,ΣΚΙΑΔΑΣ ΛΕΥΚΑΔΑ,,,400
ZCHR049,D201 PENEBAR PRIMER 750ml,0,6,D201,ΧΡΩΜΑΤΑ,ΣΚΙΑΔΑΣ ΛΕΥΚΑΔΑ,,,6
ZCHROM0001,D201 ISOMAT MEGACROUT 100 25kg,18,2737,D201,ΧΡΩΜΑΤΑ,ΣΚΙΑΔΑΣ ΛΕΥΚΑΔΑ,,,2711
ZCHROM0002,D201 ISOMAT MEGACRET 40 25kg,21,8076,D201,ΧΡΩΜΑΤΑ,ΣΚΙΑΔΑΣ ΛΕΥΚΑΔΑ,,,8017
ZCHROM0003,D201 ISOMAT DUROCRET ΓΚΡΙ 25kg,15,55,D201,ΧΡΩΜΑΤΑ,ΣΚΙΑΔΑΣ ΛΕΥΚΑΔΑ,,,31
ZCHROM0004,D201 ISOMAT DUROCRET ΛΕΥΚΟ 25kg,0,21,D201,ΧΡΩΜΑΤΑ,ΣΚΙΑΔΑΣ ΛΕΥΚΑΔΑ,,,19
ZCHROM0005,D201 ISOMAT AQUAMAT 25kg,29,29,D201,ΧΡΩΜΑΤΑ,ΣΚΙΑΔΑΣ ΛΕΥΚΑΔΑ,,,25
ZCHROM0006,D201 ISOMAT AQUAMAT ELASTIC A 25kg,60,-3,D201,ΧΡΩΜΑΤΑ,ΣΚΙΑΔΑΣ ΛΕΥΚΑΔΑ,,,-16
ZCHROM0007,D201 ISOMAT AQUAMAT ELASTIC B 10kg,31,-6,D201,ΧΡΩΜΑΤΑ,ΣΚΙΑΔΑΣ ΛΕΥΚΑΔΑ,,,-19
ZCHROM0008,D201 ISOMAT ΚΟΛΛΑ ΑΚ9 25kg,7,7,D201,ΧΡΩΜΑΤΑ,ΣΚΙΑΔΑΣ ΛΕΥΚΑΔΑ,,,-4
ZCHROM0009,D201 INTERMIX 30kg,8,2926,D201,ΧΡΩΜΑΤΑ,ΣΚΙΑΔΑΣ ΛΕΥΚΑΔΑ,,,2825
ZCHROM0010,D201 DUROSTICK  STOKOFIX 20kg,8,86,D201,ΧΡΩΜΑΤΑ,ΣΚΙΑΔΑΣ ΛΕΥΚΑΔΑ,,,47
ZCHROM0011,D201 DUROSTICK  ΚΟΛΛΑ GOLD 25kg,15,,D201,ΧΡΩΜΑΤΑ,ΣΚΙΑΔΑΣ ΛΕΥΚΑΔΑ,,,0
ZCHROM0012,D201 ISOMAT ΙΝΕΣ 600gr,8,26,D201,ΧΡΩΜΑΤΑ,ΣΚΙΑΔΑΣ ΛΕΥΚΑΔΑ,,,26
ZCHROM0013,D201 ISOLAC  BT 17kg,83,127,D201,ΧΡΩΜΑΤΑ,ΣΚΙΑΔΑΣ ΛΕΥΚΑΔΑ,,,123
ZCHROM0014,D201 ISOMAC ΑΣΦΑΛΤΙΚΗ ΜΑΣΤΙΧΗ 20kg,91,5,D201,ΧΡΩΜΑΤΑ,ΣΚΙΑΔΑΣ ΛΕΥΚΑΔΑ,,,5
ZCHROM0015,D201 ISOMAC ΑΣΦΑΛΤΙΚΗ ΜΑΣΤΙΧΗ 5kg,24,,D201,ΧΡΩΜΑΤΑ,ΣΚΙΑΔΑΣ ΛΕΥΚΑΔΑ,,,0
ZCHROM0016,D201 PAVA PROOF ΑΣΦΑΛΤΙΚΗ ΜΑΣΤΙΧΗ 5kg,0,,D201,ΧΡΩΜΑΤΑ,ΣΚΙΑΔΑΣ ΛΕΥΚΑΔΑ,,,0
ZCHROM0017,D201 TUBAX-ΜΟΥΡΕΛΑ 25cm,0,1100,D201,ΧΡΩΜΑΤΑ,ΣΚΙΑΔΑΣ ΛΕΥΚΑΔΑ,,,700
ZCHROM0018,D201 TUBAX-ΜΟΥΡΕΛΑ 30cm,0,1400,D201,ΧΡΩΜΑΤΑ,ΣΚΙΑΔΑΣ ΛΕΥΚΑΔΑ,,,1400
ZCHROM0019,"D201 ΑΔΙΑΒΡΟΧΟ ΒΕΡΝΙΚΙ ΝΕΡΟΥ DÉCOR 2,5lit",0,-5,D201,ΧΡΩΜΑΤΑ,ΣΚΙΑΔΑΣ ΛΕΥΚΑΔΑ,,,-5
ZCHROM0020,"D201 ΒΕΡΝΙΚΙ ΕΜΠΟΤΙΣΟΥ ΔΙΑΛΥΤΟΥ DÉCOR 2,5lit",8,4,D201,ΧΡΩΜΑΤΑ,ΣΚΙΑΔΑΣ ΛΕΥΚΑΔΑ,,,3
ZCHROM0021,"D201 ΒΕΡΝΙΚΙ ΕΜΠΟΤΙΣΜΟΥ ΠΕΤΡΑΣ DELAC 2,5lit",22,4,D201,ΧΡΩΜΑΤΑ,ΣΚΙΑΔΑΣ ΛΕΥΚΑΔΑ,,,4
ZCHROM0022,D201 ΑΦΡΟΣ ΠΟΛΥΟΥΡΕΘΑΝΗΣ ΠΙΣΤΟΛΙΟΥ,4,7,D201,ΧΡΩΜΑΤΑ,ΣΚΙΑΔΑΣ ΛΕΥΚΑΔΑ,,,-7
ZCHROM0023,D201 ΑΣΤΑΡΙ ΑΛΟΥΜΙΝΙΟΥ&ΓΑΛΒΑΝΙΖΕ DUROSTIC 750ml,10,-1,D201,ΧΡΩΜΑΤΑ,ΣΚΙΑΔΑΣ ΛΕΥΚΑΔΑ,,,-7
ZCHROM0024,D201 ΚΑΘΑΡΙΣΤΙΚΟ ΑΦΡΟΥ ΠΟΛΥΟΥΡΕΘΑΝΗΣ ISOMAT 400ml,5,3,D201,ΧΡΩΜΑΤΑ,ΣΚΙΑΔΑΣ ΛΕΥΚΑΔΑ,,,1
ZCHROM0025,D201 TEAK OIL MERCOLA 1lit,0,3,D201,ΧΡΩΜΑΤΑ,ΣΚΙΑΔΑΣ ΛΕΥΚΑΔΑ,,,3
ZCHROM0026,D201 ΣΙΛΙΚΟΝΗ MERCOLA ΒΑΦΗΣ,2,99,D201,ΧΡΩΜΑΤΑ,ΣΚΙΑΔΑΣ ΛΕΥΚΑΔΑ,,,78
ZCHROM0027,D201 ΣΙΛΙΚΟΝΗ MERCOLA ΓΙΑ ΞΥΛΟ 280ml,0,1,D201,ΧΡΩΜΑΤΑ,ΣΚΙΑΔΑΣ ΛΕΥΚΑΔΑ,,,1
ZCHROM0028,D201 MENTOR ΞΥΛΟΚΟΛΛΑ 5kg,0,2,D201,ΧΡΩΜΑΤΑ,ΣΚΙΑΔΑΣ ΛΕΥΚΑΔΑ,,,2
ZCHROM0029,D201 ΣΠΡΕΥ ΚΟΚΚΙΝΟ FAST ACRYLIC,4,17,D201,ΧΡΩΜΑΤΑ,ΣΚΙΑΔΑΣ ΛΕΥΚΑΔΑ,,,13
ZCHROM0030,D201 ΣΠΡΕΥ ΜΑΥΡΟ  FAST ACRYLIC,3,5,D201,ΧΡΩΜΑΤΑ,ΣΚΙΑΔΑΣ ΛΕΥΚΑΔΑ,,,5
ZCHROM0031,D201 ΣΠΡΕΥ ΛΕΥΚΟ  FAST ACRYLIC,3,4,D201,ΧΡΩΜΑΤΑ,ΣΚΙΑΔΑΣ ΛΕΥΚΑΔΑ,,,4
ZCHROM0032,D201 ΣΠΡΕΥ ΓΑΛΒΑΝΙΖΕ,3,16,D201,ΧΡΩΜΑΤΑ,ΣΚΙΑΔΑΣ ΛΕΥΚΑΔΑ,,,14
ZCHROM0033,D201 ΡΑΜΜΑ ΟΙΚΟΔΟΜΗΣ,1,228,D201,ΧΡΩΜΑΤΑ,ΣΚΙΑΔΑΣ ΛΕΥΚΑΔΑ,,,189
ZCHROM0034,D201 ΓΥΑΛΟΧΑΡΤΟ ΠΛΑΚΑ Νο100,0,-30,D201,ΧΡΩΜΑΤΑ,ΣΚΙΑΔΑΣ ΛΕΥΚΑΔΑ,,,-30
ZCHROM0035,D201 ΓΥΑΛΟΧΑΡΤΟ ΠΛΑΚΑ Νο120,0,-79,D201,ΧΡΩΜΑΤΑ,ΣΚΙΑΔΑΣ ΛΕΥΚΑΔΑ,,,-146
ZCHROM0036,D201 ΓΥΑΛΟΧΑΡΤΟ ΠΛΑΚΑ Νο150,1,398,D201,ΧΡΩΜΑΤΑ,ΣΚΙΑΔΑΣ ΛΕΥΚΑΔΑ,,,383
ZCHROM0037,D201 ΓΥΑΛΟΧΑΡΤΟ ΠΛΑΚΑ Νο180,0,,D201,ΧΡΩΜΑΤΑ,ΣΚΙΑΔΑΣ ΛΕΥΚΑΔΑ,,,-10
ZCHROM0038,D201 WHITE SPIRIT KRAFT 1lit,0,34,D201,ΧΡΩΜΑΤΑ,ΣΚΙΑΔΑΣ ΛΕΥΚΑΔΑ,,,34
ZCHROM0039,D201 WHITE SPIRIT KRAFT 375ml,3,,D201,ΧΡΩΜΑΤΑ,ΣΚΙΑΔΑΣ ΛΕΥΚΑΔΑ,,,0
ZCHROM0040,"D202 ΒΕΛΑΤΟΥΡΑ ΑΣΤΑΡΙ ΝΕΡΟΥ 2,5lit",24,,D202,ΧΡΩΜΑΤΑ,ΣΚΙΑΔΑΣ ΑΓΡΙΝΙΟ,,,0
ZCHROM0041,D202 METAL PRIMER GREY 750ml,0,3,D202,ΧΡΩΜΑΤΑ,ΣΚΙΑΔΑΣ ΑΓΡΙΝΙΟ,,,3
ZCHROM0042,D202 METAL PRIMER  ΛΕΥΚΟ 750ml,5,,D202,ΧΡΩΜΑΤΑ,ΣΚΙΑΔΑΣ ΑΓΡΙΝΙΟ,,,-1
ZCHROM0043,"D202 ΡΙΠΟΥΛΙΝΗ PLATINUM  ΛΕΥΟ ΣΑΤΙΝΕ 2,5lit",29,,D202,ΧΡΩΜΑΤΑ,ΣΚΙΑΔΑΣ ΑΓΡΙΝΙΟ,,,0
ZCHROM0044,D202 ΡΙΠΟΥΛΙΝΗ ΝΕΡΟΥ AQUA VIT ΛΕΥΚΟ ΣΑΤΙΝΕ 750lit,11,,D202,ΧΡΩΜΑΤΑ,ΣΚΙΑΔΑΣ ΑΓΡΙΝΙΟ,,,0
ZCHROM0045,D202 TEAK OIL 750lit (ΛΑΔΙ ΕΜΠΟΤΙΣΜΟΥ),0,13,D202,ΧΡΩΜΑΤΑ,ΣΚΙΑΔΑΣ ΑΓΡΙΝΙΟ,,,13
ZCHROM0046,D202 ΑΝΤΙΣΚΟΥΡΙΑΚΟ ΜΑΥΡΟ 750lit,0,,D202,ΧΡΩΜΑΤΑ,ΣΚΙΑΔΑΣ ΑΓΡΙΝΙΟ,,,0
ZCHROM0047,D202 ΑΦΡΟΣΤΟΚΟΣ KNAUF 4lit,0,,D202,ΧΡΩΜΑΤΑ,ΣΚΙΑΔΑΣ ΑΓΡΙΝΙΟ,,,0
ZCHROM0048,D202 ΧΑΛΑΖΙΑΚΟ ΑΣΤΑΡΙ VITEX 10lit,26,-2,D202,ΧΡΩΜΑΤΑ,ΣΚΙΑΔΑΣ ΑΓΡΙΝΙΟ,,,-2
ZCHROM0049,D202 ΧΑΛΑΖΙΑΚΟ ΑΣΤΑΡΙ VITEX 3lit,0,,D202,ΧΡΩΜΑΤΑ,ΣΚΙΑΔΑΣ ΑΓΡΙΝΙΟ,,,0
ZCHROM0050,D202 T300 ΔΥΑΛΙΤΙΚΟ ΠΙΝΕΛΟΥ VITEX 5lit,2,3,D202,ΧΡΩΜΑΤΑ,ΣΚΙΑΔΑΣ ΑΓΡΙΝΙΟ,,,-1
ZCHROM0051,D202 T300 ΔΥΑΛΙΤΙΚΟ ΠΙΝΕΛΟΥ VITEX  15lit,0,3,D202,ΧΡΩΜΑΤΑ,ΣΚΙΑΔΑΣ ΑΓΡΙΝΙΟ,,,3
ZCHROM0052,D202 VIVECHROME ΔΥΑΛΙΤΙΚΟ ΠΙΣΤΟΛΙΟΥ 4lit,0,3,D202,ΧΡΩΜΑΤΑ,ΣΚΙΑΔΑΣ ΑΓΡΙΝΙΟ,,,3
ZCHROM0053,D202 ΑΣΤΑΡΙ KNAUF  ΝΕΡΟΥ 15lit,0,12,D202,ΧΡΩΜΑΤΑ,ΣΚΙΑΔΑΣ ΑΓΡΙΝΙΟ,,,12
ZCHROM0054,D203 ΒΕΛΑΤΟΥΡΑ ΛΕΥΚΟ 750ml,5,6,D203,ΧΡΩΜΑΤΑ,ΓΚΕΣΟΥΛΗΣ,,,6
ZCHROM0055,"D203 ΒΕΛΑΤΟΥΡΑ ΛΕΥΚΟ 2,5lit",0,,D203,ΧΡΩΜΑΤΑ,ΓΚΕΣΟΥΛΗΣ,,,0
ZCHROM0056,"D203 ΡΙΠΟΥΛΙΝΗ ΝΕΡΟΥ 2,5lit",0,3,D203,ΧΡΩΜΑΤΑ,ΓΚΕΣΟΥΛΗΣ,,,3
ZCHROM0057,D203 ΝΤΟΥΚΟΧΡΩΜΑ ΜΑΥΡΟ ΣΑΤΙΝΕ 750ml,0,14,D203,ΧΡΩΜΑΤΑ,ΓΚΕΣΟΥΛΗΣ,,,14
ZCHROM0058,D203 ΝΤΟΥΚΟΧΡΩΜΑ ΛΕΥΚΟ  ΣΑΤΙΝΕ 750ml,7,12,D203,ΧΡΩΜΑΤΑ,ΓΚΕΣΟΥΛΗΣ,,,12
ZCHROM0059,"D203 ΝΤΟΥΚΟΧΡΩΜΑ ΜΑΥΡΟ ΣΑΤΙΝΕ 2,5lit",0,2,D203,ΧΡΩΜΑΤΑ,ΓΚΕΣΟΥΛΗΣ,,,2
ZCHROM0060,"D203 ΝΤΟΥΚΟΧΡΩΜΑ ΛΕΥΚΟ ΣΑΤΙΝΕ 2,5lit",20,7,D203,ΧΡΩΜΑΤΑ,ΓΚΕΣΟΥΛΗΣ,,,7
ZCHROM0061,"D203 ΑΣΤΑΡΙ ΑΛΟΥΜΙΝΙΟΥ & ΓΑΛΒΑΝΙΖΕ 2,5lit",19,1,D203,ΧΡΩΜΑΤΑ,ΓΚΕΣΟΥΛΗΣ,,,1
ZCHROM0062,"D203 ΑΣΤΑΡΙ ΜΕΤΑΛΛΩΝ ΛΕΥΚΟ 2,5lit",20,3,D203,ΧΡΩΜΑΤΑ,ΓΚΕΣΟΥΛΗΣ,,,3
ZCHROM0063,D203 ΑΣΤΑΡΙ ΜΕΤΑΛΛΩΝ ΛΕΥΚΟ 750ml,7,3,D203,ΧΡΩΜΑΤΑ,ΓΚΕΣΟΥΛΗΣ,,,-2
ZCHROM0064,D203 ΧΡΩΤΕΧ PRIME ΑΣΤΑΡΙ 3lit,12,5,D203,ΧΡΩΜΑΤΑ,ΓΚΕΣΟΥΛΗΣ,,,1
ZCHROM0065,D203 ΧΡΩΤΕΧ PRIME ΑΣΤΑΡΙ 10lit,32,-3,D203,ΧΡΩΜΑΤΑ,ΓΚΕΣΟΥΛΗΣ,,,-7
ZCHROM0066,D203 ΧΡΩΤΕΧ MOBILAC ΜΑΥΡΟ 750ml,0,,D203,ΧΡΩΜΑΤΑ,ΓΚΕΣΟΥΛΗΣ,,,0
ZCHROM0067,D203 ΧΡΩΤΕΧ MOBILAC ΛΕΥΚΟ ΜΑΤ  750ml,0,,D203,ΧΡΩΜΑΤΑ,ΓΚΕΣΟΥΛΗΣ,,,0
ZCHROM0068,D203 ΧΡΩΤΕΧ ADHEX ΑΣΤΑΡΙ ΠΡΟΕΡΓΑΣΙΑΣ ΜΕΤΑΛΛΩΝ Α 600ml,0,5,D203,ΧΡΩΜΑΤΑ,ΓΚΕΣΟΥΛΗΣ,,,5
ZCHROM0069,D203 ΧΡΩΤΕΧ ADHEX ΑΣΤΑΡΙ ΠΡΟΕΡΓΑΣΙΑΣ ΜΕΤΑΛΛΩΝ B 150ml,0,5,D203,ΧΡΩΜΑΤΑ,ΓΚΕΣΟΥΛΗΣ,,,5
ZCHROM0070,D203 ΧΡΩΤΕΧ ΒΕΡΝΙΚΙ ΘΑΛΑΣΣΗΣ 750ml,0,-3,D203,ΧΡΩΜΑΤΑ,ΓΚΕΣΟΥΛΗΣ,,,-3
ZCHROM0071,D203 ΒΕΡΝΙΚΙ ΠΑΤΩΜΑΤΟΣ ER-LAC ΔΙΑΦΑΝΕΣ Α 1lit,0,11,D203,ΧΡΩΜΑΤΑ,ΓΚΕΣΟΥΛΗΣ,,,11
ZCHROM0072,D203 ER-LAC ΣΚΛΗΡΥΝΤΗΣ Β 1lit,0,11,D203,ΧΡΩΜΑΤΑ,ΓΚΕΣΟΥΛΗΣ,,,11
ZCHROM0073,D203 ΠΙΝΕΛΟ ΣΠΑΣΤΟ 2-1/2,0,4,D203,ΧΡΩΜΑΤΑ,ΓΚΕΣΟΥΛΗΣ,,,4
ZCHROM0074,D203 ΒΑΣΕΙΣ ΡΟΛΟΥ ΒΑΦΗΣ,0,23,D203,ΧΡΩΜΑΤΑ,ΓΚΕΣΟΥΛΗΣ,,,21
ZCHROM0075,D203 ΒΑΣΕΙΣ ΡΟΛΟΥ ΜΙΚΡΕΣ,0,3,D203,ΧΡΩΜΑΤΑ,ΓΚΕΣΟΥΛΗΣ,,,3
ZCHROM0076,D203 ΡΟΛΟ ΒΑΦΗΣ ΧΩΡΙΣ ΒΑΣΗ 25cm,0,5,D203,ΧΡΩΜΑΤΑ,ΓΚΕΣΟΥΛΗΣ,,,5
ZCHROM0077,"D203 ΠΙΝΕΛΟ ΒΑΦΗΣ Νο 1,5",2,-14,D203,ΧΡΩΜΑΤΑ,ΓΚΕΣΟΥΛΗΣ,,,-14
ZCHROM0078,D203 ΡΟΛΑΚΙ ΒΑΦΗΣ ΜΙΚΡΟ 10cm,1,47,D203,ΧΡΩΜΑΤΑ,ΓΚΕΣΟΥΛΗΣ,,,22
ZCHROM0079,D203 MICROFIBER No16 Φ30,3,22,D203,ΧΡΩΜΑΤΑ,ΓΚΕΣΟΥΛΗΣ,,,22
ZCHROM0080,D203 ΑΝΤ/ΚΟ MICROFIBER 10cm,2,283,D203,ΧΡΩΜΑΤΑ,ΓΚΕΣΟΥΛΗΣ,,,283
ZCHROM0081,D203 ΧΕΙΡΟΛΑΒΗ 16cm,1,,D203,ΧΡΩΜΑΤΑ,ΓΚΕΣΟΥΛΗΣ,,,0
ZCHROM0082,D203 ΧΕΙΡΟΛΑΒΗ ΓΙΑ 7cm & 10cm,1,28,D203,ΧΡΩΜΑΤΑ,ΓΚΕΣΟΥΛΗΣ,,,28
ZCHROM0083,D203 CHARMER,13,,D203,ΧΡΩΜΑΤΑ,ΓΚΕΣΟΥΛΗΣ,,,0
ZCHROM0085,D203 ΚΟΝΤΑΡΟΠΙΝΕΛΑ Νο 2.5'',5,7,D203,ΧΡΩΜΑΤΑ,ΓΚΕΣΟΥΛΗΣ,,,7
ZCHROM0086,D203 ISOMAT AK-T35 ΓΚΡΙ Σ25 GR,8,49,D203,ΧΡΩΜΑΤΑ,ΓΚΕΣΟΥΛΗΣ,,,49
ZCHROM0087,D203 ISOMAT AK-T35 ΛΕΥΚΗ Σ25 GR,8,-6,D203,ΧΡΩΜΑΤΑ,ΓΚΕΣΟΥΛΗΣ,,,-6
ZCHROM0088,D203 ΧΕΙΡΟΛΑΒΗ 5cm,1,,D203,ΧΡΩΜΑΤΑ,ΓΚΕΣΟΥΛΗΣ,,,0
ZCHROM0089,D203 AQUACHROM ECO SATINE 30 WHITE 2.5LIT,37,,D203,ΧΡΩΜΑΤΑ,ΓΚΕΣΟΥΛΗΣ,,,0
ZCHROM0090,D203 SIKADUR-31+ (AB) PI 6KG,72,11,D203,ΧΡΩΜΑΤΑ,ΓΚΕΣΟΥΛΗΣ,,,5
ZCHROM0091,D203 SIKA FLOUR 3 QUARTZ TOP 25KG,15,1183,D203,ΧΡΩΜΑΤΑ,ΓΚΕΣΟΥΛΗΣ,,,1171
ZCHROM0092,D203 SIKADUR COMBIFLEX SG-10 P200,200,8,D203,ΧΡΩΜΑΤΑ,ΓΚΕΣΟΥΛΗΣ,,,6
ZCHROM0093,D203 KNAUF READY FIX 28kg,21,9,D203,ΧΡΩΜΑΤΑ,ΓΚΕΣΟΥΛΗΣ,,,9
ZCHROM0094G,D203 SIKA FLEX FC11 GREY 600gr,0,380,D203,ΧΡΩΜΑΤΑ,ΓΚΕΣΟΥΛΗΣ,,,295
ZCHROM0094W,D203 SIKA FLEX FC11 WHITE600gr,0,139,D203,ΧΡΩΜΑΤΑ,ΓΚΕΣΟΥΛΗΣ,,,107
ZCHROM0099,D203 ROLLEX No180 Φ50 ΠΛΗΡΗ,23,6,D203,ΧΡΩΜΑΤΑ,ΓΚΕΣΟΥΛΗΣ,,,6
ZCHROM0100,D203 ΠΙΝΕΛΟ ΛΕΥΚΗ ΤΡΙΧΑ Νο 1.5'',2,33,D203,ΧΡΩΜΑΤΑ,ΓΚΕΣΟΥΛΗΣ,,,32
ZCHROM0101,D201 ΑΣΦΑΛΤΙΚΗ ΠΑΣΤΑ,5,20,D201,ΧΡΩΜΑΤΑ,ΣΚΙΑΔΑΣ ΛΕΥΚΑΔΑ,,,20
ZCHROM0102,D201 ΛΟΥΚΑΝΙΚΟ,9,,D201,ΧΡΩΜΑΤΑ,ΣΚΙΑΔΑΣ ΛΕΥΚΑΔΑ,,,0
ZCHROM103,D203 SIKASIL ΣΙΛΙΚΟΝΗ ΔΙΑΦΑΝΗ,4,24,D203,ΧΡΩΜΑΤΑ,ΓΚΕΣΟΥΛΗΣ,,,24
ZCHROM104,D203 VIVEMETAL SATIN 30 WHITE 2.5L,23,,D203,ΧΡΩΜΑΤΑ,ΓΚΕΣΟΥΛΗΣ,,,0
ZCHROM105,D203 VIVEMETAL SATIN 30 WHITE 750ml,9,,D203,ΧΡΩΜΑΤΑ,ΓΚΕΣΟΥΛΗΣ,,,0
ZCHROM106,D203 ΓΥΑΛΟΧΑΡΤΟ Φ125,0,-30,D203,ΧΡΩΜΑΤΑ,ΓΚΕΣΟΥΛΗΣ,,,-30
ZCHROM107,D203 PRIMEX A-300 3lit,15,28,D203,ΧΡΩΜΑΤΑ,ΓΚΕΣΟΥΛΗΣ,,,28
ZCHROM108,D203 PRIMEX A-300 10lit,42,20,D203,ΧΡΩΜΑΤΑ,ΓΚΕΣΟΥΛΗΣ,,,20
ZCHROM115,D203 ΣΠΡΕΙ QUANTUM ΛΙΠΑΝΤΙΚΟ,0,,D203,ΧΡΩΜΑΤΑ,ΓΚΕΣΟΥΛΗΣ,,,0
ZCHROM116,D203 WD-40 SMART STRAW 450ml,0,,D203,ΧΡΩΜΑΤΑ,ΓΚΕΣΟΥΛΗΣ,,,0
ZCHROM117,D203 SIKACRYL UNIVERSAL PRO WHITE 300ml,0,50,D203,ΧΡΩΜΑΤΑ,ΓΚΕΣΟΥΛΗΣ,,,50
ZCHROM118,D203 OPB 350 BASE C 1kg,9,,D203,ΧΡΩΜΑΤΑ,ΓΚΕΣΟΥΛΗΣ,,,0
ZCHROM207,D202 PELLACHROME MATT ΜΑΥΡΟ 750lit,0,,D202,ΧΡΩΜΑΤΑ,ΣΚΙΑΔΑΣ ΑΓΡΙΝΙΟ,,,0
ZCHROM900-20Y,D203 NEOPAL 10lit,37,7,D203,ΧΡΩΜΑΤΑ,ΓΚΕΣΟΥΛΗΣ,,,6
ZCHROM910-10Y,D203 SUPER NEOPAL 10lit,0,-3,D203,ΧΡΩΜΑΤΑ,ΓΚΕΣΟΥΛΗΣ,,,-3
ZCHROM910-10Y.1,D203 VIVECRYL ELASTIC 10L,0,2,D203,ΧΡΩΜΑΤΑ,ΓΚΕΣΟΥΛΗΣ,,,2
ZCHROM20530YR,D203 VIVECRYL ELASTIC ECO BASE P 10LIT 205-30YR,58,,D203,ΧΡΩΜΑΤΑ,ΓΚΕΣΟΥΛΗΣ,,,0
ZCHROM20570YR,D202 ACRYLAN ELASTIC 10lit,0,,D202,ΧΡΩΜΑΤΑ,ΣΚΙΑΔΑΣ ΑΓΡΙΝΙΟ,,,0
ZCHROM21010YR,D202 VIVECRYL ELASTIC 10lit,58,,D202,ΧΡΩΜΑΤΑ,ΣΚΙΑΔΑΣ ΑΓΡΙΝΙΟ,,,0
ZCHROM21020YR,D202 ACRYLAN ELASTIC 10lit,0,,D202,ΧΡΩΜΑΤΑ,ΣΚΙΑΔΑΣ ΑΓΡΙΝΙΟ,,,0
ZCHROM21030YR,D202 ACRYLAN ELASTIC 10lit,0,,D202,ΧΡΩΜΑΤΑ,ΣΚΙΑΔΑΣ ΑΓΡΙΝΙΟ,,,0
ZCHROM24030YR,D202 VIVECRYL ELASTIC 10lit,0,,D202,ΧΡΩΜΑΤΑ,ΣΚΙΑΔΑΣ ΑΓΡΙΝΙΟ,,,0
ZCHROM24070YR,D203 VIVECRYL ELASTIC BASE 10L 210-70YR,0,1,D203,ΧΡΩΜΑΤΑ,ΓΚΕΣΟΥΛΗΣ,,,1
ZCHROM90020Y,D202 VIVECRYL ELASTIC 10lit,0,-1,D202,ΧΡΩΜΑΤΑ,ΣΚΙΑΔΑΣ ΑΓΡΙΝΙΟ,,,-1
ZCHROM90530Y,D202 ACRYLAN ELASTIC 10lit,0,,D202,ΧΡΩΜΑΤΑ,ΣΚΙΑΔΑΣ ΑΓΡΙΝΙΟ,,,0
ZCHROMCL82,D203 NEOPAL 10lit,37,11,D203,ΧΡΩΜΑΤΑ,ΓΚΕΣΟΥΛΗΣ,,,8
ZCHROMCL82.1,D203 VIVECRYL ELASTIC 10L,0,6,D203,ΧΡΩΜΑΤΑ,ΓΚΕΣΟΥΛΗΣ,,,6
ZCHROMCL85,D203 NEOPAL 10lit,37,5,D203,ΧΡΩΜΑΤΑ,ΓΚΕΣΟΥΛΗΣ,,,-18
ZCHROMECO30,D203 SUPER NEOPAL ECO 30 WHITE 10L,37,2,D203,ΧΡΩΜΑΤΑ,ΓΚΕΣΟΥΛΗΣ,,,2
ZCHROMECO9003,D203 VIVECRYL ELASTIC ECO RAL9003,0,,D203,ΧΡΩΜΑΤΑ,ΓΚΕΣΟΥΛΗΣ,,,0
ZCHROMECORAL8014,D203 SUPER NEOPAL ECO BASE RAL8014 9.7L,0,,D203,ΧΡΩΜΑΤΑ,ΓΚΕΣΟΥΛΗΣ,,,0
ZCHROMN0729,D203 TEAK OIL 750ml,0,,D203,ΧΡΩΜΑΤΑ,ΓΚΕΣΟΥΛΗΣ,,,0
ZCHROMP,D203 SUPER NEOPLA ECO BASE P 10L,37,48,D203,ΧΡΩΜΑΤΑ,ΓΚΕΣΟΥΛΗΣ,,,48
ZCHROMPRIMER,D203 ML-PRIMER,39,,D203,ΧΡΩΜΑΤΑ,ΓΚΕΣΟΥΛΗΣ,,,0
ZCHROMRAL8014,D203 SUPER NEOPAL ECO BASE RAL8014 2.9L,0,,D203,ΧΡΩΜΑΤΑ,ΓΚΕΣΟΥΛΗΣ,,,0
ZCHROMRAL9003,D203 SUPER NEOPAL ECO BASE P 10LIT RAL9003,52,2,D203,ΧΡΩΜΑΤΑ,ΓΚΕΣΟΥΛΗΣ,,,2
ZCHROMS86,D203 ΧΡΩΜΑ ΒΕΡΝΙΚΙ ER-LAC ΛΕΥΚΟ ΣΑΤΙΝΕ A  4lit,0,,D203,ΧΡΩΜΑΤΑ,ΓΚΕΣΟΥΛΗΣ,,,0
ZCHROMS86SKL,D203 ΧΡΩΜΑ ΒΕΡΝΙΚΙ ER- LAC ΣΚΛΥΡΗΝΤΗΣ Β  2lit,0,4,D203,ΧΡΩΜΑΤΑ,ΓΚΕΣΟΥΛΗΣ,,,4
ZCHROMS1000-N,D203 VIVECRYL ELASTIC ECO BASE P 10LIT,52,16,D203,ΧΡΩΜΑΤΑ,ΓΚΕΣΟΥΛΗΣ,,,16
ZCHROMVERN0001,D204 ΒΕΡΝΙΚΙ BONDEX 20lit,0,,D204,ΧΡΩΜΑΤΑ,ΣΤΑΥΡΑΚΑΣ,,,0
ZCHROMWHITE,D202 ACRYLAN ELASTIC 10lit,0,,D202,ΧΡΩΜΑΤΑ,ΣΚΙΑΔΑΣ ΑΓΡΙΝΙΟ,,,0
ZCHROMΝο55,D202 ΝΤΟΥΚΟΧΡΩΜΑ ΜΑΥΡΟ ΓΥΑΛΙΣΤΕΡΟ 750lit,0,,D202,ΧΡΩΜΑΤΑ,ΣΚΙΑΔΑΣ ΑΓΡΙΝΙΟ,,,0
ZCM22PWU,D198 ΣΕΤ ΔΙΑΚΟΠΤΩΝ,0,,D198,ΗΛΕΚΤΡΟΛΟΓΙΚΑ,ΗΛΕΚΤΡΟΛΟΓΙΚΑ,,,0
ZCM23SB-U,D198 ΣΕΤ ΠΡΙΖΩΝ,0,18,D198,ΗΛΕΚΤΡΟΛΟΓΙΚΑ,ΗΛΕΚΤΡΟΛΟΓΙΚΑ,,,18
ZCN005,I151 ΑΤΣΑΛΟΚΑΡΦΑ 3.5Χ70ΜΜ,0,800,I151,ΟΙΚΟΔΟΜΙΚΑ ΥΛΙΚΑ,ΟΙΚΟΔΟΜΙΚΑ ΥΛΙΚΑ,https://cdn.jsdelivr.net/gh/adenadoume/erp-equipment-reservations@main/catalog-images/ZCN005.png,,-6930
ZCN007,I151 ΑΤΣΑΛΟΚΑΡΦΑ 3.5Χ70ΜΜ,0,5800,I151,ΟΙΚΟΔΟΜΙΚΑ ΥΛΙΚΑ,ΟΙΚΟΔΟΜΙΚΑ ΥΛΙΚΑ,https://cdn.jsdelivr.net/gh/adenadoume/erp-equipment-reservations@main/catalog-images/ZCN007.png,,2200
ZCN1307AGREY,D209 ΚΑΝΑΛΙ 13Χ100,0,,D209,ΣΙΔΗΡΙΚΑ,ΣΙΑΓΚΡΗΣ,,,0
ZDB001,I140 ΑΠΟΣΤΡΑΓΓΙΣΤΙΚΗ ΜΕΜΒΡΑΝΗ 400gr/m2 2Χ20Μ/ROLL,10,803,I140,ΟΙΚΟΔΟΜΙΚΑ ΥΛΙΚΑ,ΟΙΚΟΔΟΜΙΚΑ ΥΛΙΚΑ,https://cdn.jsdelivr.net/gh/adenadoume/erp-equipment-reservations@main/catalog-images/ZDB001.png,,803
ZDF001,I134 ΕΞΑΕΡΙΣΜΟΣ ΓΙΑ ΜΗΧΑΝΟΣΤΑΣΙΟ Φ100 220V,70,30,I134,ΜΠΑΝΙΟ,ΜΠΑΝΙΟ,https://cdn.jsdelivr.net/gh/adenadoume/erp-equipment-reservations@main/catalog-images/ZDF001.png,,30
ZDF002,D200 ΑΥΤΟΜΑΤΟ ΕΞΑΕΡΙΣΜΟΥ ΔΙΚΤΥΟΥ,7,,D200,ΧΡΩΜΑΤΑ,ΜΠΟΤΣΙΟΣ,,,0
ZDG8,I188 ΓΕΝΝΗΤΡΙΑ ΑΝΟΙΧΤΟΥ ΤΥΠΟΥ 8KVA ΜΟΝΟΦΑΣΙΚΗ 50HZ 220V ΜΕ ΠΕΤΡΕΛΑΙΟΚΙΝΗΤΗΡΑ,0,2,I188,ΗΛΕΚΤΡΟΜΗΧ/ΚΟΣ ΕΞΟΠΛΙΣΜΟΣ,ΗΛΕΚΤΡΟΜΗΧ/ΚΟΣ ΕΞΟΠΛΙΣΜΟΣ,,,2
ZDG22,I166 ΓΕΝΝΗΤΡΙΑ ΚΛΕΙΣΤΟΥ ΤΥΠΟΥ 22KVA ΜΕ AVR ΤΡΙΦΑΣΙΚΗ 50Hz 400/230V ΜΕ ΠΕΤΡΕΛΑΙΟΚΙΝΗΤΗΡΑ,0,3,I166,ΗΛΕΚΤΡΟΜΗΧ/ΚΟΣ ΕΞΟΠΛΙΣΜΟΣ,ΗΛΕΚΤΡΟΜΗΧ/ΚΟΣ ΕΞΟΠΛΙΣΜΟΣ,https://cdn.jsdelivr.net/gh/adenadoume/erp-equipment-reservations@main/catalog-images/ZDG22.png,,3
ZDG22AF,I166 ΦΙΛΤΡΟ ΑΕΡΑ ΓΕΝΝΗΤΡΙΑΣ DG22,0,1,I166,ΗΛΕΚΤΡΟΜΗΧ/ΚΟΣ ΕΞΟΠΛΙΣΜΟΣ,ΗΛΕΚΤΡΟΜΗΧ/ΚΟΣ ΕΞΟΠΛΙΣΜΟΣ,,,1
ZDG22B,I166 ΙΜΑΝΤΑΣ ΓΕΝΝΗΤΡΙΑΣ DG22,0,1,I166,ΗΛΕΚΤΡΟΜΗΧ/ΚΟΣ ΕΞΟΠΛΙΣΜΟΣ,ΗΛΕΚΤΡΟΜΗΧ/ΚΟΣ ΕΞΟΠΛΙΣΜΟΣ,,,1
ZDG22FF,I166 ΦΙΛΤΡΟ ΚΑΥΣΙΜΟΥ ΓΕΝΝΗΤΡΙΑΣ DG22,0,1,I166,ΗΛΕΚΤΡΟΜΗΧ/ΚΟΣ ΕΞΟΠΛΙΣΜΟΣ,ΗΛΕΚΤΡΟΜΗΧ/ΚΟΣ ΕΞΟΠΛΙΣΜΟΣ,,,1
ZDG22OF,I166 ΦΙΛΤΡΟ ΛΑΔΙΟΥ ΓΕΝΝΗΤΡΙΑΣ DG22,0,1,I166,ΗΛΕΚΤΡΟΜΗΧ/ΚΟΣ ΕΞΟΠΛΙΣΜΟΣ,ΗΛΕΚΤΡΟΜΗΧ/ΚΟΣ ΕΞΟΠΛΙΣΜΟΣ,,,1
ZDG75,"Ι188 ΓΕΝΝΗΤΡΙΑ ΑΝΟΙΧΤΟΥ ΤΥΠΟΥ 7,5KVA ΜΟΝΟΦΑΣΙΚΗ 50HZ 230V ΜΕ ΠΕΤΡΕΛΑΙΟΚΙΝΗΤΗΡΑ",1150,,Ι188,ΗΛΕΚΤΡΟΜΗΧ/ΚΟΣ ΕΞΟΠΛΙΣΜΟΣ,ΗΛΕΚΤΡΟΜΗΧ/ΚΟΣ ΕΞΟΠΛΙΣΜΟΣ,,,0
ZEF001,I134 ΕΞΑΕΡΙΣΤΗΡΑΣ WC Φ100,15,78,I134,ΜΠΑΝΙΟ,ΜΠΑΝΙΟ,https://cdn.jsdelivr.net/gh/adenadoume/erp-equipment-reservations@main/catalog-images/ZEF001.png,,72
ZEHN011,D199 ΧΡΟΝ/ΠΤΗΣ ΑΝΑΛ.ΗΜΕΡ 230V HAGER-EHN,42,,D199,ΗΛΕΚΤΡΟΛΟΓΙΚΑ,ΗΛΕΚΤΡΟΛΟΓΙΚΑ,,,-1
ZEM11PW-U,D198 ΠΕΡΙΣΤΡΟΦΙΚΟΣ ΡΕΟΣΤΑΤΗΣ ΑΛΕΡΕΤΟΥΡ,0,3,D198,ΗΛΕΚΤΡΟΛΟΓΙΚΑ,ΗΛΕΚΤΡΟΛΟΓΙΚΑ,,,3
ZEM12PWU,D198 ΠΕΡΙΣΤΡΟΦΙΚΟΣ ΡΟΟΣΤΑΤΗΣ ALERETOUR 3000W,0,3,D198,ΗΛΕΚΤΡΟΛΟΓΙΚΑ,ΗΛΕΚΤΡΟΛΟΓΙΚΑ,,,3
ZEM13PWU,D198 ΠΕΡΙΣΤΡΟΦΙΚΟΣ ΡΟΟΣΤΑΤΗΣ ALERETOUR 60W,0,1,D198,ΗΛΕΚΤΡΟΛΟΓΙΚΑ,ΗΛΕΚΤΡΟΛΟΓΙΚΑ,,,0
ZEM14PWU,D198 ΠΕΡΙΣΤΡΟΦΙΚΟΣ ΡΟΟΣΤΑΤΗΣ ALERETOUR,0,4,D198,ΗΛΕΚΤΡΟΛΟΓΙΚΑ,ΗΛΕΚΤΡΟΛΟΓΙΚΑ,,,4
ZEM14SBU,D198 ΠΕΡΙΣΤΡΟΦΙΚΟΣ ΡΟΟΣΤΑΤΗΣ ALERETOUR,0,4,D198,ΗΛΕΚΤΡΟΛΟΓΙΚΑ,ΗΛΕΚΤΡΟΛΟΓΙΚΑ,,,4
ZEM31PW-U,D198 ΔΙΑΚΟΠΤΗΣ IR,0,2,D198,ΗΛΕΚΤΡΟΛΟΓΙΚΑ,ΗΛΕΚΤΡΟΛΟΓΙΚΑ,,,2
ZEM67PWU,D198 ΠΡΙΖΑ ΤΡΟΦΟΔΟΣΙΑΣ USB,0,,D198,ΗΛΕΚΤΡΟΛΟΓΙΚΑ,ΗΛΕΚΤΡΟΛΟΓΙΚΑ,,,0
ZEM68SBU,D198 ΠΡΙΖΑ ΤΡΟΦΟΔΟΣΙΑΣ USB,0,2,D198,ΗΛΕΚΤΡΟΛΟΓΙΚΑ,ΗΛΕΚΤΡΟΛΟΓΙΚΑ,,,2
ZEPOXY03GREY,D201 ΕΠΟΞΕΙΔΙΚΟΣ ΑΡΜΟΣΤΟΚΟΣ ISOMAT MULTIFILL 3kg,0,4,D201,ΧΡΩΜΑΤΑ,ΣΚΙΑΔΑΣ ΛΕΥΚΑΔΑ,,,4
ZEPOXY04GREYBLUE,D201 ΕΠΟΞΕΙΔΙΚΟΣ ΑΡΜΟΣΤΟΚΟΣ ISOMAT MULTIFILL 3kg,0,3,D201,ΧΡΩΜΑΤΑ,ΣΚΙΑΔΑΣ ΛΕΥΚΑΔΑ,,,2
ZEPOXY10DARKGREY,D201 ΕΠΟΞΕΙΔΙΚΟΣ ΑΡΜΟΣΤΟΚΟΣ ISOMAT MULTIFILL 3kg,0,14,D201,ΧΡΩΜΑΤΑ,ΣΚΙΑΔΑΣ ΛΕΥΚΑΔΑ,,,14
ZEPOXY11IVORY,D201 ΕΠΟΞΕΙΔΙΚΟΣ ΑΡΜΟΣΤΟΚΟΣ ISOMAT MULTIFILL 3kg,0,5,D201,ΧΡΩΜΑΤΑ,ΣΚΙΑΔΑΣ ΛΕΥΚΑΔΑ,,,5
ZEPOXY15MANHTGREY,D201 ΕΠΟΞΕΙΔΙΚΟΣ ΑΡΜΟΣΤΟΚΟΣ ISOMAT MULTIFILL 3kg,0,-1,D201,ΧΡΩΜΑΤΑ,ΣΚΙΑΔΑΣ ΛΕΥΚΑΔΑ,,,-2
ZEPOXY30GREYCEMENT,D201 ΕΠΟΞΕΙΔΙΚΟΣ ΑΡΜΟΣΤΟΚΟΣ ISOMAT MULTIFILL 3kg,0,5,D201,ΧΡΩΜΑΤΑ,ΣΚΙΑΔΑΣ ΛΕΥΚΑΔΑ,,,3
ZEPOXYNo02GRIGLUCE,D200 ΕΠΟΞΕΙΔΙΚΟΣ ΣΤΟΚΟΣ ΠΛΑΚΙΔΙΩΝ KERAKOLL 3 kg,0,7,D200,ΧΡΩΜΑΤΑ,ΜΠΟΤΣΙΟΣ,,,7
ZEPOXYNo3GREY,D201 ΕΠΟΞΕΙΔΙΚΟΣ ΑΡΜΟΣΤΟΚΟΣ ISOMAT MULTIFILL 3kg,0,,D201,ΧΡΩΜΑΤΑ,ΣΚΙΑΔΑΣ ΛΕΥΚΑΔΑ,,,-3
ZEPOXYNo03GRIGPERLA,D200 ΕΠΟΞΕΙΔΙΚΟΣ ΣΤΟΚΟΣ ΠΛΑΚΙΔΙΩΝ KERAKOLL 3 kg,0,19,D200,ΧΡΩΜΑΤΑ,ΜΠΟΤΣΙΟΣ,,,19
ZEPOXYNo05ANTRACITE,D200 ΕΠΟΞΕΙΔΙΚΟΣ ΣΤΟΚΟΣ ΠΛΑΚΙΔΙΩΝ KERAKOLL 3 kg,0,7,D200,ΧΡΩΜΑΤΑ,ΜΠΟΤΣΙΟΣ,,,7
ZEPOXYNo07JASMINE,D200 ΕΠΟΞΕΙΔΙΚΟΣ ΣΤΟΚΟΣ ΠΛΑΚΙΔΙΩΝ KERAKOLL 3kg,0,4,D200,ΧΡΩΜΑΤΑ,ΜΠΟΤΣΙΟΣ,,,4
ZEPOXYNo08BAHAMABEIGE,D200 ΕΠΟΞΕΙΔΙΚΟΣ ΣΤΟΚΟΣ ΠΛΑΚΙΔΙΩΝ KERAKOLL 3 kg,0,,D200,ΧΡΩΜΑΤΑ,ΜΠΟΤΣΙΟΣ,,,0
ZEPOXYNo44CEMENTO,D200 ΕΠΟΞΕΙΔΙΚΟΣ ΣΤΟΚΟΣ ΠΛΑΚΙΔΙΩΝ KERAKOLL 3 kg,0,11,D200,ΧΡΩΜΑΤΑ,ΜΠΟΤΣΙΟΣ,,,11
ZEPOXYNo45LIMESTONE,D200 ΕΠΟΞΕΙΔΙΚΟΣ ΣΤΟΚΟΣ ΠΛΑΚΙΔΙΩΝ KERAKOLL 3 kg,0,10,D200,ΧΡΩΜΑΤΑ,ΜΠΟΤΣΙΟΣ,,,10
ZEPOXYNo46AVORIO,D200 ΕΠΟΞΕΙΔΙΚΟΣ ΣΤΟΚΟΣ ΠΛΑΚΙΔΙΩΝ KERAKOLL 3 kg,0,4,D200,ΧΡΩΜΑΤΑ,ΜΠΟΤΣΙΟΣ,,,4
ZEPOXYNo50PERGAMON,D200 ΕΠΟΞΕΙΔΙΚΟΣ ΣΤΟΚΟΣ ΠΛΑΚΙΔΙΩΝ KERAKOLL 3 kg,0,1,D200,ΧΡΩΜΑΤΑ,ΜΠΟΤΣΙΟΣ,,,1
ZEPOXYNo51SILVER,D200 ΕΠΟΞΕΙΔΙΚΟΣ ΣΤΟΚΟΣ ΠΛΑΚΙΔΙΩΝ KERAKOLL 3 kg,13,9,D200,ΧΡΩΜΑΤΑ,ΜΠΟΤΣΙΟΣ,,,9
ZEPOXYNo52TORTORA,D200 ΕΠΟΞΕΙΔΙΚΟΣ ΣΤΟΚΟΣ ΠΛΑΚΙΔΙΩΝ KERAKOLL 3 kg,0,5,D200,ΧΡΩΜΑΤΑ,ΜΠΟΤΣΙΟΣ,,,5
ZEPOXYΝο3GREY,D201 ΑΡΜΟΣΤΟΚΟΣ ISOMAT MULTIFILL ΑΠΛΟΣ 5kg,0,,D201,ΧΡΩΜΑΤΑ,ΣΚΙΑΔΑΣ ΛΕΥΚΑΔΑ,,,0
ZEPOXYΝο4GREYBLUE,D201 ΑΡΜΟΣΤΟΚΟΣ ISOMAT MULTIFILL ΑΠΛΟΣ 5kg,0,,D201,ΧΡΩΜΑΤΑ,ΣΚΙΑΔΑΣ ΛΕΥΚΑΔΑ,,,0
ZEPOXYΝο5LIGHTGREY,D201 ΑΡΜΟΣΤΟΚΟΣ ISOMAT MULTIFILL ΑΠΛΟΣ 2kg,0,,D201,ΧΡΩΜΑΤΑ,ΣΚΙΑΔΑΣ ΛΕΥΚΑΔΑ,,,0
ZEPOXYΝο8BROWN,D201 ΑΡΜΟΣΤΟΚΟΣ ISOMAT MULTIFILL ΑΠΛΟΣ 5kg,0,,D201,ΧΡΩΜΑΤΑ,ΣΚΙΑΔΑΣ ΛΕΥΚΑΔΑ,,,0
ZEPOXYΝο10DARKGREY,D201 ΑΡΜΟΣΤΟΚΟΣ ISOMAT MULTIFILL ΑΠΛΟΣ 5kg,0,,D201,ΧΡΩΜΑΤΑ,ΣΚΙΑΔΑΣ ΛΕΥΚΑΔΑ,,,0
ZEPOXYΝο11IVORY,D201 ΑΡΜΟΣΤΟΚΟΣ ISOMAT MULTIFILL ΑΠΛΟΣ 5kg,0,,D201,ΧΡΩΜΑΤΑ,ΣΚΙΑΔΑΣ ΛΕΥΚΑΔΑ,,,0
ZEPOXYΝο15MANHTGREY,D201 ΑΡΜΟΣΤΟΚΟΣ ISOMAT MULTIFILL ΑΠΛΟΣ 5kg,0,,D201,ΧΡΩΜΑΤΑ,ΣΚΙΑΔΑΣ ΛΕΥΚΑΔΑ,,,0
ZEPOXYΝο17ANEMON,D201 ΑΡΜΟΣΤΟΚΟΣ ISOMAT MULTIFILL ΑΠΛΟΣ 5kg,0,,D201,ΧΡΩΜΑΤΑ,ΣΚΙΑΔΑΣ ΛΕΥΚΑΔΑ,,,0
ZEPOXYΝο29GREYSILVER,D201 ΑΡΜΟΣΤΟΚΟΣ ISOMAT MULTIFILL ΑΠΛΟΣ 5kg,0,,D201,ΧΡΩΜΑΤΑ,ΣΚΙΑΔΑΣ ΛΕΥΚΑΔΑ,,,0
ZEPOXYΝο30GREYCEMENT,D201 ΕΠΟΞΕΙΔΙΚΟΣ ΑΡΜΟΣΤΟΚΟΣ ISOMAT MULTIFILL 3kg,0,,D201,ΧΡΩΜΑΤΑ,ΣΚΙΑΔΑΣ ΛΕΥΚΑΔΑ,,,0
ZEV001,I170 ΦΟΡΤΙΣΤΗΣ ΜΠΑΤΑΡΙΑΣ ΗΛΕΚΤΡΙΚΟΥ ΑΥΤΟΚΙΝΗΤΟΥ ΕΠΙΤΟΙΧΟ ΜΕ 5Μ ΚΑΛΩΔΙΟ 7KW,0,3,I170,ΗΛΕΚΤΡΟΜΗΧ/ΚΟΣ ΕΞΟΠΛΙΣΜΟΣ,ΗΛΕΚΤΡΟΜΗΧ/ΚΟΣ ΕΞΟΠΛΙΣΜΟΣ,https://cdn.jsdelivr.net/gh/adenadoume/erp-equipment-reservations@main/catalog-images/ZEV001.png,,3
ZEV002,I170 ΦΟΡΤΙΣΤΗΣ ΜΠΑΤΑΡΙΑΣ ΗΛΕΚΤΡΙΚΟΥ ΑΥΤΟΚΙΝΗΤΟΥ ΣΕ ΣΤΗΛΗ ΜΕ 5Μ ΚΑΛΩΔΙΟ 7KW,0,2,I170,ΗΛΕΚΤΡΟΜΗΧ/ΚΟΣ ΕΞΟΠΛΙΣΜΟΣ,ΗΛΕΚΤΡΟΜΗΧ/ΚΟΣ ΕΞΟΠΛΙΣΜΟΣ,https://cdn.jsdelivr.net/gh/adenadoume/erp-equipment-reservations@main/catalog-images/ZEV002.png,,2
ZEV003,I170 ΦΟΡΤΙΣΤΗΣ ΜΠΑΤΑΡΙΑΣ ΗΛΕΚΤΡΙΚΟΥ ΑΥΤΟΚΙΝΗΤΟΥ ΕΠΙΤΟΙΧΟ ΜΕ 5Μ ΚΑΛΩΔΙΟ 22KW,0,1,I170,ΗΛΕΚΤΡΟΜΗΧ/ΚΟΣ ΕΞΟΠΛΙΣΜΟΣ,ΗΛΕΚΤΡΟΜΗΧ/ΚΟΣ ΕΞΟΠΛΙΣΜΟΣ,https://cdn.jsdelivr.net/gh/adenadoume/erp-equipment-reservations@main/catalog-images/ZEV003.png,,1
ZEV004,I192 ΦΟΡΤΙΣΤΗΣ ΜΠΑΤΑΡΙΑΣ ΗΛΕΚΤΡΙΚΟΥ ΑΥΤΟΚΙΝΗΤΟΥ ΕΠΙΤΟΙΧΟ ΜΕ 5Μ ΚΑΛΩΔΙΟ 11KW,0,,I192,ΗΛΕΚΤΡΟΜΗΧ/ΚΟΣ ΕΞΟΠΛΙΣΜΟΣ,ΗΛΕΚΤΡΟΜΗΧ/ΚΟΣ ΕΞΟΠΛΙΣΜΟΣ,https://cdn.jsdelivr.net/gh/adenadoume/erp-equipment-reservations@main/catalog-images/ZEV004.png,,0
ZEV11,I192 ΦΟΡΤΙΣΤΗΣ ΜΠΑΤΑΡΙΑΣ ΗΛΕΚΤΡΙΚΟΥ ΑΥΤΟΚΙΝΗΤΟΥ ΕΠΙΤΟΙΧΟ ΜΕ 5Μ ΚΑΛΩΔΙΟ 11KW,1475,4,I192,ΗΛΕΚΤΡΟΜΗΧ/ΚΟΣ ΕΞΟΠΛΙΣΜΟΣ,ΗΛΕΚΤΡΟΜΗΧ/ΚΟΣ ΕΞΟΠΛΙΣΜΟΣ,https://cdn.jsdelivr.net/gh/adenadoume/erp-equipment-reservations@main/catalog-images/ZEV11.png,,4
ZEXITIP42,D199 ΦΩΤΙΣΤΙΚΟ ΕΞΟΔΟΥ ΚΙΝΔΥΝΟΥ EXIT IP42,0,3,D199,ΗΛΕΚΤΡΟΛΟΓΙΚΑ,ΗΛΕΚΤΡΟΛΟΓΙΚΑ,,,3
ZFREAT001,D209 ΕΠΙΓΕΜΙΖΟΜΕΝΟ ΚΑΠΑΚΙ ΑΛΟΥΜΙΝΙΟΥ ΦΡΕΑΤΙΟΥ 30Χ30,0,1,D209,ΣΙΔΗΡΙΚΑ,ΣΙΑΓΚΡΗΣ,,,1
ZFREAT002,D209 ΕΠΙΓΕΜΙΖΟΜΕΝΟ ΚΑΠΑΚΙ ΑΛΟΥΜΙΝΙΟΥ ΦΡΕΑΤΙΟΥ 25Χ25,0,13,D209,ΣΙΔΗΡΙΚΑ,ΣΙΑΓΚΡΗΣ,,,11
ZFREAT003,D209 ΕΠΙΓΕΜΙΖΟΜΕΝΟ ΚΑΠΑΚΙ ΑΛΟΥΜΙΝΙΟΥ ΦΡΕΑΤΙΟΥ 60Χ60,0,2,D209,ΣΙΔΗΡΙΚΑ,ΣΙΑΓΚΡΗΣ,,,2
ZFREAT004,D209 ΕΠΙΓΕΜΙΖΟΜΕΝΟ ΚΑΠΑΚΙ ΑΛΟΥΜΙΝΙΟΥ ΦΡΕΑΤΙΟΥ 80Χ80,171,5,D209,ΣΙΔΗΡΙΚΑ,ΣΙΑΓΚΡΗΣ,,,5
ZFREAT005,D209 ΕΠΙΓΕΜΙΖΟΜΕΝΟ ΚΑΠΑΚΙ ΑΛΟΥΜΙΝΙΟΥ ΦΡΕΑΤΙΟΥ 100Χ100,284,4,D209,ΣΙΔΗΡΙΚΑ,ΣΙΑΓΚΡΗΣ,,,4
ZGB001,"I145 ΓΑΛΒΑΝΙΖΕ ΠΛΕΓΜΑ ΕΓΚΙΒΩΤΙΣΜΟΥ ΕΞΩΤΕΡΙΚΕΣ ΔΙΑΣΤΑΣΕΙΣ: 200Χ45Χ150CM, ΕΞΩΤΕΡΙΚΕΣ ΔΙΑΣΤΑΣΕΙΣ: 180Χ25Χ150CM, ΔΙΑΣΤΑΣΕΙΣ ΒΑΣΗΣ: 200Χ45CM, ΟΠΕΣ ΠΛΕΓΜΑΤΟΣ: 5Χ5CM, ΔΙΑΜΕΤΡΟΣ ΠΛΕΓΜΑΤΟΣ: 4ΜΜ",0,10,I145,ΟΙΚΟΔΟΜΙΚΑ ΥΛΙΚΑ,ΟΙΚΟΔΟΜΙΚΑ ΥΛΙΚΑ,https://cdn.jsdelivr.net/gh/adenadoume/erp-equipment-reservations@main/catalog-images/ZGB001.png,,10
ZGE001,I140 ΓΕΩΥΦΑΣΜΑ 200gr/m2 2Χ100Μ/ROLL,0,,I140,ΟΙΚΟΔΟΜΙΚΑ ΥΛΙΚΑ,ΟΙΚΟΔΟΜΙΚΑ ΥΛΙΚΑ,https://cdn.jsdelivr.net/gh/adenadoume/erp-equipment-reservations@main/catalog-images/ZGE001.png,,0
ZGL001,I196 ΓΑΝΤΙΑ ΕΡΓΑΣΙΑΣ,1,328,I196,ΕΡΓΑΛΕΙΑ,ΕΡΓΑΛΕΙΑ,https://cdn.jsdelivr.net/gh/adenadoume/erp-equipment-reservations@main/catalog-images/ZGL001.png,,328
ZHDR001,I196 ΑΡΙΔΑ 6Χ160ΜΜ,1,270,I196,ΕΡΓΑΛΕΙΑ,ΕΡΓΑΛΕΙΑ,https://cdn.jsdelivr.net/gh/adenadoume/erp-equipment-reservations@main/catalog-images/ZHDR001.png,,270
ZHDR002,I196 ΑΡΙΔΑ 8Χ160ΜΜ,1,270,I196,ΕΡΓΑΛΕΙΑ,ΕΡΓΑΛΕΙΑ,https://cdn.jsdelivr.net/gh/adenadoume/erp-equipment-reservations@main/catalog-images/ZHDR002.png,,270
ZHDR003,I196 ΑΡΙΔΑ 10Χ160ΜΜ,1,270,I196,ΕΡΓΑΛΕΙΑ,ΕΡΓΑΛΕΙΑ,https://cdn.jsdelivr.net/gh/adenadoume/erp-equipment-reservations@main/catalog-images/ZHDR003.png,,270
ZHDR004,I196 ΑΡΙΔΑ 12Χ160ΜΜ,1,260,I196,ΕΡΓΑΛΕΙΑ,ΕΡΓΑΛΕΙΑ,https://cdn.jsdelivr.net/gh/adenadoume/erp-equipment-reservations@main/catalog-images/ZHDR004.png,,260
ZHDR005,I196 ΑΡΙΔΑ 6Χ260ΜΜ,2,160,I196,ΕΡΓΑΛΕΙΑ,ΕΡΓΑΛΕΙΑ,https://cdn.jsdelivr.net/gh/adenadoume/erp-equipment-reservations@main/catalog-images/ZHDR005.png,,160
ZHDR006,I196 ΑΡΙΔΑ 8Χ260ΜΜ,2,120,I196,ΕΡΓΑΛΕΙΑ,ΕΡΓΑΛΕΙΑ,https://cdn.jsdelivr.net/gh/adenadoume/erp-equipment-reservations@main/catalog-images/ZHDR006.png,,120
ZHDR007,I196 ΑΡΙΔΑ 10Χ260ΜΜ,2,160,I196,ΕΡΓΑΛΕΙΑ,ΕΡΓΑΛΕΙΑ,https://cdn.jsdelivr.net/gh/adenadoume/erp-equipment-reservations@main/catalog-images/ZHDR007.png,,156
ZHDR008,I196 ΑΡΙΔΑ 12Χ260ΜΜ,2,160,I196,ΕΡΓΑΛΕΙΑ,ΕΡΓΑΛΕΙΑ,https://cdn.jsdelivr.net/gh/adenadoume/erp-equipment-reservations@main/catalog-images/ZHDR008.png,,160
ZHP001,I178 ΜΟΝΑΔΑ ΕΠΕΞΕΡΓΑΣΙΑΣ ΝΕΡΟΥ ΑΝΤΙΣΤΡΟΦΗΣ ΩΣΜΩΣΗΣ ΜΕ UV,0,1,I178,ΗΛΕΚΤΡΟΜΗΧ/ΚΟΣ ΕΞΟΠΛΙΣΜΟΣ,ΗΛΕΚΤΡΟΜΗΧ/ΚΟΣ ΕΞΟΠΛΙΣΜΟΣ,https://cdn.jsdelivr.net/gh/adenadoume/erp-equipment-reservations@main/catalog-images/ZHP001.png,,1
ZHSCO,I113 ΑΝΙΧΝΕΥΤΗΣ ΔΙΟΞΕΙΔΙΟΥ ΤΟΥ ΑΝΘΡΑΚΑ ΜΠΑΤΑΡΙΑΣ 50X50X50MM,0,15,I113,ΑΣΦΑΛΕΙΑ,ΑΣΦΑΛΕΙΑ,https://cdn.jsdelivr.net/gh/adenadoume/erp-equipment-reservations@main/catalog-images/ZHSCO.png,,15
ZHSSMOKE,I113 ΑΝΙΧΝΕΥΤΗΣ ΚΑΠΝΟΥ ΜΠΑΤΑΡΙΑΣ 50X50X50MM,35,185,I113,ΑΣΦΑΛΕΙΑ,ΑΣΦΑΛΕΙΑ,https://cdn.jsdelivr.net/gh/adenadoume/erp-equipment-reservations@main/catalog-images/ZHSSMOKE.png,,185
ZIA22WH-U,D198 ΛΑΜΠΑΚΙ LED,0,15,D198,ΗΛΕΚΤΡΟΛΟΓΙΚΑ,ΗΛΕΚΤΡΟΛΟΓΙΚΑ,,,15
ZK-10,D199 ΦΙΣ ΣΟΥΚΟ ΑΡΣΕΝΙΚΟ 16Α ΛΕΥΚΟ ΓΩΝΙΑΚΟ,1,5,D199,ΗΛΕΚΤΡΟΛΟΓΙΚΑ,ΗΛΕΚΤΡΟΛΟΓΙΚΑ,,,5
ZK1ZB0-BLACK,D199 ΤΑΙΝΙΑ PVC ΜΟΝΩΤΙΚΗ 19Χ0.13mm 18.29m ΜΑΥΡΗ,3,27,D199,ΗΛΕΚΤΡΟΛΟΓΙΚΑ,ΗΛΕΚΤΡΟΛΟΓΙΚΑ,,,27
ZK1ZB0-WHITE,D199 ΤΑΙΝΙΑ PVC ΜΟΝΩΤΙΚΗ 19Χ0.13mm 18.29m ΛΕΥΚΗ,1,,D199,ΗΛΕΚΤΡΟΛΟΓΙΚΑ,ΗΛΕΚΤΡΟΛΟΓΙΚΑ,,,0
ZKB-001,I158 ΔΙΠΛΟΣ ΣΥΡΟΜΕΝΟΣ ΚΑΔΟΣ ΣΚΟΥΠΙΔΙΩΝ 562-8x506x570CM,0,,I158,ΚΟΥΖΙΝΑ,ΚΟΥΖΙΝΑ,https://cdn.jsdelivr.net/gh/adenadoume/erp-equipment-reservations@main/catalog-images/ZKB-001.png,,0
ZKB001,I158 ΔΙΠΛΟΣ ΣΥΡΟΜΕΝΟΣ ΚΑΔΟΣ ΣΚΟΥΠΙΔΙΩΝ 562-8x506x570CM,215,26,I158,ΚΟΥΖΙΝΑ,ΚΟΥΖΙΝΑ,https://cdn.jsdelivr.net/gh/adenadoume/erp-equipment-reservations@main/catalog-images/ZKB001.png,,25
ZKD190B,D199 ΓΕΦΥΡΑ ΦΑΣΗΣ 1P 57X20mm 100A (HAGER-KDN100),17,,D199,ΗΛΕΚΤΡΟΛΟΓΙΚΑ,ΗΛΕΚΤΡΟΛΟΓΙΚΑ,,,0
ZKM11PWU,D198 ΠΡΙΖΑ TV ΤΕΡΜΑΤΙΣΜΟΥ,0,14,D198,ΗΛΕΚΤΡΟΛΟΓΙΚΑ,ΗΛΕΚΤΡΟΛΟΓΙΚΑ,,,14
ZKM11SBU,D198 ΠΡΙΖΑ TV ΤΕΡΜΑΤΙΣΜΟΥ,0,3,D198,ΗΛΕΚΤΡΟΛΟΓΙΚΑ,ΗΛΕΚΤΡΟΛΟΓΙΚΑ,,,3
ZKM12PWU,D198 ΠΡΙΖΑ TV ΔΙΕΛΕΥΣΗΣ,0,7,D198,ΗΛΕΚΤΡΟΛΟΓΙΚΑ,ΗΛΕΚΤΡΟΛΟΓΙΚΑ,,,7
ZKM12SBU,D198 ΠΡΙΖΑ TV ΔΙΕΛΕΥΣΗΣ,0,6,D198,ΗΛΕΚΤΡΟΛΟΓΙΚΑ,ΗΛΕΚΤΡΟΛΟΓΙΚΑ,,,6
ZKM16PWU,D198 ΠΡΙΖΑ SAT ΤΕΡΜΑΤΙΣΜΟΥ,0,5,D198,ΗΛΕΚΤΡΟΛΟΓΙΚΑ,ΗΛΕΚΤΡΟΛΟΓΙΚΑ,,,5
ZKM16SBU,D198 ΠΡΙΖΑ SAT ΤΕΡΜΑΤΙΣΜΟΥ,0,1,D198,ΗΛΕΚΤΡΟΛΟΓΙΚΑ,ΗΛΕΚΤΡΟΛΟΓΙΚΑ,,,1
ZKM30PWU,D198 ΠΡΙΖΑ ΤΗΛΕΦΩΝΟΥ,0,28,D198,ΗΛΕΚΤΡΟΛΟΓΙΚΑ,ΗΛΕΚΤΡΟΛΟΓΙΚΑ,,,28
ZKM39PWU,D198 ΠΡΙΖΑ KS CAT6 SCH,0,12,D198,ΗΛΕΚΤΡΟΛΟΓΙΚΑ,ΗΛΕΚΤΡΟΛΟΓΙΚΑ,,,12
ZKM39SBU,D198 ΠΡΙΖΑ KS CAT6 SCH,0,3,D198,ΗΛΕΚΤΡΟΛΟΓΙΚΑ,ΗΛΕΚΤΡΟΛΟΓΙΚΑ,,,3
ZKOLPLAK001,D200 KERAKOLL ΣΑΜΠΟΥΑΝ ΠΛΑΚΙΔΙΩΝ 1 ΛΙΤΡΟΥ,0,6,D200,ΧΡΩΜΑΤΑ,ΜΠΟΤΣΙΟΣ,,,6
ZKOLPLAK002,D200 ΑΠΟΣΤΑΤΕΣ ΠΛΑΚΙΔΙΩΝ 1.5ΜΜ (100ΤΕΜ),4,139,D200,ΧΡΩΜΑΤΑ,ΜΠΟΤΣΙΟΣ,,,94
ZKOLPLAK003,D200 ΣΦΗΝΕΣ ΠΛΑΚΙΔΙΩΝ (100ΤΕΜ),9,57,D200,ΧΡΩΜΑΤΑ,ΜΠΟΤΣΙΟΣ,,,47
ZKOLPLAK004,D200 KERAKOLL H30 ΚΟΛΛΑ ΠΛΑΚΙΔΙΩΝ 25kg,1,-7041,D200,ΧΡΩΜΑΤΑ,ΜΠΟΤΣΙΟΣ,,,-7138
ZKOLPLAK005,D200 KERAKOLL ΚΟΛΛΑ ΠΛΑΚΙΔΙΩΝ H40 25kg,1,7906,D200,ΧΡΩΜΑΤΑ,ΜΠΟΤΣΙΟΣ,,,7824
ZKOLPLAK006,D201 ISOMAT ΚΟΛΛΑ ΠΛΑΚΙΔΙΩΝ ΑΚ20,12,15,D201,ΧΡΩΜΑΤΑ,ΣΚΙΑΔΑΣ ΛΕΥΚΑΔΑ,,,-23
ZLAMP001,D199 ΛΑΜΠΑ LED PAR 16 6.2W GU10,8,,D199,ΗΛΕΚΤΡΟΛΟΓΙΚΑ,ΗΛΕΚΤΡΟΛΟΓΙΚΑ,,,0
ZLAMP002,D199 ΛΑΜΠΑ LED 7W E14 230V ΘΕΡΜΟ/ΛΕΥΚΟ,0,30,D199,ΗΛΕΚΤΡΟΛΟΓΙΚΑ,ΗΛΕΚΤΡΟΛΟΓΙΚΑ,,,30
ZLD,I195 ΓΡΑΜΜΙΚΗ ΣΧΑΡΑ ΔΙΑΣΤΑΣΕΙΣ 1000Χ100ΜΜ SS304 ΜΕ ΔΥΟ ΔΙΑΚΕΝΑ 10ΜΜ,0,50,I195,ΟΙΚΟΔΟΜΙΚΑ ΥΛΙΚΑ,ΟΙΚΟΔΟΜΙΚΑ ΥΛΙΚΑ,https://cdn.jsdelivr.net/gh/adenadoume/erp-equipment-reservations@main/catalog-images/ZLD.png,,50
ZLD-PCD,I195 ΦΡΕΑΤΙΟ ΕΛΕΓΧΟΥ SS304 ΜΕ ΔΥΟ ΔΙΑΚΕΝΑ 10ΜΜ ΔΙΑΣΤΑΣΕΙΣ 500Χ100ΜΜ,0,35,I195,ΟΙΚΟΔΟΜΙΚΑ ΥΛΙΚΑ,ΟΙΚΟΔΟΜΙΚΑ ΥΛΙΚΑ,https://cdn.jsdelivr.net/gh/adenadoume/erp-equipment-reservations@main/catalog-images/ZLD-PCD.png,,35
ZLDEA,I141 ΕΞΩΤΕΡΙΚΗ ΓΩΝΙΑ SS304 ΜΕ ΔΥΟ ΔΙΑΚΕΝΑ 10ΜΜ 500Χ500Χ100ΜΜ,0,15,I141,ΟΙΚΟΔΟΜΙΚΑ ΥΛΙΚΑ,ΟΙΚΟΔΟΜΙΚΑ ΥΛΙΚΑ,https://cdn.jsdelivr.net/gh/adenadoume/erp-equipment-reservations@main/catalog-images/ZLDEA.png,,15
ZLDIA,I141 ΕΣΩΤΕΡΙΚΗ ΓΩΝΙΑ SS304 ΜΕ ΔΥΟ ΔΙΑΚΕΝΑ 10ΜΜ 500Χ500Χ100ΜΜ,0,15,I141,ΟΙΚΟΔΟΜΙΚΑ ΥΛΙΚΑ,ΟΙΚΟΔΟΜΙΚΑ ΥΛΙΚΑ,https://cdn.jsdelivr.net/gh/adenadoume/erp-equipment-reservations@main/catalog-images/ZLDIA.png,,15
ZLEGRAND601976,D199 ΗΛΕΚΤΡΟΛΟΓΙΚΟΣ ΠΙΝΑΚΑΣ -ΣΤΕΓΑΝΟ ΕΡΜΑΡΙΟ,0,,D199,ΗΛΕΚΤΡΟΛΟΓΙΚΑ,ΗΛΕΚΤΡΟΛΟΓΙΚΑ,,,0
ZMACM350,I143 ΜΠΕΤΟΝΙΕΡΑ 350LT ΜΕ ΠΕΤΡΕΛΑΙΟΚΙΝΗΤΗΡΑ,0,1,I143,ΗΛΕΚΤΡΟΜΗΧ/ΚΟΣ ΕΞΟΠΛΙΣΜΟΣ,ΗΛΕΚΤΡΟΜΗΧ/ΚΟΣ ΕΞΟΠΛΙΣΜΟΣ,https://cdn.jsdelivr.net/gh/adenadoume/erp-equipment-reservations@main/catalog-images/ZMACM350.png,,1
ZMAPC160,I143 ΔΟΝΗΤΙΚΗ ΠΛΑΚΑ 160KG ΜΕ ΠΕΤΡΕΛΑΙΟΚΙΝΗΤΗΡΑ,0,1,I143,ΗΛΕΚΤΡΟΜΗΧ/ΚΟΣ ΕΞΟΠΛΙΣΜΟΣ,ΗΛΕΚΤΡΟΜΗΧ/ΚΟΣ ΕΞΟΠΛΙΣΜΟΣ,https://cdn.jsdelivr.net/gh/adenadoume/erp-equipment-reservations@main/catalog-images/ZMAPC160.png,,1
ZMB001,I161 ΒΑΣΕΙΣ ΦΩΤΟΒΟΛΤΑΙΚΩΝ ΠΑΝΕΛ SP- 001,0,,I161,ΗΛΕΚΤΡΟΜΗΧ/ΚΟΣ ΕΞΟΠΛΙΣΜΟΣ,ΗΛΕΚΤΡΟΜΗΧ/ΚΟΣ ΕΞΟΠΛΙΣΜΟΣ,https://cdn.jsdelivr.net/gh/adenadoume/erp-equipment-reservations@main/catalog-images/ZMB001.png,,0
ZMCN140,D199 ΜΙΚΡΟΑΥΤΟΜΑΤΟΣ 1P C40A 6kA 230V,4,10,D199,ΗΛΕΚΤΡΟΛΟΓΙΚΑ,ΗΛΕΚΤΡΟΛΟΓΙΚΑ,,,10
ZMHC400R,I141 ΚΑΠΑΚΙ ΦΡΕΑΤΙΟΥ ΕΠΙΓΕΜΙΖΟΜΕΝΟ ΜΕ ΠΛΑΙΣΙΟ Φ400*H100MM SS304,0,53,I141,ΟΙΚΟΔΟΜΙΚΑ ΥΛΙΚΑ,ΟΙΚΟΔΟΜΙΚΑ ΥΛΙΚΑ,https://cdn.jsdelivr.net/gh/adenadoume/erp-equipment-reservations@main/catalog-images/ZMHC400R.png,,53
ZMHC400X300,I141 ΚΑΠΑΚΙ ΦΡΕΑΤΙΟΥ ΕΠΙΓΕΜΙΖΟΜΕΝΟ ΜΕ ΠΛΑΙΣΙΟ 400X300*100MM SS304,0,50,I141,ΟΙΚΟΔΟΜΙΚΑ ΥΛΙΚΑ,ΟΙΚΟΔΟΜΙΚΑ ΥΛΙΚΑ,https://cdn.jsdelivr.net/gh/adenadoume/erp-equipment-reservations@main/catalog-images/ZMHC400X300.png,,50
ZMHC500S,I141 ΚΑΠΑΚΙ ΦΡΕΑΤΙΟΥ ΕΠΙΓΕΜΙΖΟΜΕΝΟ ΜΕ ΠΛΑΙΣΙΟ 500X500*100MM SS304,0,36,I141,ΟΙΚΟΔΟΜΙΚΑ ΥΛΙΚΑ,ΟΙΚΟΔΟΜΙΚΑ ΥΛΙΚΑ,https://cdn.jsdelivr.net/gh/adenadoume/erp-equipment-reservations@main/catalog-images/ZMHC500S.png,,36
ZMIXER001,I196 Mixer,126,3,I196,ΕΡΓΑΛΕΙΑ,ΕΡΓΑΛΕΙΑ,https://cdn.jsdelivr.net/gh/adenadoume/erp-equipment-reservations@main/catalog-images/ZMIXER001.png,,3
ZMJ150022,I46 ΔΙΣΚΟΣ ΚΟΠΗΣ 2''/50,0,,I146,ΕΡΓΑΛΕΙΑ,ΔΙΣΚΟΙ ΚΟΠΗΣ,,,0
ZMJ150023,I46 ΔΙΣΚΟΣ ΚΟΠΗΣ 3''/76,0,,I146,ΕΡΓΑΛΕΙΑ,ΔΙΣΚΟΙ ΚΟΠΗΣ,,,0
ZMJ150024,I46 ΔΙΣΚΟΣ ΚΟΠΗΣ 4''/102,0,,I146,ΕΡΓΑΛΕΙΑ,ΔΙΣΚΟΙ ΚΟΠΗΣ,,,0
ZMJ150025,I46 ΔΙΣΚΟΣ ΚΟΠΗΣ 5''/127,0,,I146,ΕΡΓΑΛΕΙΑ,ΔΙΣΚΟΙ ΚΟΠΗΣ,,,0
ZMJ150026,I46 ΔΙΣΚΟΣ ΚΟΠΗΣ 6''/152,0,,I146,ΕΡΓΑΛΕΙΑ,ΔΙΣΚΟΙ ΚΟΠΗΣ,,,0
ZMJ150028,I46 ΔΙΣΚΟΣ ΚΟΠΗΣ 8''/202,0,,I146,ΕΡΓΑΛΕΙΑ,ΔΙΣΚΟΙ ΚΟΠΗΣ,,,0
ZMJ150029,D201 ΔΙΣΚΟΣ ΔΙΑΜΑΝΤΕ ΚΟΠΗΣ Φ230,116,,D201,ΧΡΩΜΑΤΑ,ΣΚΙΑΔΑΣ ΛΕΥΚΑΔΑ,,,0
ZMJ03002120,"I46 ΔΙΣΚΟΣ ΚΟΠΗΣ 125X5X22,23MM",0,,I146,ΕΡΓΑΛΕΙΑ,ΔΙΣΚΟΙ ΚΟΠΗΣ,,,0
ZMJ020011006,I46 ΔΙΣΚΟΣ ΚΟΠΗΣ 100X6X16,0,,I146,ΕΡΓΑΛΕΙΑ,ΔΙΣΚΟΙ ΚΟΠΗΣ,,,0
ZMJ020012306,I46 ΔΙΣΚΟΣ ΚΟΠΗΣ 230X6X22,2,,I146,ΕΡΓΑΛΕΙΑ,ΔΙΣΚΟΙ ΚΟΠΗΣ,,,0
ZMJ030011007D,I46 ΔΙΣΚΟΣ ΚΟΠΗΣ 105X7X20MM,0,,I146,ΕΡΓΑΛΕΙΑ,ΔΙΣΚΟΙ ΚΟΠΗΣ,,,0
ZMJ030011157D,"I46 ΔΙΣΚΟΣ ΚΟΠΗΣ 115X7X22,23MM",0,,I146,ΕΡΓΑΛΕΙΑ,ΔΙΣΚΟΙ ΚΟΠΗΣ,,,0
ZMJ030011257D,"I46 ΔΙΣΚΟΣ ΚΟΠΗΣ 125X7X22,23MM",0,,I146,ΕΡΓΑΛΕΙΑ,ΔΙΣΚΟΙ ΚΟΠΗΣ,,,0
ZMJ030031257T,"I46 ΔΙΣΚΟΣ ΚΟΠΗΣ 125X7X22,23MM",0,,I146,ΕΡΓΑΛΕΙΑ,ΔΙΣΚΟΙ ΚΟΠΗΣ,,,0
ZMJ0600114250,I46 ΔΙΣΚΟΣ ΚΟΠΗΣ 14X250,0,,I146,ΕΡΓΑΛΕΙΑ,ΔΙΣΚΟΙ ΚΟΠΗΣ,,,0
ZMJ0600317280,I46 ΔΙΣΚΟΣ ΚΟΠΗΣ 17X280,0,,I146,ΕΡΓΑΛΕΙΑ,ΔΙΣΚΟΙ ΚΟΠΗΣ,,,0
ZMJ0600430410,I46 ΔΙΣΚΟΣ ΚΟΠΗΣ 30X410,0,,I146,ΕΡΓΑΛΕΙΑ,ΔΙΣΚΟΙ ΚΟΠΗΣ,,,0
ZMJ060011425020,I46 ΔΙΣΚΟΣ ΚΟΠΗΣ 14X250X20,0,,I146,ΕΡΓΑΛΕΙΑ,ΔΙΣΚΟΙ ΚΟΠΗΣ,,,0
ZMJ060011425022,I46 ΔΙΣΚΟΣ ΚΟΠΗΣ 14X250X22,0,,I146,ΕΡΓΑΛΕΙΑ,ΔΙΣΚΟΙ ΚΟΠΗΣ,,,0
ZMJ060011425040,I46 ΔΙΣΚΟΣ ΚΟΠΗΣ 14X250X40,0,,I146,ΕΡΓΑΛΕΙΑ,ΔΙΣΚΟΙ ΚΟΠΗΣ,,,0
ZMJ060031728022,I46 ΔΙΣΚΟΣ ΚΟΠΗΣ 17X280X22,0,,I146,ΕΡΓΑΛΕΙΑ,ΔΙΣΚΟΙ ΚΟΠΗΣ,,,0
ZMJ060031728050,I46 ΔΙΣΚΟΣ ΚΟΠΗΣ 17X280X50,0,,I146,ΕΡΓΑΛΕΙΑ,ΔΙΣΚΟΙ ΚΟΠΗΣ,,,0
ZMJ060043041035,I46 ΔΙΣΚΟΣ ΚΟΠΗΣ 30X140X35,0,,I146,ΕΡΓΑΛΕΙΑ,ΔΙΣΚΟΙ ΚΟΠΗΣ,,,0
ZMON001,D203 ΓΩΝΙΟΚΡΑΝΟ ΘΕΡΜ/ΨΗΣ 10Χ10Χ2.5Μ,2,902,D203,ΧΡΩΜΑΤΑ,ΓΚΕΣΟΥΛΗΣ,,,860
ZMON002,D203 ΝΕΡΟΣΤΑΛΑΚΤΗΣ ΘΕΡΜ/ΨΗΣ 2.5Μ,1,110,D203,ΧΡΩΜΑΤΑ,ΓΚΕΣΟΥΛΗΣ,,,110
ZMON003,D203 ΒΥΣΜΑ THERMOSYSTEM-LTX 8X135mm (200ΤΕΜ),29,200,D203,ΧΡΩΜΑΤΑ,ΓΚΕΣΟΥΛΗΣ,,,200
ZMON004,D203 ΒΥΣΜΑ THERMOSYSTEM-LTX 8X155mm (200ΤΕΜ),31,,D203,ΧΡΩΜΑΤΑ,ΓΚΕΣΟΥΛΗΣ,,,0
ZMON005,D203 ΘΕΡΜΟΜΟΝΩΤΙΚΕΣ ΤΑΠΕΣ EPS WHITE (200ΤΕΜ),16,,D203,ΧΡΩΜΑΤΑ,ΓΚΕΣΟΥΛΗΣ,,,0
ZMON006,D201 ΜΟΥΡΕΛΑ 25m,0,,D201,ΧΡΩΜΑΤΑ,ΣΚΙΑΔΑΣ ΛΕΥΚΑΔΑ,,,0
ZMONEPS80-3,D203 EPS 80 3cm RF CE,3,,D203,ΧΡΩΜΑΤΑ,ΓΚΕΣΟΥΛΗΣ,,,0
ZMONEPS80-5,D203 EPS 80 5cm RF CE,5,-25,D203,ΧΡΩΜΑΤΑ,ΓΚΕΣΟΥΛΗΣ,,,-25
ZMONEPS80-7,D203 EPS 80 7cm RF CE,7,,D203,ΧΡΩΜΑΤΑ,ΓΚΕΣΟΥΛΗΣ,,,0
ZMT001,I136 ΧΑΡΤΟΤΑΙΝΙΑ 5CM,0,673,I136,ΟΙΚΟΔΟΜΙΚΑ ΥΛΙΚΑ,ΟΙΚΟΔΟΜΙΚΑ ΥΛΙΚΑ,https://cdn.jsdelivr.net/gh/adenadoume/erp-equipment-reservations@main/catalog-images/ZMT001.png,,673
ZMT002,I136 ΧΑΡΤΟΤΑΙΝΙΑ 3CM,0,199,I136,ΟΙΚΟΔΟΜΙΚΑ ΥΛΙΚΑ,ΟΙΚΟΔΟΜΙΚΑ ΥΛΙΚΑ,https://cdn.jsdelivr.net/gh/adenadoume/erp-equipment-reservations@main/catalog-images/ZMT002.png,,199
ZMUR36132,D199 MUREVA-ΠΡΙΖΑ ΣΟΥΚΟ ΑΣΦΑΛΕΙΑΣ,0,29,D199,ΗΛΕΚΤΡΟΛΟΓΙΚΑ,ΗΛΕΚΤΡΟΛΟΓΙΚΑ,,,29
ZMUR39132,D199 MUREVA-ΠΡΙΖΑ ΣΟΥΚΟ ΑΣΦΑΛΕΙΑΣ,8,15,D199,ΗΛΕΚΤΡΟΛΟΓΙΚΑ,ΗΛΕΚΤΡΟΛΟΓΙΚΑ,,,15
ZNM10-P,D198 ΒΑΣΗ ΣΤΗΡΙΞΗΣ ΜΕ ΒΙΔΕΣ 10,0,31,D198,ΗΛΕΚΤΡΟΛΟΓΙΚΑ,ΗΛΕΚΤΡΟΛΟΓΙΚΑ,,,31
ZNM20-P,D198 ΒΑΣΗ ΣΤΗΡΙΞΗΣ ΜΕ ΒΙΔΕΣ 20,0,66,D198,ΗΛΕΚΤΡΟΛΟΓΙΚΑ,ΗΛΕΚΤΡΟΛΟΓΙΚΑ,,,66
ZNM30-P,D198 ΒΑΣΗ ΣΤΗΡΙΞΗΣ ΜΕ ΒΙΔΕΣ 30,0,123,D198,ΗΛΕΚΤΡΟΛΟΓΙΚΑ,ΗΛΕΚΤΡΟΛΟΓΙΚΑ,,,123
ZNM40-P,D198 ΒΑΣΗ ΣΤΗΡΙΞΗΣ ΜΕ ΒΙΔΕΣ 40,0,85,D198,ΗΛΕΚΤΡΟΛΟΓΙΚΑ,ΗΛΕΚΤΡΟΛΟΓΙΚΑ,,,85
ZNM70-P,D198 ΒΑΣΗ ΣΤΗΡΙΞΗΣ ΜΕ ΒΙΔΕΣ 70,0,63,D198,ΗΛΕΚΤΡΟΛΟΓΙΚΑ,ΗΛΕΚΤΡΟΛΟΓΙΚΑ,,,63
ZOL10PWU,D198 ΠΛΑΙΣΙΟ ΚΑΛΥΨΗΣ,0,-6,D198,ΗΛΕΚΤΡΟΛΟΓΙΚΑ,ΗΛΕΚΤΡΟΛΟΓΙΚΑ,,,-6
ZOL10SBU,D198 ΠΛΑΙΣΙΟ ΚΑΛΥΨΗΣ,0,9,D198,ΗΛΕΚΤΡΟΛΟΓΙΚΑ,ΗΛΕΚΤΡΟΛΟΓΙΚΑ,,,9
ZOL20PWU,D198 ΠΛΑΙΣΙΟ ΚΑΛΥΨΗΣ,0,78,D198,ΗΛΕΚΤΡΟΛΟΓΙΚΑ,ΗΛΕΚΤΡΟΛΟΓΙΚΑ,,,78
ZOL20SBU,D198 ΠΛΑΙΣΙΟ ΚΑΛΥΨΗΣ,0,43,D198,ΗΛΕΚΤΡΟΛΟΓΙΚΑ,ΗΛΕΚΤΡΟΛΟΓΙΚΑ,,,43
ZOL30PWU,D198 ΠΛΑΙΣΙΟ ΚΑΛΥΨΗΣ,0,77,D198,ΗΛΕΚΤΡΟΛΟΓΙΚΑ,ΗΛΕΚΤΡΟΛΟΓΙΚΑ,,,77
ZOL30SBU,D198 ΠΛΑΙΣΙΟ ΚΑΛΥΨΗΣ,0,30,D198,ΗΛΕΚΤΡΟΛΟΓΙΚΑ,ΗΛΕΚΤΡΟΛΟΓΙΚΑ,,,30
ZOL40NB-U,D198 ΠΛΑΙΣΙΟ ΚΑΛΥΨΗΣ LINE,0,9,D198,ΗΛΕΚΤΡΟΛΟΓΙΚΑ,ΗΛΕΚΤΡΟΛΟΓΙΚΑ,,,9
ZOL40PWU,D198 ΠΛΑΙΣΙΟ ΚΑΛΥΨΗΣ,0,80,D198,ΗΛΕΚΤΡΟΛΟΓΙΚΑ,ΗΛΕΚΤΡΟΛΟΓΙΚΑ,,,80
ZOL40SBU,D198 ΠΛΑΙΣΙΟ ΚΑΛΥΨΗΣ,0,18,D198,ΗΛΕΚΤΡΟΛΟΓΙΚΑ,ΗΛΕΚΤΡΟΛΟΓΙΚΑ,,,18
ZOL70PWU,D198 ΠΛΑΙΣΙΟ ΚΑΛΥΨΗΣ,0,26,D198,ΗΛΕΚΤΡΟΛΟΓΙΚΑ,ΗΛΕΚΤΡΟΛΟΓΙΚΑ,,,26
ZOL70SBU,D198 ΠΛΑΙΣΙΟ ΚΑΛΥΨΗΣ,0,15,D198,ΗΛΕΚΤΡΟΛΟΓΙΚΑ,ΗΛΕΚΤΡΟΛΟΓΙΚΑ,,,15
ZOLCUBALUX,D199 ΚΑΛ.ΥΦΑΣΜΑΤΙΝΟ 2Χ0.75 ΜΑΥΡΟ,3,,D199,ΗΛΕΚΤΡΟΛΟΓΙΚΑ,ΗΛΕΚΤΡΟΛΟΓΙΚΑ,,,0
ZOSBS001,I132 ΠΑΝΕΛ 18MM OSB+60MM EPS+18MM OSB 1220×3000MM,0,,I132,ΟΙΚΟΔΟΜΙΚΑ ΥΛΙΚΑ,ΟΙΚΟΔΟΜΙΚΑ ΥΛΙΚΑ,https://cdn.jsdelivr.net/gh/adenadoume/erp-equipment-reservations@main/catalog-images/ZOSBS001.png,,0
ZPI0092,D208 ΠΙΝΑΚΙΔΑ ΑΛΟΥΜΙΝΙΟΥ 20Χ30cm,0,,D208,ΧΩΡΟΣΗΜΑΝΣΗ,ΧΩΡΟΣΗΜΑΝΣΗ,,,0
ZPI1022,D208 ΠΙΝΑΚΙΔΑ ΑΛΟΥΜΙΝΙΟΥ 50Χ70cm,0,10,D208,ΧΩΡΟΣΗΜΑΝΣΗ,ΧΩΡΟΣΗΜΑΝΣΗ,,,10
ZPLAK CORE GREY,D200 CORE GREY 60X60 ANTISLIP,0,,D200,ΧΡΩΜΑΤΑ,ΜΠΟΤΣΙΟΣ,,,0
ZPLAKA001,D200 SHADE MID DARK GREY 45X45 KERITALY,10,,D200,ΧΡΩΜΑΤΑ,ΜΠΟΤΣΙΟΣ,,,0
ZPOLYBRIZ3TH01,D199 ΠΟΛΥΜΠΡΙΖΟ 3 ΘΕΣΕΩΝ,0,,D199,ΗΛΕΚΤΡΟΛΟΓΙΚΑ,ΗΛΕΚΤΡΟΛΟΓΙΚΑ,,,0
ZPOLYBRIZ4TH01,D199 ΠΟΛΥΜΠΡΙΖΟ 4 ΘΕΣΕΩΝ,0,1,D199,ΗΛΕΚΤΡΟΛΟΓΙΚΑ,ΗΛΕΚΤΡΟΛΟΓΙΚΑ,,,1
ZPOLYBRIZ5TH01,D199 ΠΟΛΥΜΠΡΙΖΟ 5 ΘΕΣΕΩΝ,0,3,D199,ΗΛΕΚΤΡΟΛΟΓΙΚΑ,ΗΛΕΚΤΡΟΛΟΓΙΚΑ,,,3
ZPTMAB4006,I146 Electric Blower,0,,I146,ΕΡΓΑΛΕΙΑ,ΕΡΓΑΛΕΙΑ,https://cdn.jsdelivr.net/gh/adenadoume/erp-equipment-reservations@main/catalog-images/ZPTMAB4006.png,,0
ZPTMAG1403.02,I146 150MM ANGLE GRINDER MAG1403.02 1400W,0,1,I146,ΕΡΓΑΛΕΙΑ,ΕΡΓΑΛΕΙΑ,https://cdn.jsdelivr.net/gh/adenadoume/erp-equipment-reservations@main/catalog-images/ZPTMAG1403.02.png,,1
ZPTMAG2305,I146 230MM ANGLE GRINDER 2400W,0,7,I146,ΕΡΓΑΛΕΙΑ,ΕΡΓΑΛΕΙΑ,https://cdn.jsdelivr.net/gh/adenadoume/erp-equipment-reservations@main/catalog-images/ZPTMAG2305.png,,7
ZPTMAG9008,I146 Angel Grinder,0,,I146,ΕΡΓΑΛΕΙΑ,ΕΡΓΑΛΕΙΑ,https://cdn.jsdelivr.net/gh/adenadoume/erp-equipment-reservations@main/catalog-images/ZPTMAG9008.png,,0
ZPTMAG140302carbonbrush,I146 carbon brush,0,,I146,ΕΡΓΑΛΕΙΑ,ΕΡΓΑΛΕΙΑ,https://cdn.jsdelivr.net/gh/adenadoume/erp-equipment-reservations@main/catalog-images/ZPTMAG140302carbonbrush.png,,0
ZPTMAS1013J,I146 AIR SPRAY GUN MASG71G,0,3,I146,ΕΡΓΑΛΕΙΑ,ΕΡΓΑΛΕΙΑ,https://cdn.jsdelivr.net/gh/adenadoume/erp-equipment-reservations@main/catalog-images/ZPTMAS1013J.png,,3
ZPTMASG71G,I146 58CC GASOLINE CHAIN SAW (18”) MGS5803,0,9,I146,ΕΡΓΑΛΕΙΑ,ΕΡΓΑΛΕΙΑ,https://cdn.jsdelivr.net/gh/adenadoume/erp-equipment-reservations@main/catalog-images/ZPTMASG71G.png,,9
ZPTMASG827,I146 Air Spray Gun,0,2,I146,ΕΡΓΑΛΕΙΑ,ΕΡΓΑΛΕΙΑ,https://cdn.jsdelivr.net/gh/adenadoume/erp-equipment-reservations@main/catalog-images/ZPTMASG827.png,,2
ZPTMBC4301ECO,I146 125MM ULTRATHIN CUTTING WHEEL MJ01001-12510,0,1,I146,ΕΡΓΑΛΕΙΑ,ΕΡΓΑΛΕΙΑ,https://cdn.jsdelivr.net/gh/adenadoume/erp-equipment-reservations@main/catalog-images/ZPTMBC4301ECO.png,,1
ZPTMCAG2110.A1,I146 21V cordless angle grinder MCAG2110.A1,0,,I146,ΕΡΓΑΛΕΙΑ,ΕΡΓΑΛΕΙΑ,https://cdn.jsdelivr.net/gh/adenadoume/erp-equipment-reservations@main/catalog-images/ZPTMCAG2110.A1.png,,0
ZPTMCAG2110BATT,I146 MCAG2110 battery （ 4.0AH）,0,,I146,ΕΡΓΑΛΕΙΑ,ΕΡΓΑΛΕΙΑ,https://cdn.jsdelivr.net/gh/adenadoume/erp-equipment-reservations@main/catalog-images/ZPTMCAG2110BATT.png,,0
ZPTMCDT2126.B2,I146 LI-ION CORDLESS DRILL MCDT2126.B2,0,3,I146,ΕΡΓΑΛΕΙΑ,ΕΡΓΑΛΕΙΑ,https://cdn.jsdelivr.net/gh/adenadoume/erp-equipment-reservations@main/catalog-images/ZPTMCDT2126.B2.png,,3
ZPTMCDT2126B2BATT,I146 LI-ION CORDLESS DRILL BATTERY,0,,I146,ΕΡΓΑΛΕΙΑ,ΕΡΓΑΛΕΙΑ,https://cdn.jsdelivr.net/gh/adenadoume/erp-equipment-reservations@main/catalog-images/ZPTMCDT2126B2BATT.png,,0
ZPTMCIW2128.A1,I146 BRUSHLESS LI-ION CORDLESS WRENCH,0,7,I146,ΕΡΓΑΛΕΙΑ,ΕΡΓΑΛΕΙΑ,https://cdn.jsdelivr.net/gh/adenadoume/erp-equipment-reservations@main/catalog-images/ZPTMCIW2128.A1.png,,7
ZPTMCIW2128BATT,I146 battery,0,,I146,ΕΡΓΑΛΕΙΑ,ΕΡΓΑΛΕΙΑ,https://cdn.jsdelivr.net/gh/adenadoume/erp-equipment-reservations@main/catalog-images/ZPTMCIW2128BATT.png,,0
ZPTMCRS1203.A1,I146 LI-ION CORDLESS RECIPROCATING SAW MCRS1203.A1,0,,I146,ΕΡΓΑΛΕΙΑ,ΕΡΓΑΛΕΙΑ,https://cdn.jsdelivr.net/gh/adenadoume/erp-equipment-reservations@main/catalog-images/ZPTMCRS1203.A1.png,,0
ZPTMCUT405,I146 PLASMA CUTTING MACHINE,0,,I146,ΕΡΓΑΛΕΙΑ,ΕΡΓΑΛΕΙΑ,https://cdn.jsdelivr.net/gh/adenadoume/erp-equipment-reservations@main/catalog-images/ZPTMCUT405.png,,0
ZPTMDB0810,I146 Demolition Hammer,0,,I146,ΕΡΓΑΛΕΙΑ,ΕΡΓΑΛΕΙΑ,https://cdn.jsdelivr.net/gh/adenadoume/erp-equipment-reservations@main/catalog-images/ZPTMDB0810.png,,0
ZPTMDB900BURSH,I146 BURSH,0,,I146,ΕΡΓΑΛΕΙΑ,ΕΡΓΑΛΕΙΑ,https://cdn.jsdelivr.net/gh/adenadoume/erp-equipment-reservations@main/catalog-images/ZPTMDB900BURSH.png,,0
ZPTMDB9003,I146 JIG SAW MJS7003,0,,I146,ΕΡΓΑΛΕΙΑ,ΕΡΓΑΛΕΙΑ,https://cdn.jsdelivr.net/gh/adenadoume/erp-equipment-reservations@main/catalog-images/ZPTMDB9003.png,,0
ZPTMDB9003bearing,I146 bearing6205,0,,I146,ΕΡΓΑΛΕΙΑ,ΕΡΓΑΛΕΙΑ,https://cdn.jsdelivr.net/gh/adenadoume/erp-equipment-reservations@main/catalog-images/ZPTMDB9003bearing.png,,0
ZPTMDB9003bearing6205,I146 bearing6205,0,,I146,ΕΡΓΑΛΕΙΑ,ΕΡΓΑΛΕΙΑ,https://cdn.jsdelivr.net/gh/adenadoume/erp-equipment-reservations@main/catalog-images/ZPTMDB9003bearing6205.png,,0
ZPTMDB9003bearingcover,I146 bearing cover6205,0,,I146,ΕΡΓΑΛΕΙΑ,ΕΡΓΑΛΕΙΑ,https://cdn.jsdelivr.net/gh/adenadoume/erp-equipment-reservations@main/catalog-images/ZPTMDB9003bearingcover.png,,0
ZPTMDB9003bearingcover6205,I146 bearing cover6205,0,,I146,ΕΡΓΑΛΕΙΑ,ΕΡΓΑΛΕΙΑ,https://cdn.jsdelivr.net/gh/adenadoume/erp-equipment-reservations@main/catalog-images/ZPTMDB9003bearingcover6205.png,,0
ZPTMDB9003biggear,I146 big gear,0,,I146,ΕΡΓΑΛΕΙΑ,ΕΡΓΑΛΕΙΑ,https://cdn.jsdelivr.net/gh/adenadoume/erp-equipment-reservations@main/catalog-images/ZPTMDB9003biggear.png,,0
ZPTMDB9003piston,I146 piston,0,,I146,ΕΡΓΑΛΕΙΑ,ΕΡΓΑΛΕΙΑ,https://cdn.jsdelivr.net/gh/adenadoume/erp-equipment-reservations@main/catalog-images/ZPTMDB9003piston.png,,0
ZPTMDB9003smallgear,I146 small gear,0,,I146,ΕΡΓΑΛΕΙΑ,ΕΡΓΑΛΕΙΑ,https://cdn.jsdelivr.net/gh/adenadoume/erp-equipment-reservations@main/catalog-images/ZPTMDB9003smallgear.png,,0
ZPTMDB9003STATOR,I146 STATOR,0,,I146,ΕΡΓΑΛΕΙΑ,ΕΡΓΑΛΕΙΑ,https://cdn.jsdelivr.net/gh/adenadoume/erp-equipment-reservations@main/catalog-images/ZPTMDB9003STATOR.png,,0
ZPTMDB9005,I146 Demolition Hammer,0,,I146,ΕΡΓΑΛΕΙΑ,ΕΡΓΑΛΕΙΑ,https://cdn.jsdelivr.net/gh/adenadoume/erp-equipment-reservations@main/catalog-images/ZPTMDB9005.png,,0
ZPTMDCD2605,I146 Diamond Core Drill,0,1,I146,ΕΡΓΑΛΕΙΑ,ΕΡΓΑΛΕΙΑ,https://cdn.jsdelivr.net/gh/adenadoume/erp-equipment-reservations@main/catalog-images/ZPTMDCD2605.png,,1
ZPTMDP2003,I146 AIR STAPLER MAS1013J,0,,I146,ΕΡΓΑΛΕΙΑ,ΕΡΓΑΛΕΙΑ,https://cdn.jsdelivr.net/gh/adenadoume/erp-equipment-reservations@main/catalog-images/ZPTMDP2003.png,,0
ZPTMDP2003switch,I146 switch,0,,I146,ΕΡΓΑΛΕΙΑ,ΕΡΓΑΛΕΙΑ,https://cdn.jsdelivr.net/gh/adenadoume/erp-equipment-reservations@main/catalog-images/ZPTMDP2003switch.png,,0
ZPTMDS7503L,I146 DRYWALL SANDER,0,,I146,ΕΡΓΑΛΕΙΑ,ΕΡΓΑΛΕΙΑ,https://cdn.jsdelivr.net/gh/adenadoume/erp-equipment-reservations@main/catalog-images/ZPTMDS7503L.png,,0
ZPTMGA0101018,"I146 18"" right angle 325 chain",0,,I146,ΕΡΓΑΛΕΙΑ,ΕΡΓΑΛΕΙΑ,https://cdn.jsdelivr.net/gh/adenadoume/erp-equipment-reservations@main/catalog-images/ZPTMGA0101018.png,,0
ZPTMGA0101222,"I146 22"" right angle 325 chain",0,,I146,ΕΡΓΑΛΕΙΑ,ΕΡΓΑΛΕΙΑ,https://cdn.jsdelivr.net/gh/adenadoume/erp-equipment-reservations@main/catalog-images/ZPTMGA0101222.png,,-6
ZPTMGA0101818,"I146 18"" 325 guide MGA01018-18""",0,,I146,ΕΡΓΑΛΕΙΑ,ΕΡΓΑΛΕΙΑ,https://cdn.jsdelivr.net/gh/adenadoume/erp-equipment-reservations@main/catalog-images/ZPTMGA0101818.png,,0
ZPTMGA0102022,"I146 22"" 325 guide MGA01020-22""",0,,I146,ΕΡΓΑΛΕΙΑ,ΕΡΓΑΛΕΙΑ,https://cdn.jsdelivr.net/gh/adenadoume/erp-equipment-reservations@main/catalog-images/ZPTMGA0102022.png,,-1
ZPTMGS5803,I146 GASOLINE BRUSH CUTTER MBC4301- ECO,0,5,I146,ΕΡΓΑΛΕΙΑ,ΕΡΓΑΛΕΙΑ,https://cdn.jsdelivr.net/gh/adenadoume/erp-equipment-reservations@main/catalog-images/ZPTMGS5803.png,,5
ZPTMGS580222,I146 58CC Gasoline Chain Saw,0,,I146,ΕΡΓΑΛΕΙΑ,ΕΡΓΑΛΕΙΑ,https://cdn.jsdelivr.net/gh/adenadoume/erp-equipment-reservations@main/catalog-images/ZPTMGS580222.png,,0
ZPTMGS580322,I146 58CC Gasoline Chain Saw (22”),0,,I146,ΕΡΓΑΛΕΙΑ,ΕΡΓΑΛΕΙΑ,https://cdn.jsdelivr.net/gh/adenadoume/erp-equipment-reservations@main/catalog-images/ZPTMGS580322.png,,0
ZPTMGS620124,I146 62CC Gasoline Chain Saw,0,,I146,ΕΡΓΑΛΕΙΑ,ΕΡΓΑΛΕΙΑ,https://cdn.jsdelivr.net/gh/adenadoume/erp-equipment-reservations@main/catalog-images/ZPTMGS620124.png,,-1
ZPTMHA01012,I146 9PCS SCREWDRIVER AND PLIERS SET MHA01012,0,,I146,ΕΡΓΑΛΕΙΑ,ΕΡΓΑΛΕΙΑ,https://cdn.jsdelivr.net/gh/adenadoume/erp-equipment-reservations@main/catalog-images/ZPTMHA01012.png,,0
ZPTMHB100016,I146 6” END CUTTING PINCER MHB10001-6,0,,I146,ΕΡΓΑΛΕΙΑ,ΕΡΓΑΛΕΙΑ,https://cdn.jsdelivr.net/gh/adenadoume/erp-equipment-reservations@main/catalog-images/ZPTMHB100016.png,,0
ZPTMHB100018,I146 8” END CUTTING PINCER MHB10001-8,0,24,I146,ΕΡΓΑΛΕΙΑ,ΕΡΓΑΛΕΙΑ,https://cdn.jsdelivr.net/gh/adenadoume/erp-equipment-reservations@main/catalog-images/ZPTMHB100018.png,,24
ZPTMHB0700130,I146 30” Bolt Cutter,0,7,I146,ΕΡΓΑΛΕΙΑ,ΕΡΓΑΛΕΙΑ,https://cdn.jsdelivr.net/gh/adenadoume/erp-equipment-reservations@main/catalog-images/ZPTMHB0700130.png,,7
ZPTMHB0700136,I146 36” Bolt Cutter,0,10,I146,ΕΡΓΑΛΕΙΑ,ΕΡΓΑΛΕΙΑ,https://cdn.jsdelivr.net/gh/adenadoume/erp-equipment-reservations@main/catalog-images/ZPTMHB0700136.png,,10
ZPTMHD030021000,I146 1000G Stoning Hammer Fiberglass Handle MHD03002-1000,0,,I146,ΕΡΓΑΛΕΙΑ,ΕΡΓΑΛΕΙΑ,https://cdn.jsdelivr.net/gh/adenadoume/erp-equipment-reservations@main/catalog-images/ZPTMHD030021000.png,,0
ZPTMHE010048M,I146 8M Tape Measure（ ABS Cover),0,,I146,ΕΡΓΑΛΕΙΑ,ΕΡΓΑΛΕΙΑ,https://cdn.jsdelivr.net/gh/adenadoume/erp-equipment-reservations@main/catalog-images/ZPTMHE010048M.png,,0
ZPTMHE0200260,I146 Heavy Duty Spirit Level (60CM),0,2,I146,ΕΡΓΑΛΕΙΑ,ΕΡΓΑΛΕΙΑ,https://cdn.jsdelivr.net/gh/adenadoume/erp-equipment-reservations@main/catalog-images/ZPTMHE0200260.png,,2
ZPTMHE0200280,I146 Heavy Duty Spirit Level (80CM),0,10,I146,ΕΡΓΑΛΕΙΑ,ΕΡΓΑΛΕΙΑ,https://cdn.jsdelivr.net/gh/adenadoume/erp-equipment-reservations@main/catalog-images/ZPTMHE0200280.png,,10
ZPTMHF03003,I146 Snap-Off Blade Knife MHF03003,0,,I146,ΕΡΓΑΛΕΙΑ,ΕΡΓΑΛΕΙΑ,https://cdn.jsdelivr.net/gh/adenadoume/erp-equipment-reservations@main/catalog-images/ZPTMHF03003.png,,0
ZPTMHF03005,I146 10PCS Blade Set MHF03005,0,,I146,ΕΡΓΑΛΕΙΑ,ΕΡΓΑΛΕΙΑ,https://cdn.jsdelivr.net/gh/adenadoume/erp-equipment-reservations@main/catalog-images/ZPTMHF03005.png,,0
ZPTMHF0400224T,I146 10PCS Hacksaw Blade Set MHF04002-24T,0,,I146,ΕΡΓΑΛΕΙΑ,ΕΡΓΑΛΕΙΑ,https://cdn.jsdelivr.net/gh/adenadoume/erp-equipment-reservations@main/catalog-images/ZPTMHF0400224T.png,,0
ZPTMHG2005V,I146 20MM DRILL PRESS MDP2003,0,11,I146,ΕΡΓΑΛΕΙΑ,ΕΡΓΑΛΕΙΑ,https://cdn.jsdelivr.net/gh/adenadoume/erp-equipment-reservations@main/catalog-images/ZPTMHG2005V.png,,11
ZPTMHI02002,"I146 9"" Caulking Gun",0,10,I146,ΕΡΓΑΛΕΙΑ,ΕΡΓΑΛΕΙΑ,https://cdn.jsdelivr.net/gh/adenadoume/erp-equipment-reservations@main/catalog-images/ZPTMHI02002.png,,10
ZPTMHI040012,I146 PAINTBRUSH 2’’,0,,I146,ΕΡΓΑΛΕΙΑ,ΕΡΓΑΛΕΙΑ,https://cdn.jsdelivr.net/gh/adenadoume/erp-equipment-reservations@main/catalog-images/ZPTMHI040012.png,,0
ZPTMHI040012.5,I146 PAINTBRUSH 2.5’’,0,,I146,ΕΡΓΑΛΕΙΑ,ΕΡΓΑΛΕΙΑ,https://cdn.jsdelivr.net/gh/adenadoume/erp-equipment-reservations@main/catalog-images/ZPTMHI040012.5.png,,0
ZPTMHI0200315,"I146 15"" Aluminium Caulking Gun MHI02003-15",0,,I146,ΕΡΓΑΛΕΙΑ,ΕΡΓΑΛΕΙΑ,https://cdn.jsdelivr.net/gh/adenadoume/erp-equipment-reservations@main/catalog-images/ZPTMHI0200315.png,,0
ZPTMHK01001,I146 Safety Goggle,0,40,I146,ΕΡΓΑΛΕΙΑ,ΕΡΓΑΛΕΙΑ,https://cdn.jsdelivr.net/gh/adenadoume/erp-equipment-reservations@main/catalog-images/ZPTMHK01001.png,,40
ZPTMHPW1803,I146 High Pressure Washer,0,,I146,ΕΡΓΑΛΕΙΑ,ΕΡΓΑΛΕΙΑ,https://cdn.jsdelivr.net/gh/adenadoume/erp-equipment-reservations@main/catalog-images/ZPTMHPW1803.png,,0
ZPTMJ150022,I146 2“Diamond Core Bits,0,,I146,ΕΡΓΑΛΕΙΑ,ΕΡΓΑΛΕΙΑ,https://cdn.jsdelivr.net/gh/adenadoume/erp-equipment-reservations@main/catalog-images/ZPTMJ150022.png,,0
ZPTMJ150023,I146 3“Diamond Core Bits,0,,I146,ΕΡΓΑΛΕΙΑ,ΕΡΓΑΛΕΙΑ,https://cdn.jsdelivr.net/gh/adenadoume/erp-equipment-reservations@main/catalog-images/ZPTMJ150023.png,,0
ZPTMJ150024,I146 4“Diamond Core Bits,0,,I146,ΕΡΓΑΛΕΙΑ,ΕΡΓΑΛΕΙΑ,https://cdn.jsdelivr.net/gh/adenadoume/erp-equipment-reservations@main/catalog-images/ZPTMJ150024.png,,0
ZPTMJ150025,I146 5“Diamond Core Bits,0,,I146,ΕΡΓΑΛΕΙΑ,ΕΡΓΑΛΕΙΑ,https://cdn.jsdelivr.net/gh/adenadoume/erp-equipment-reservations@main/catalog-images/ZPTMJ150025.png,,0
ZPTMJ150026,I146 6“Diamond Core Bits,0,,I146,ΕΡΓΑΛΕΙΑ,ΕΡΓΑΛΕΙΑ,https://cdn.jsdelivr.net/gh/adenadoume/erp-equipment-reservations@main/catalog-images/ZPTMJ150026.png,,0
ZPTMJ150028,I146 8“Diamond Core Bits MJ15002-8,0,,I146,ΕΡΓΑΛΕΙΑ,ΕΡΓΑΛΕΙΑ,https://cdn.jsdelivr.net/gh/adenadoume/erp-equipment-reservations@main/catalog-images/ZPTMJ150028.png,,0
ZPTMJ020011006,I146 100MM Grinding Wheel,0,,I146,ΕΡΓΑΛΕΙΑ,ΕΡΓΑΛΕΙΑ,https://cdn.jsdelivr.net/gh/adenadoume/erp-equipment-reservations@main/catalog-images/ZPTMJ020011006.png,,0
ZPTMJ020012306,230MM GRINDING WHEEL MJ02001- 2306,0,,I146,ΕΡΓΑΛΕΙΑ,ΕΡΓΑΛΕΙΑ,https://cdn.jsdelivr.net/gh/adenadoume/erp-equipment-reservations@main/catalog-images/ZPTMJ020012306.png,,0
ZPTMJ030011007D,I146 100MM Diamond Disc- Dry Cutting,0,,I146,ΕΡΓΑΛΕΙΑ,ΕΡΓΑΛΕΙΑ,https://cdn.jsdelivr.net/gh/adenadoume/erp-equipment-reservations@main/catalog-images/ZPTMJ030011007D.png,,0
ZPTMJ030011257D,I146 125MM Diamond Disc- Dry Cutting,0,,I146,ΕΡΓΑΛΕΙΑ,ΕΡΓΑΛΕΙΑ,https://cdn.jsdelivr.net/gh/adenadoume/erp-equipment-reservations@main/catalog-images/ZPTMJ030011257D.png,,0
ZPTMJ030021255W,I146 125MM Diamond Disc- Wet Cutting,0,,I146,ΕΡΓΑΛΕΙΑ,ΕΡΓΑΛΕΙΑ,https://cdn.jsdelivr.net/gh/adenadoume/erp-equipment-reservations@main/catalog-images/ZPTMJ030021255W.png,,0
ZPTMJ030031257T,I146 125MM Diamond Disc- Wet Cutting,0,,I146,ΕΡΓΑΛΕΙΑ,ΕΡΓΑΛΕΙΑ,https://cdn.jsdelivr.net/gh/adenadoume/erp-equipment-reservations@main/catalog-images/ZPTMJ030031257T.png,,0
ZPTMJ0100112510,I146 230MM GRINDING WHEEL MJ02001- 2306,0,,I146,ΕΡΓΑΛΕΙΑ,ΕΡΓΑΛΕΙΑ,https://cdn.jsdelivr.net/gh/adenadoume/erp-equipment-reservations@main/catalog-images/ZPTMJ0100112510.png,,0
ZPTMJ130057514,"I146 3"" Cup Twist Wire Brush With Nut-M14 MJ13005-7514",0,,I146,ΕΡΓΑΛΕΙΑ,ΕΡΓΑΛΕΙΑ,https://cdn.jsdelivr.net/gh/adenadoume/erp-equipment-reservations@main/catalog-images/ZPTMJ130057514.png,,0
ZPTMJ0600114250,I146 14*250 SDS PLUS Point Chisel,0,,I146,ΕΡΓΑΛΕΙΑ,ΕΡΓΑΛΕΙΑ,https://cdn.jsdelivr.net/gh/adenadoume/erp-equipment-reservations@main/catalog-images/ZPTMJ0600114250.png,,0
ZPTMJ0600317280,I146 17*280MM Hex Point Chisel,0,,I146,ΕΡΓΑΛΕΙΑ,ΕΡΓΑΛΕΙΑ,https://cdn.jsdelivr.net/gh/adenadoume/erp-equipment-reservations@main/catalog-images/ZPTMJ0600317280.png,,0
ZPTMJ0600430410,I146 30*410MM PH65 Point Chisel MJ06004-30410,0,,I146,ΕΡΓΑΛΕΙΑ,ΕΡΓΑΛΕΙΑ,https://cdn.jsdelivr.net/gh/adenadoume/erp-equipment-reservations@main/catalog-images/ZPTMJ0600430410.png,,0
ZPTMJ1300510010,"I146 4"" Cup Twist Wire Brush With Nut-M10 MJ13005- 10010",0,,I146,ΕΡΓΑΛΕΙΑ,ΕΡΓΑΛΕΙΑ,https://cdn.jsdelivr.net/gh/adenadoume/erp-equipment-reservations@main/catalog-images/ZPTMJ1300510010.png,,0
ZPTMJ1300510014,"I146 4"" Cup Twist Wire Brush With Nut-M14",0,,I146,ΕΡΓΑΛΕΙΑ,ΕΡΓΑΛΕΙΑ,https://cdn.jsdelivr.net/gh/adenadoume/erp-equipment-reservations@main/catalog-images/ZPTMJ1300510014.png,,0
ZPTMJ060011425020,I146 14*250*20MM SDS PLUS Flat Chisel,0,,I146,ΕΡΓΑΛΕΙΑ,ΕΡΓΑΛΕΙΑ,https://cdn.jsdelivr.net/gh/adenadoume/erp-equipment-reservations@main/catalog-images/ZPTMJ060011425020.png,,0
ZPTMJ060011425022,I146 14*250*22MM SDS PLUS Groove Chisel MJ06001- 1425022,0,,I146,ΕΡΓΑΛΕΙΑ,ΕΡΓΑΛΕΙΑ,https://cdn.jsdelivr.net/gh/adenadoume/erp-equipment-reservations@main/catalog-images/ZPTMJ060011425022.png,,0
ZPTMJ060011425040,I146 14*250*40MM SDS PLUS Cold Chisel MJ06001-1425040,0,,I146,ΕΡΓΑΛΕΙΑ,ΕΡΓΑΛΕΙΑ,https://cdn.jsdelivr.net/gh/adenadoume/erp-equipment-reservations@main/catalog-images/ZPTMJ060011425040.png,,0
ZPTMJ060031728022,I146 17*280*22MM Hex Flat Chisel MJ06003-1728022,0,,I146,ΕΡΓΑΛΕΙΑ,ΕΡΓΑΛΕΙΑ,https://cdn.jsdelivr.net/gh/adenadoume/erp-equipment-reservations@main/catalog-images/ZPTMJ060031728022.png,,0
ZPTMJ060031728050,I146 17*280*50MM Hex Cold Chisel MJ06003-1728050,0,,I146,ΕΡΓΑΛΕΙΑ,ΕΡΓΑΛΕΙΑ,https://cdn.jsdelivr.net/gh/adenadoume/erp-equipment-reservations@main/catalog-images/ZPTMJ060031728050.png,,0
ZPTMJ060043041035,I146 30*410*35MM PH65 Flat Chisel MJ06004-3041035,0,,I146,ΕΡΓΑΛΕΙΑ,ΕΡΓΑΛΕΙΑ,https://cdn.jsdelivr.net/gh/adenadoume/erp-equipment-reservations@main/catalog-images/ZPTMJ060043041035.png,,0
ZPTMJS7003,I146 HOT AIR GUN MHG2005V,0,,I146,ΕΡΓΑΛΕΙΑ,ΕΡΓΑΛΕΙΑ,https://cdn.jsdelivr.net/gh/adenadoume/erp-equipment-reservations@main/catalog-images/ZPTMJS7003.png,,0
ZPTMJS7003switch,I146 switch,0,,I146,ΕΡΓΑΛΕΙΑ,ΕΡΓΑΛΕΙΑ,https://cdn.jsdelivr.net/gh/adenadoume/erp-equipment-reservations@main/catalog-images/ZPTMJS7003switch.png,,0
ZPTMMF4003,I146 MULTI FUNCTION TOOLS,0,3,I146,ΕΡΓΑΛΕΙΑ,ΕΡΓΑΛΕΙΑ,https://cdn.jsdelivr.net/gh/adenadoume/erp-equipment-reservations@main/catalog-images/ZPTMMF4003.png,,3
ZPTMMF4003SwitchSet,I146 Switch Set,0,,I146,ΕΡΓΑΛΕΙΑ,ΕΡΓΑΛΕΙΑ,https://cdn.jsdelivr.net/gh/adenadoume/erp-equipment-reservations@main/catalog-images/ZPTMMF4003SwitchSet.png,,0
ZPTMMX1303SWITCH,I146 SWITCH,0,,I146,ΕΡΓΑΛΕΙΑ,ΕΡΓΑΛΕΙΑ,,,0
ZPTMRH3203,I146 DEMOLITION HAMMER MDB9003,0,6,I146,ΕΡΓΑΛΕΙΑ,ΕΡΓΑΛΕΙΑ,https://cdn.jsdelivr.net/gh/adenadoume/erp-equipment-reservations@main/catalog-images/ZPTMRH3203.png,,6
ZPTMRHL2609,I146 32MM ROTARY HAMMER MRH3203,0,9,I146,ΕΡΓΑΛΕΙΑ,ΕΡΓΑΛΕΙΑ,https://cdn.jsdelivr.net/gh/adenadoume/erp-equipment-reservations@main/catalog-images/ZPTMRHL2609.png,,9
ZPTMRHL2609Carbonbrush,I146 Carbon brush,0,,I146,ΕΡΓΑΛΕΙΑ,ΕΡΓΑΛΕΙΑ,https://cdn.jsdelivr.net/gh/adenadoume/erp-equipment-reservations@main/catalog-images/ZPTMRHL2609Carbonbrush.png,,0
ZPTMRHL2609Cylinder,I146 Cylinder,0,,I146,ΕΡΓΑΛΕΙΑ,ΕΡΓΑΛΕΙΑ,,,0
ZPTMRHL2609Piston,I146 Piston,0,,I146,ΕΡΓΑΛΕΙΑ,ΕΡΓΑΛΕΙΑ,,,0
ZPTMRHL2609Rotor,I146 Rotor,0,,I146,ΕΡΓΑΛΕΙΑ,ΕΡΓΑΛΕΙΑ,,,0
ZPTMRHL2609Stator,I146 Stator,0,,I146,ΕΡΓΑΛΕΙΑ,ΕΡΓΑΛΕΙΑ,,,0
ZPTMRU1205SWITCH,I146 switch,0,,I146,ΕΡΓΑΛΕΙΑ,ΕΡΓΑΛΕΙΑ,,,0
ZPTMSSWP7503,I146 Submersible clean water pump,0,9,I146,ΕΡΓΑΛΕΙΑ,ΕΡΓΑΛΕΙΑ,https://cdn.jsdelivr.net/gh/adenadoume/erp-equipment-reservations@main/catalog-images/ZPTMSSWP7503.png,,9
ZRBTM,I164 ΗΛΕΚΤΡΙΚΟ ΡΟΛΕΡ ΜΕ ΜΟΤΕΡ ΚΑΙ ΤΗΛΕΧΕΙΡΙΣΜΟ,0,,I164,BBQ,BAMBOO - BBQ - ΚΟΥΡΤΙΝΕΣ,https://cdn.jsdelivr.net/gh/adenadoume/erp-equipment-reservations@main/catalog-images/ZRBTM.png,,0
ZSAKF,I122 ΜΠΑΤΑΡΙΑ ΝΕΡΟΧΥΤΗ ΚΟΥΖΙΝΑΣ,140,49,I122,ΚΟΥΖΙΝΑ,ΚΟΥΖΙΝΑ,https://cdn.jsdelivr.net/gh/adenadoume/erp-equipment-reservations@main/catalog-images/ZSAKF.png,,48
ZSAKFB,I122 ΜΠΑΤΑΡΙΑ ΝΕΡΟΧΥΤΗ ΚΟΥΖΙΝΑΣ,148,14,I122,ΚΟΥΖΙΝΑ,ΚΟΥΖΙΝΑ,https://cdn.jsdelivr.net/gh/adenadoume/erp-equipment-reservations@main/catalog-images/ZSAKFB.png,,14
ZSAKFT,I122 ΠΡΟΕΚΤΑΣΗ ΜΠΑΤΑΡΙΑΣ ΝΕΡΟΧΥΤΗ ΚΟΥΖΙΝΑΣ,0,27,I122,ΚΟΥΖΙΝΑ,ΚΟΥΖΙΝΑ,https://cdn.jsdelivr.net/gh/adenadoume/erp-equipment-reservations@main/catalog-images/ZSAKFT.png,,27
ZSAOKF,"I173 STAINLESS STEEL KITCHEN FAUCET 58X44,5X49",30,43,I173,ΚΟΥΖΙΝΑ,ΚΟΥΖΙΝΑ,,,43
ZSD001,"I167 ΜΗΧΑΝΙΣΜΟΣ ΣΥΡΟΜΕΝΗΣ ΓΚΑΡΑΖΟΠΟΡΤΑΣ DC24v, IP65, ΜΕΓΙΣΤΟ ΒΑΡΟΣ 500KG,",0,1,I167,ΗΛΕΚΤΡΟΜΗΧ/ΚΟΣ ΕΞΟΠΛΙΣΜΟΣ,ΗΛΕΚΤΡΟΜΗΧ/ΚΟΣ ΕΞΟΠΛΙΣΜΟΣ,https://cdn.jsdelivr.net/gh/adenadoume/erp-equipment-reservations@main/catalog-images/ZSD001.png,,1
ZSEA9,MINI ΚΑΜΕΡΑ,0,,,ΑΣΦΑΛΕΙΑ,ΑΣΦΑΛΕΙΑ,https://cdn.jsdelivr.net/gh/adenadoume/erp-equipment-reservations@main/catalog-images/ZSEA9.png,,0
ZSEAHD,I104 ΚΛΕΙΣΤΟ ΚΥΚΛΩΜΑ ΠΑΡΑΚΟΛΟΥΘΗΣΩΝ 8 ΚΑΜΕΡΩΝ,0,,I104,ΑΣΦΑΛΕΙΑ,ΑΣΦΑΛΕΙΑ,https://cdn.jsdelivr.net/gh/adenadoume/erp-equipment-reservations@main/catalog-images/ZSEAHD.png,,0
ZSEBGQ9,I104 IP ΚΑΜΕΡΑ ΕΞΩΤΕΡΙΚΟΥ ΧΩΡΟΥ,0,,I104,ΑΣΦΑΛΕΙΑ,ΑΣΦΑΛΕΙΑ,https://cdn.jsdelivr.net/gh/adenadoume/erp-equipment-reservations@main/catalog-images/ZSEBGQ9.png,,0
ZSEF3,ΚΑΜΕΡΑ ΕΣΩΤΕΡΙΚΟΥ ΧΩΡΟΥ,0,,,ΑΣΦΑΛΕΙΑ,ΑΣΦΑΛΕΙΑ,https://cdn.jsdelivr.net/gh/adenadoume/erp-equipment-reservations@main/catalog-images/ZSEF3.png,,0
ZSEM3,SMART ΑΣΥΡΜΑΤΟ ΚΟΥΔΟΥΝΙ ΠΟΡΤΑΣ ΜΕ ΚΑΜΕΡΑ,0,,,ΑΣΦΑΛΕΙΑ,ΑΣΦΑΛΕΙΑ,https://cdn.jsdelivr.net/gh/adenadoume/erp-equipment-reservations@main/catalog-images/ZSEM3.png,,0
ZSES10,ΗΛΙΑΚΗ ΚΑΜΕΡΑ ΕΞΩΤΕΡΙΚΟΥ ΧΩΡΟΥ,0,,,ΑΣΦΑΛΕΙΑ,ΑΣΦΑΛΕΙΑ,https://cdn.jsdelivr.net/gh/adenadoume/erp-equipment-reservations@main/catalog-images/ZSES10.png,,0
ZSEWEB01,WEB ΚΑΜΕΡΑ,0,,,ΑΣΦΑΛΕΙΑ,ΑΣΦΑΛΕΙΑ,https://cdn.jsdelivr.net/gh/adenadoume/erp-equipment-reservations@main/catalog-images/ZSEWEB01.png,,0
ZSEXY001,SMART WATCH,0,,,ΑΣΦΑΛΕΙΑ,ΑΣΦΑΛΕΙΑ,https://cdn.jsdelivr.net/gh/adenadoume/erp-equipment-reservations@main/catalog-images/ZSEXY001.png,,0
ZSI-004,I173 Outdoor Kitchen Sink 50X40 SS304 with drain and siphon,0,10,I173,ΚΟΥΖΙΝΑ,ΚΟΥΖΙΝΑ,,,9
ZSM10PWU,D198 ΑΠΛΟΣ ΔΙΑΚΟΠΤΗΣ ΜΕ ΚΑΠΑΚΙ,2,53,D198,ΗΛΕΚΤΡΟΛΟΓΙΚΑ,ΗΛΕΚΤΡΟΛΟΓΙΚΑ,,,53
ZSM10SPU,D198 ΑΠΛΟΣ ΔΙΑΚΟΠΤΗΣ,0,,D198,ΗΛΕΚΤΡΟΛΟΓΙΚΑ,ΗΛΕΚΤΡΟΛΟΓΙΚΑ,,,0
ZSM10U,D198 ΑΠΛΟΣ ΔΙΑΚΟΠΤΗΣ,0,80,D198,ΗΛΕΚΤΡΟΛΟΓΙΚΑ,ΗΛΕΚΤΡΟΛΟΓΙΚΑ,,,80
ZSM11U,D198 BUTTON,0,30,D198,ΗΛΕΚΤΡΟΛΟΓΙΚΑ,ΗΛΕΚΤΡΟΛΟΓΙΚΑ,,,30
ZSM40PWNT10U,D198 ΔΙΑΚΟΠΤΗΣ ROLL ON,0,11,D198,ΗΛΕΚΤΡΟΛΟΓΙΚΑ,ΗΛΕΚΤΡΟΛΟΓΙΚΑ,,,11
ZSM40SBNT10U,D198 ΔΙΑΚΟΠΤΗΣ ROLL ON,0,13,D198,ΗΛΕΚΤΡΟΛΟΓΙΚΑ,ΗΛΕΚΤΡΟΛΟΓΙΚΑ,,,13
ZSM41PWNT10U,D198 BUTTON ROLL ON,0,16,D198,ΗΛΕΚΤΡΟΛΟΓΙΚΑ,ΗΛΕΚΤΡΟΛΟΓΙΚΑ,,,16
ZSM41SBNT10U,D198 BUTTON ROLL ON,0,15,D198,ΗΛΕΚΤΡΟΛΟΓΙΚΑ,ΗΛΕΚΤΡΟΛΟΓΙΚΑ,,,15
ZSM60PWU,D198 ΔΙΑΚΟΠΤΗΣ ALERETOUR,0,104,D198,ΗΛΕΚΤΡΟΛΟΓΙΚΑ,ΗΛΕΚΤΡΟΛΟΓΙΚΑ,,,104
ZSM60SBU,D198 ΔΙΑΚΟΠΤΗΣ ALERETOUR,0,52,D198,ΗΛΕΚΤΡΟΛΟΓΙΚΑ,ΗΛΕΚΤΡΟΛΟΓΙΚΑ,,,52
ZSM70PWU,D198 ΜΕΣΑΙΟΣ ΔΙΑΚΟΠΤΗΣ,0,47,D198,ΗΛΕΚΤΡΟΛΟΓΙΚΑ,ΗΛΕΚΤΡΟΛΟΓΙΚΑ,,,47
ZSM70SBU,D198 ΜΕΣΑΙΟΣ ΔΙΑΚΟΠΤΗΣ ΜΕ ΚΑΠΑΚΙ,0,18,D198,ΗΛΕΚΤΡΟΛΟΓΙΚΑ,ΗΛΕΚΤΡΟΛΟΓΙΚΑ,,,18
ZSP001,I161 ΦΩΤΟΒΟΛΤΑΙΚΟ ΠΑΝΕΛ ΜΟΝΟΚΡΥΣΤΑΛΛΙΚΟ ΔΙΑΣΤΑΣΕΩΝ 2002 X 1002 X 35ΜΜ 72 ΚΕΛΙΩΝ,0,,I161,ΗΛΕΚΤΡΟΛΟΓΙΚΑ,ΗΛΕΚΤΡΟΜΗΧ/ΚΟΣ ΕΞΟΠΛΙΣΜΟΣ,https://cdn.jsdelivr.net/gh/adenadoume/erp-equipment-reservations@main/catalog-images/ZSP001.png,,0
ZSTRIF001,D206 ΣΤΡΙΦΩΝΙΑ 6Χ50,0,,D206,ΧΡΩΜΑΤΑ,MEGABOLD,,,0
ZSTRIF002,D206 ΣΤΡΙΦΩΝΙΑ 6Χ70,0,200,D206,ΧΡΩΜΑΤΑ,MEGABOLD,,,200
ZSTRIF003,D206 ΣΤΡΙΦΩΝΙΑ 6Χ80,0,,D206,ΧΡΩΜΑΤΑ,MEGABOLD,,,0
ZSTRIF004,D206 ΣΤΡΙΦΩΝΙΑ 6Χ100,0,150,D206,ΧΡΩΜΑΤΑ,MEGABOLD,,,150
ZSTRIF005,D206 ΣΤΡΙΦΩΝΙΑ 6Χ140,0,500,D206,ΧΡΩΜΑΤΑ,MEGABOLD,,,500
ZSTRIF006,D206 ΣΤΡΙΦΩΝΙΑ 6Χ150,0,100,D206,ΧΡΩΜΑΤΑ,MEGABOLD,,,100
ZSTRIF007,D206 ΣΤΡΙΦΩΝΙΑ 6Χ160,0,80,D206,ΧΡΩΜΑΤΑ,MEGABOLD,,,80
ZSTRIF008,D206 ΣΤΡΙΦΩΝΙΑ 8Χ60,0,-100,D206,ΧΡΩΜΑΤΑ,MEGABOLD,,,-300
ZSTRIF009,D206 ΣΤΡΙΦΩΝΙΑ 8Χ70,0,1120,D206,ΧΡΩΜΑΤΑ,MEGABOLD,,,1120
ZSTRIF010,D206 ΣΤΡΙΦΩΝΙΑ 8Χ80,0,11900,D206,ΧΡΩΜΑΤΑ,MEGABOLD,,,11900
ZSTRIF011,D206 ΣΤΡΙΦΩΝΙΑ 8Χ100,0,300,D206,ΧΡΩΜΑΤΑ,MEGABOLD,,,300
ZSTRIF012,D206 ΣΤΡΙΦΩΝΙΑ 8Χ140,0,1100,D206,ΧΡΩΜΑΤΑ,MEGABOLD,,,1100
ZSTRIF013,D206 ΣΤΡΙΦΩΝΙΑ 8Χ150,0,100,D206,ΧΡΩΜΑΤΑ,MEGABOLD,,,100
ZSTRIF014,D206 ΣΤΡΙΦΩΝΙΑ 8Χ160,0,1070,D206,ΧΡΩΜΑΤΑ,MEGABOLD,,,1070
ZSTRIF015,D206 ΣΤΡΙΦΩΝΙΑ 8Χ180,0,50,D206,ΧΡΩΜΑΤΑ,MEGABOLD,,,50
ZSTRIF016,D206 ΣΤΡΙΦΩΝΙΑ 8Χ200,0,1300,D206,ΧΡΩΜΑΤΑ,MEGABOLD,,,1300
ZSTRIF017,D206 ΣΤΡΙΦΩΝΙΑ 8Χ220,0,350,D206,ΧΡΩΜΑΤΑ,MEGABOLD,,,350
ZSTRIF018,D206 ΣΤΡΙΦΩΝΙΑ 8Χ280,0,,D206,ΧΡΩΜΑΤΑ,MEGABOLD,,,0
ZSTRIF019,D206 ΣΤΡΙΦΩΝΙΑ 8Χ300,0,900,D206,ΧΡΩΜΑΤΑ,MEGABOLD,,,900
ZSTRIF020,D206 ΣΤΡΙΦΩΝΙΑ 10X300,0,250,D206,ΧΡΩΜΑΤΑ,MEGABOLD,,,250
ZSTRIF021,D206 ΣΤΡΙΦΩΝΙΑ 12X300,0,135,D206,ΧΡΩΜΑΤΑ,MEGABOLD,,,135
ZSTRIF022,D206 ΣΤΡΙΦΩΝΙΑ 8Χ60 INOX,0,400,D206,ΧΡΩΜΑΤΑ,MEGABOLD,,,400
ZSTRIF023,D206 ΣΤΡΙΦΩΝΙΑ 8Χ80 INOX,0,150,D206,ΧΡΩΜΑΤΑ,MEGABOLD,,,150
ZSTRIF025,D206 ΣΤΡΙΦΩΝΙΑ INOX 8X30,0,200,D206,ΧΡΩΜΑΤΑ,MEGABOLD,,,200
ZSTRIF026,D206 ΣΤΡΙΦΩΝΙΑ 8X40,0,800,D206,ΧΡΩΜΑΤΑ,MEGABOLD,,,800
ZSTRIF027,D206 ΣΤΡΙΦΩΝΙΑ INOX 10X60,0,80,D206,ΧΡΩΜΑΤΑ,MEGABOLD,,,80
ZSTRIF028,D206 ΝΟΠΑΝΟΒΙΔΕΣ 6X160,0,200,D206,ΧΡΩΜΑΤΑ,MEGABOLD,,,200
ZTHERMO001,D200 ΑΣΦΑΛΕΙΕΣ ΘΕΡΜΟΣΙΦΩΝΑ ΤΥΠΟΥ 12-1,4,,D200,ΧΡΩΜΑΤΑ,ΜΠΟΤΣΙΟΣ,,,0
ZTHERMO002,D200 ΜΕΙΩΤΕΣ ΠΙΕΣΕΩΣ 3/4,57,,D200,ΧΡΩΜΑΤΑ,ΜΠΟΤΣΙΟΣ,,,0
ZTL005,D226 CASTELVETRO OUTDOOR - ZERO CORDA GRIP RET 120X60,,20,D226,TILES,TILES,https://cdn.jsdelivr.net/gh/adenadoume/erp-equipment-reservations@main/catalog-images/ZTL005.png,,20
ZTL021,D225 REFIN CERAMICA OUTDOOR - DESIGN INDUSTRY OXYDE WHITE 240X120,,461,D225,TILES,TILES,https://cdn.jsdelivr.net/gh/adenadoume/erp-equipment-reservations@main/catalog-images/ZTL021.png,,461
ZTL033,D225 REFIN CERAMICA INDOOR - MOLD IRON SOFT 120X120,,63,D225,TILES,TILES,https://cdn.jsdelivr.net/gh/adenadoume/erp-equipment-reservations@main/catalog-images/ZTL033.png,,63
ZTL037,D225 REFIN CERAMICA INDOOR - TUNE DESERT SOFT 120X120,,86,D225,TILES,TILES,https://cdn.jsdelivr.net/gh/adenadoume/erp-equipment-reservations@main/catalog-images/ZTL037.png,,86
ZTL046,D226 GULLIVER CERAMICHE INDOOR - CHORUS BEIGE 30X60,,54,D226,TILES,TILES,https://cdn.jsdelivr.net/gh/adenadoume/erp-equipment-reservations@main/catalog-images/ZTL046.png,,0
ZTL048,D226 FRATOM CERAMICHE INDOOR - BOSTON MUD 60X60,,46,D226,TILES,TILES,https://cdn.jsdelivr.net/gh/adenadoume/erp-equipment-reservations@main/catalog-images/ZTL048.png,,46
ZTL049,D226 FRATOM CERAMICHE INDOOR - ABYZ MEGA 18 ΠΑΧΟΣ 2cm 60X60,,86,D226,TILES,TILES,https://cdn.jsdelivr.net/gh/adenadoume/erp-equipment-reservations@main/catalog-images/ZTL049.png,,86
ZTL050,D226 RICCHETTI CERAMICHE INDOOR - EASE SAND RT 120X120,,98,D226,TILES,TILES,https://cdn.jsdelivr.net/gh/adenadoume/erp-equipment-reservations@main/catalog-images/ZTL050.png,,98
ZTL053,D226 FRATOM CERAMICHE INDOOR - ACTIVE BEIGE RETT 60X120,,228,D226,TILES,TILES,https://cdn.jsdelivr.net/gh/adenadoume/erp-equipment-reservations@main/catalog-images/ZTL053.png,,228
ZTL054,D226 FRATOM CERAMICHE OUTDOOR R11 - STONEMIX GOLD GRIP 120X120,,276,D226,TILES,TILES,https://cdn.jsdelivr.net/gh/adenadoume/erp-equipment-reservations@main/catalog-images/ZTL054.png,,276
ZTL056,D226 FRATOM CERAMICHE INDOOR - GALAXY DARK RETT 60X120,,35,D226,TILES,TILES,https://cdn.jsdelivr.net/gh/adenadoume/erp-equipment-reservations@main/catalog-images/ZTL056.png,,35
ZTL058,D226 FRATOM CERAMICHE OUTDOOR R11 - EASE EXTRA WHITE 120X120,,276,D226,TILES,TILES,https://cdn.jsdelivr.net/gh/adenadoume/erp-equipment-reservations@main/catalog-images/ZTL058.png,,276
ZTL060,D226 FRATOM CERAMICHE OUTDOOR R12 - FRESCO BEIGE 120X120,,89,D226,TILES,TILES,https://cdn.jsdelivr.net/gh/adenadoume/erp-equipment-reservations@main/catalog-images/ZTL060.png,,89
ZTL061,D226 FRATOM CERAMICHE - BIANCO SILK 120X278,,80,D226,TILES,TILES,https://cdn.jsdelivr.net/gh/adenadoume/erp-equipment-reservations@main/catalog-images/ZTL061.png,,80
ZTL071,D999 FORMAT WHITE 120X60,,35,D999,TILES,TILES,,,35
ZTL072,D200 TIERRA MAT GREY 120X60,,63,D200,TILES,TILES,,,63
ZTL073,D200 CORE BEIGE ANTISLIP 60X60,,43,D200,TILES,TILES,,,43
ZTL074,D200 ARCETY GREY 120X120,,32,D200,TILES,TILES,,,32
ZTL075,D200 TEHSTONE GREY REDVENDOR INTERNAL LABEL 100X100,,95,D200,TILES,TILES,,,95
ZTL076,D200 CORE MAT BEIGE 120X60,,40,D200,TILES,TILES,,,40
ZTL078,D999 ATRATIVO 40X60,,46,D999,TILES,TILES,,,46
ZTL079,D999 PORSELEN KARO GREY 120X60,,35,D999,TILES,TILES,,,35
ZTL080,D999 BEIGE 120X60,,19,D999,TILES,TILES,,,19
ZTL082,D999 GREY 35.8 60X60,,158,D999,TILES,TILES,,,158
ZTL083,D999 ARION BAR TILE 45X45,,20,D999,TILES,TILES,,,20
ZTL300,D224 TOM ΠΕΤΡΑ,,340,D224,ROCKS & PEBBLES,ROCKS & PEBBLES,,,340
ZTL301,D224 TOM ΠΕΤΡΑ ΓΩΝΙΑ,,20,D224,ROCKS & PEBBLES,ROCKS & PEBBLES,,,20
ZTL302,D224 ΔΙΑΣ ΠΕΤΡΑ,,102,D224,ROCKS & PEBBLES,ROCKS & PEBBLES,,,102
ZTL303,D224 ΔΙΑΣ ΠΕΤΡΑ ΓΩΝΙΑ,,10,D224,ROCKS & PEBBLES,ROCKS & PEBBLES,,,10
ZTL304,D224 ΜΕΛΑΝΘΗ ΠΕΤΡΑ ΠΑΛΕΤΑ,,1,D224,ROCKS & PEBBLES,ROCKS & PEBBLES,,,1
ZTL500,D224 ΒΟΤΣΑΛΟ ΚΑΦΕ ΠΑΛΕΤΑ,,3,D224,ROCKS & PEBBLES,ROCKS & PEBBLES,,,3
ZTL501,D224 ΒΟΤΣΑΛΟ ΧΟΝΤΡΟ ΠΑΛΕΤΑ,,2,D224,ROCKS & PEBBLES,ROCKS & PEBBLES,,,2
ZTL700,D224 ΚΥΒΟΣ ΠΕΖΟΔΡΟΜΙΟΥ 10Χ10,,15,D224,ROCKS & PEBBLES,ROCKS & PEBBLES,,,15
ZTL701,D224 ΠΑΤΗΜΑΤΑ JUMBOΠΑΛΕΤΑ,,3,D224,ROCKS & PEBBLES,ROCKS & PEBBLES,,,3
ZTL702,D224 ΚΥΒΟΛΙΘΟΣ 50Χ50 ΠΑΛΕΤΑ,,13,D224,ROCKS & PEBBLES,ROCKS & PEBBLES,,,13
ZTL703,D999 ΠΛΗΘΕΣ ΠΑΛΕΤΑ,,3,D999,ROCKS & PEBBLES,ROCKS & PEBBLES,,,3
ZTL704,D999 ΠΛΑΚΕΣ ΔΑΠΕΔΟΥ ΜΩΣΑΙΚΟΥ 30Χ30 ΠΑΛΕΤΑ,,2,D999,ROCKS & PEBBLES,ROCKS & PEBBLES,,,2
ZTL705,D999 ΡΩΜΑΙΚΟ ΩΧΡΑ ΠΑΛΕΤΑ,,3,D999,ROCKS & PEBBLES,ROCKS & PEBBLES,,,3
ZTL706,D999 ΓΑΛΛΙΚΟ ΚΕΡΑΜΙΔΙ ΩΧΡΑ ΠΑΛΕΤΑ,,1,D999,ROCKS & PEBBLES,ROCKS & PEBBLES,,,1
ZTL707,D999 ΡΩΜΑΙΚΟ ΓΥΑΛΙΣΤΕΡΟ ΚΕΡΑΜΙΔΙ ΠΑΛΕΤΑ,,2,D999,ROCKS & PEBBLES,ROCKS & PEBBLES,,,2
ZTM12PWU,D198 ΠΛΗΚΤΡΟ,0,58,D198,ΗΛΕΚΤΡΟΛΟΓΙΚΑ,ΗΛΕΚΤΡΟΛΟΓΙΚΑ,,,58
ZTM12SBU,D198 ΠΛΗΚΤΡΟ,0,41,D198,ΗΛΕΚΤΡΟΛΟΓΙΚΑ,ΗΛΕΚΤΡΟΛΟΓΙΚΑ,,,41
ZTM13PW.ILU,D198 ΠΛΗΚΤΡΟ ΚΟΥΔΟΥΝΙΟΥ,0,32,D198,ΗΛΕΚΤΡΟΛΟΓΙΚΑ,ΗΛΕΚΤΡΟΛΟΓΙΚΑ,,,32
ZTM13SB.ILU,D198 ΠΛΗΚΤΡΟ ΚΟΥΔΟΥΝΙΟΥ,0,14,D198,ΗΛΕΚΤΡΟΛΟΓΙΚΑ,ΗΛΕΚΤΡΟΛΟΓΙΚΑ,,,14
ZTM21PWU,D198 ΤΑΠΑ,0,34,D198,ΗΛΕΚΤΡΟΛΟΓΙΚΑ,ΗΛΕΚΤΡΟΛΟΓΙΚΑ,,,34
ZTM21SBU,D198 ΤΑΠΑ,0,65,D198,ΗΛΕΚΤΡΟΛΟΓΙΚΑ,ΗΛΕΚΤΡΟΛΟΓΙΚΑ,,,65
ZTMKOY001,D198 ΚΟΥΔΟΝΙ ΕΞΩΠΟΡΤΑΣ,13,-1,D198,ΗΛΕΚΤΡΟΛΟΓΙΚΑ,ΗΛΕΚΤΡΟΛΟΓΙΚΑ,,,-1
ZTOOLS0001,D201 ΔΙΧΤΥ ΣΟΒΑ ΜΠΛΕ,0,4,D201,ΧΡΩΜΑΤΑ,ΣΚΙΑΔΑΣ ΛΕΥΚΑΔΑ,,,1
ZTOOLS0002,D201 ΔΙΧΤΥ ΓΙΑ MEGACRET,1,854,D201,ΧΡΩΜΑΤΑ,ΣΚΙΑΔΑΣ ΛΕΥΚΑΔΑ,,,844
ZTOOLS0003,D201 ΔΙΧΤΥ ΣΗΜΑΝΣΗΣ,0,1,D201,ΧΡΩΜΑΤΑ,ΣΚΙΑΔΑΣ ΛΕΥΚΑΔΑ,,,0
ZTOOLS0004,D201 ΚΑΘΑΡΙΣΤΙΚΟ ΚΛΙΜΑΤΙΣΤΙΚΟΥ 700ml,0,3,D201,ΧΡΩΜΑΤΑ,ΣΚΙΑΔΑΣ ΛΕΥΚΑΔΑ,,,3
ZTOOLS0005,D201 ΑΦΡΟΣΤΟΚΟΣ DUROSTIC 250ml,8,5,D201,ΧΡΩΜΑΤΑ,ΣΚΙΑΔΑΣ ΛΕΥΚΑΔΑ,,,5
ZTOOLS0006,D201 ΔΙΣΚΑΚΙΑ ΤΡΟΧΟΥ Νο 125,1,46,D201,ΧΡΩΜΑΤΑ,ΣΚΙΑΔΑΣ ΛΕΥΚΑΔΑ,,,46
ZTOOLS0007,D201 ΔΙΣΚΑΚΙΑ ΤΡΟΧΟΥ Νο 105,0,100,D201,ΧΡΩΜΑΤΑ,ΣΚΙΑΔΑΣ ΛΕΥΚΑΔΑ,,,100
ZTOOLS0008,D201 ΜΙΝIΟ KRAFT 750ml,0,-1,D201,ΧΡΩΜΑΤΑ,ΣΚΙΑΔΑΣ ΛΕΥΚΑΔΑ,,,-1
ZTOOLS0009,"D201 ΜΙΝIΟ KRAFT 2,5lit",0,4,D201,ΧΡΩΜΑΤΑ,ΣΚΙΑΔΑΣ ΛΕΥΚΑΔΑ,,,3
ZTOOLS0010,D201 ΒΟΥΡΤΣΑ ΣΠΑΣΤΗ,4,30,D201,ΧΡΩΜΑΤΑ,ΣΚΙΑΔΑΣ ΛΕΥΚΑΔΑ,,,30
ZTOOLS0011,D201 ΝΑΥΛΟΝ ΜΙΑΣ ΧΡΗΣΗΣ,4,727,D201,ΧΡΩΜΑΤΑ,ΣΚΙΑΔΑΣ ΛΕΥΚΑΔΑ,,,726
ZTOOLS0012,D201 ΤΑΙΝΙΑ ΜΠΛΕ 5cm,5,171,D201,ΧΡΩΜΑΤΑ,ΣΚΙΑΔΑΣ ΛΕΥΚΑΔΑ,,,162
ZTOOLS0013,D201 ΣΤΥΛΙΑΡΙ ΚΑΣΜΑ,0,6,D201,ΧΡΩΜΑΤΑ,ΣΚΙΑΔΑΣ ΛΕΥΚΑΔΑ,,,6
ZTOOLS0014,D201 ΣΤΥΛΙΑΡΙ ΦΤΥΑΡΙ,4,19,D201,ΧΡΩΜΑΤΑ,ΣΚΙΑΔΑΣ ΛΕΥΚΑΔΑ,,,19
ZTOOLS0015,D201 ΣΤΥΛΙΑΡΙ ΤΣΑΠΙ,0,5,D201,ΧΡΩΜΑΤΑ,ΣΚΙΑΔΑΣ ΛΕΥΚΑΔΑ,,,5
ZTOOLS0016,D201 ΣΤΥΛΙΑΡΙ ΣΚΕΠΑΡΝΙ,0,59,D201,ΧΡΩΜΑΤΑ,ΣΚΙΑΔΑΣ ΛΕΥΚΑΔΑ,,,54
ZTOOLS0017,D201 ΦΤΥΑΡΙ,6,13,D201,ΧΡΩΜΑΤΑ,ΣΚΙΑΔΑΣ ΛΕΥΚΑΔΑ,,,13
ZTOOLS0018,D201 ΜΥΣΤΡΙ 22cm,0,16,D201,ΧΡΩΜΑΤΑ,ΣΚΙΑΔΑΣ ΛΕΥΚΑΔΑ,,,15
ZTOOLS0018.1,D201 ΜΥΣΤΡΙ 26cm,0,4,D201,ΧΡΩΜΑΤΑ,ΣΚΙΑΔΑΣ ΛΕΥΚΑΔΑ,,,4
ZTOOLS0019,D201 ΜΥΣΤΡΙ 18cm,0,1,D201,ΧΡΩΜΑΤΑ,ΣΚΙΑΔΑΣ ΛΕΥΚΑΔΑ,,,1
ZTOOLS0020,D201 ΣΠΑΤΟΥΛΑ ΚΟΛΛΑΣ ΙΣΙΑ 50Χ15,0,12,D201,ΧΡΩΜΑΤΑ,ΣΚΙΑΔΑΣ ΛΕΥΚΑΔΑ,,,12
ZTOOLS0021,D201 ΑΝΤΑΛΛΑΚΤΙΚΟ ΜΑΧΑΙΡΑΚΙ ΦΑΛΤΣΕΤΑΣ,3,5,D201,ΧΡΩΜΑΤΑ,ΣΚΙΑΔΑΣ ΛΕΥΚΑΔΑ,,,5
ZTOOLS0022,D201 ΣΠΑΤΟΥΛΑ ΚΟΛΛΑΣ ΜΕ ΔΟΝΤΙ  28Χ12,0,2,D201,ΧΡΩΜΑΤΑ,ΣΚΙΑΔΑΣ ΛΕΥΚΑΔΑ,,,2
ZTOOLS0023,D201 ΣΚΕΠΑΡΝΙ,0,7,D201,ΧΡΩΜΑΤΑ,ΣΚΙΑΔΑΣ ΛΕΥΚΑΔΑ,,,6
ZTOOLS0024,D201 ΑΝΑΔΕΥΤΗΡΙ ΚΟΛΛΑΣ  85Χ8Χ400mm,0,,D201,ΧΡΩΜΑΤΑ,ΣΚΙΑΔΑΣ ΛΕΥΚΑΔΑ,,,0
ZTOOLS0025,D201 ΑΝΑΔΕΥΤΗΡΙ ΜΙΞΕΡ   120Χ600mm,0,,D201,ΧΡΩΜΑΤΑ,ΣΚΙΑΔΑΣ ΛΕΥΚΑΔΑ,,,-1
ZTOOLS0026,D201 ΣΚΑΦΑΚΙ ΓΙΑ ΧΡΩΜΑ,0,7,D201,ΧΡΩΜΑΤΑ,ΣΚΙΑΔΑΣ ΛΕΥΚΑΔΑ,,,6
ZTOOLS0027,D201 ΑΡΙΔΑ MAKITA 40mm,0,,D201,ΧΡΩΜΑΤΑ,ΣΚΙΑΔΑΣ ΛΕΥΚΑΔΑ,,,0
ZTOOLS0028,D201 ΑΡΙΔΑ METABO  20mm,0,,D201,ΧΡΩΜΑΤΑ,ΣΚΙΑΔΑΣ ΛΕΥΚΑΔΑ,,,0
ZTOOLS0029,D201 ΑΡΙΔΑ TOTAL   28mm,0,,D201,ΧΡΩΜΑΤΑ,ΣΚΙΑΔΑΣ ΛΕΥΚΑΔΑ,,,0
ZTOOLS0030,D201 ΑΡΙΔΑ VENUS   22X600mm,0,,D201,ΧΡΩΜΑΤΑ,ΣΚΙΑΔΑΣ ΛΕΥΚΑΔΑ,,,0
ZTOOLS0031,D201 ΑΡΙΔΑ VENUS   10mm,0,5,D201,ΧΡΩΜΑΤΑ,ΣΚΙΑΔΑΣ ΛΕΥΚΑΔΑ,,,5
ZTOOLS0031.1,D201 ΑΡΙΔΑ VENUS 12mm,0,2,D201,ΧΡΩΜΑΤΑ,ΣΚΙΑΔΑΣ ΛΕΥΚΑΔΑ,,,2
ZTOOLS0032,D201 ΑΡΙΔΑ VENUS   8mm,0,6,D201,ΧΡΩΜΑΤΑ,ΣΚΙΑΔΑΣ ΛΕΥΚΑΔΑ,,,6
ZTOOLS0033,D201 ΑΡΙΔΑ VENUS   6mm,0,1,D201,ΧΡΩΜΑΤΑ,ΣΚΙΑΔΑΣ ΛΕΥΚΑΔΑ,,,1
ZTOOLS0034,D201 ΑΡΙΔΑ 1m,0,1,D201,ΧΡΩΜΑΤΑ,ΣΚΙΑΔΑΣ ΛΕΥΚΑΔΑ,,,1
ZTOOLS0035,D201 ΑΡΙΔΑ DIAGER   14mm,0,1,D201,ΧΡΩΜΑΤΑ,ΣΚΙΑΔΑΣ ΛΕΥΚΑΔΑ,,,1
ZTOOLS0036,D201 ΒΑΡΙΑ 5kg,0,7,D201,ΧΡΩΜΑΤΑ,ΣΚΙΑΔΑΣ ΛΕΥΚΑΔΑ,,,7
ZTOOLS0037,D201 ΜΑΤΣΟΛΑ,0,1,D201,ΧΡΩΜΑΤΑ,ΣΚΙΑΔΑΣ ΛΕΥΚΑΔΑ,,,1
ZTOOLS0038,D201 ΚΑΣΜΑΣ,0,2,D201,ΧΡΩΜΑΤΑ,ΣΚΙΑΔΑΣ ΛΕΥΚΑΔΑ,,,2
ZTOOLS0039,D201 ΧΑΡΤΙ ΡΟΛΟ,9,358,D201,ΧΡΩΜΑΤΑ,ΣΚΙΑΔΑΣ ΛΕΥΚΑΔΑ,,,351
ZTOOLS0040,D201 ΑΦΡΟΣ ΠΙΣΤΟΛΙΟΥ,0,,D201,ΧΡΩΜΑΤΑ,ΣΚΙΑΔΑΣ ΛΕΥΚΑΔΑ,,,0
ZTOOLS0041,D201 ΡΟΛΟ,0,592,D201,ΧΡΩΜΑΤΑ,ΣΚΙΑΔΑΣ ΛΕΥΚΑΔΑ,,,574
ZTOOLS0042,D201 ΒΟΥΡΤΣΑ,5,-7,D201,ΧΡΩΜΑΤΑ,ΣΚΙΑΔΑΣ ΛΕΥΚΑΔΑ,,,-9
ZTOOLS0043,D203 ΥΑΛΟΠΛΕΓΜΑ ΣΟΒΑ 160gr ΛΕΥΚΟ,44,10,D203,ΧΡΩΜΑΤΑ,ΓΚΕΣΟΥΛΗΣ,,,10
ZTOOLS0044,D203 ΜΕΤΡΟΤΑΙΝΙΑ 7.5Μ,11,9,D203,ΧΡΩΜΑΤΑ,ΓΚΕΣΟΥΛΗΣ,,,9
ZTOOLS0048,D203 ΑΦΡΟΣΤΟΚΟΣ ULTRA PUTTY 2.5LIT,18,12,D203,ΧΡΩΜΑΤΑ,ΓΚΕΣΟΥΛΗΣ,,,12
ZTOOLS0049,D203 ΤΡΙΒΙΔΙΑ ΣΟΒΑ 23Χ13Χ3 ARISTON,4,6,D203,ΧΡΩΜΑΤΑ,ΓΚΕΣΟΥΛΗΣ,,,6
ZTOOLS0050,D203 ΔΙΣΚΟΙ ΚΟΠΗΣ ΜΑΡΜΑΡΟΥ,1,,D203,ΧΡΩΜΑΤΑ,ΓΚΕΣΟΥΛΗΣ,,,0
ZTOOLS0051,D203 ΔΙΣΚΟΙ ΜΠΕΤΟΥ Φ125 ΓΕΝΙΚΗΣ ΧΡΗΣΗΣ,9,,D203,ΧΡΩΜΑΤΑ,ΓΚΕΣΟΥΛΗΣ,,,0
ZTOOLS0052,D203 ΣΠΑΤΟΥΛΑ 545/20 ΚΟΝΤΗ,4,,D203,ΧΡΩΜΑΤΑ,ΓΚΕΣΟΥΛΗΣ,,,0
ZTOOLS0053,D203 ΣΤΟΚΑΔΟΡΟΣ ΙΝΟΧ 481-7,9,2,D203,ΧΡΩΜΑΤΑ,ΓΚΕΣΟΥΛΗΣ,,,2
ZTOOLS0056,D201 ΦΑΛΤΣΕΤΑ,9,16,D201,ΧΡΩΜΑΤΑ,ΣΚΙΑΔΑΣ ΛΕΥΚΑΔΑ,,,16
ZTOOLS0057,D201 ΠΕΝΣΑ,9,,D201,ΧΡΩΜΑΤΑ,ΣΚΙΑΔΑΣ ΛΕΥΚΑΔΑ,,,0
ZTOOLS0058,D203 DUROSTICK DS-255 15kg,47,14,D203,ΧΡΩΜΑΤΑ,ΓΚΕΣΟΥΛΗΣ,,,14
ZTOOLS0059,D203 DUROSTICK DS-255 5kg,20,3,D203,ΧΡΩΜΑΤΑ,ΓΚΕΣΟΥΛΗΣ,,,3
ZTOOLS0060,D203 ΚΟΚΚΙΝΟ ΠΑΤΟΧΑΡΤΟ 11.5εκ Ρ36-Ρ60,39,123,D203,ΧΡΩΜΑΤΑ,ΓΚΕΣΟΥΛΗΣ,,,123
ZTOOLS0061,D203 ΔΙΧΤΥ ΕΡΓΩΝ-ΡΟΛΟ ΠΟΡΤΟΚΑΛΙ,37,13,D203,ΧΡΩΜΑΤΑ,ΓΚΕΣΟΥΛΗΣ,,,13
ZTOOLS0062,D203 ΓΑΝΤΙΑ,3,619,D203,ΧΡΩΜΑΤΑ,ΓΚΕΣΟΥΛΗΣ,,,619
ZTOOLS0063,D203 ΣΦΟΥΓΓΑΡΑΚΙΑ,1,9,D203,ΧΡΩΜΑΤΑ,ΓΚΕΣΟΥΛΗΣ,,,-15
ZTOOLS0064,D203 ΓΥΑΛΟΧΑΡΤΟ Φ225,1,-55,D203,ΧΡΩΜΑΤΑ,ΓΚΕΣΟΥΛΗΣ,,,-60
ZTOOLS0066,D201 ΤΣΟΥΓΚΡΑΝΑ,17,5,D201,ΧΡΩΜΑΤΑ,ΣΚΙΑΔΑΣ ΛΕΥΚΑΔΑ,,,5
ZTOOLS0067,D201 ΤΣΑΠΑ,10,3,D201,ΧΡΩΜΑΤΑ,ΣΚΙΑΔΑΣ ΛΕΥΚΑΔΑ,,,3
ZTOOLS0068,D201 ΙΜΑΝΤΑΣ,27,,D201,ΧΡΩΜΑΤΑ,ΣΚΙΑΔΑΣ ΛΕΥΚΑΔΑ,,,0
ZTOOLS0073,D203 ΑΦΡΟΣΤΟΚΟΣ ULTRA PUTTY 1lit,8,7,D203,ΧΡΩΜΑΤΑ,ΓΚΕΣΟΥΛΗΣ,,,7
ZTOOLS0074,D203 ΑΦΡΟΣ ΧΕΡΙΟΥ SIKA,0,10,D203,ΧΡΩΜΑΤΑ,ΓΚΕΣΟΥΛΗΣ,,,10
ZTZ001,D999 ΤΖΑΚΙΑ,,2,D999,ROCKS & PEBBLES,ROCKS & PEBBLES,,,2
ZUTP,Ι169 ΚΑΛΩΔΙΟ ΔΙΚΤΥΟΥ CAT6 (ΚΙΒΩΤΙΑ),0,1500,I169,ΗΛΕΚΤΡΟΜΗΧ/ΚΟΣ ΕΞΟΠΛΙΣΜΟΣ,ΗΛΕΚΤΡΟΜΗΧ/ΚΟΣ ΕΞΟΠΛΙΣΜΟΣ,https://cdn.jsdelivr.net/gh/adenadoume/erp-equipment-reservations@main/catalog-images/ZUTP.png,,1500
ZVC,I139 ΣΚΟΥΠΑ ΡΟΜΠΟΤ ΜΕ TUYA APP,0,,I139,ΗΛΕΚΤΡΟΜΗΧ/ΚΟΣ ΕΞΟΠΛΙΣΜΟΣ,ΗΛΕΚΤΡΟΜΗΧ/ΚΟΣ ΕΞΟΠΛΙΣΜΟΣ,https://cdn.jsdelivr.net/gh/adenadoume/erp-equipment-reservations@main/catalog-images/ZVC.png,,0
ZVCWETDRY,I139 ΣΚΟΥΠΑ ΥΓΡΩΝ ΣΤΕΡΕΩΝ ΜΕ ΚΑΔΟ 20LT,0,,I139,ΗΛΕΚΤΡΟΜΗΧ/ΚΟΣ ΕΞΟΠΛΙΣΜΟΣ,ΗΛΕΚΤΡΟΜΗΧ/ΚΟΣ ΕΞΟΠΛΙΣΜΟΣ,https://cdn.jsdelivr.net/gh/adenadoume/erp-equipment-reservations@main/catalog-images/ZVCWETDRY.png,,0
ZVIDES001,"D206 ΒΙΔΕΣ 3,5Χ16",0,10000,D206,ΧΡΩΜΑΤΑ,MEGABOLD,,,10000
ZVIDES002,"D206 ΒΙΔΕΣ 3,5Χ20",0,2000,D206,ΗΛΕΚΤΡΟΜΗΧ/ΚΟΣ ΕΞΟΠΛΙΣΜΟΣ,MEGABOLD,,,2000
ZVIDES003,"D206 ΒΙΔΕΣ 3,5Χ25",0,7500,D206,ΗΛΕΚΤΡΟΜΗΧ/ΚΟΣ ΕΞΟΠΛΙΣΜΟΣ,MEGABOLD,,,7500
ZVIDES004,"D206 ΒΙΔΕΣ 3,5Χ30",0,2000,D206,ΗΛΕΚΤΡΟΜΗΧ/ΚΟΣ ΕΞΟΠΛΙΣΜΟΣ,MEGABOLD,,,2000
ZVIDES005,"D206 ΒΙΔΕΣ 3,5Χ35",0,350,D206,ΗΛΕΚΤΡΟΜΗΧ/ΚΟΣ ΕΞΟΠΛΙΣΜΟΣ,MEGABOLD,,,350
ZVIDES006,"D206 ΒΙΔΕΣ 3,5Χ38",0,3500,D206,ΗΛΕΚΤΡΟΜΗΧ/ΚΟΣ ΕΞΟΠΛΙΣΜΟΣ,MEGABOLD,,,3500
ZVIDES007,"D206 ΒΙΔΕΣ 3,5Χ50",0,150,D206,ΗΛΕΚΤΡΟΜΗΧ/ΚΟΣ ΕΞΟΠΛΙΣΜΟΣ,MEGABOLD,,,150
ZVIDES008,"D206 ΒΙΔΕΣ 3,5Χ60",0,700,D206,ΗΛΕΚΤΡΟΜΗΧ/ΚΟΣ ΕΞΟΠΛΙΣΜΟΣ,MEGABOLD,,,700
ZVIDES009,D206 ΒΙΔΕΣ 4Χ20,0,1500,D206,ΗΛΕΚΤΡΟΜΗΧ/ΚΟΣ ΕΞΟΠΛΙΣΜΟΣ,MEGABOLD,,,1500
ZVIDES010,D206 ΒΙΔΕΣ 4Χ25,0,1800,D206,ΗΛΕΚΤΡΟΜΗΧ/ΚΟΣ ΕΞΟΠΛΙΣΜΟΣ,MEGABOLD,,,1800
ZVIDES011,D206 ΒΙΔΕΣ 4Χ30,0,2000,D206,ΗΛΕΚΤΡΟΜΗΧ/ΚΟΣ ΕΞΟΠΛΙΣΜΟΣ,MEGABOLD,,,2000
ZVIDES012,D206 ΒΙΔΕΣ 4Χ40,0,1400,D206,ΗΛΕΚΤΡΟΜΗΧ/ΚΟΣ ΕΞΟΠΛΙΣΜΟΣ,MEGABOLD,,,1400
ZVIDES013,D206 ΒΙΔΕΣ 4Χ50,0,100,D206,ΗΛΕΚΤΡΟΜΗΧ/ΚΟΣ ΕΞΟΠΛΙΣΜΟΣ,MEGABOLD,,,100
ZVIDES014,D206 ΒΙΔΕΣ 5Χ30,0,1400,D206,ΗΛΕΚΤΡΟΜΗΧ/ΚΟΣ ΕΞΟΠΛΙΣΜΟΣ,MEGABOLD,,,1400
ZVIDES015,D206 ΒΙΔΕΣ 5Χ35,0,1100,D206,ΗΛΕΚΤΡΟΜΗΧ/ΚΟΣ ΕΞΟΠΛΙΣΜΟΣ,MEGABOLD,,,1100
ZVIDES016,D206 ΒΙΔΕΣ 5Χ40,0,900,D206,ΗΛΕΚΤΡΟΜΗΧ/ΚΟΣ ΕΞΟΠΛΙΣΜΟΣ,MEGABOLD,,,900
ZVIDES017,D206 ΒΙΔΕΣ 5Χ45,0,2200,D206,ΗΛΕΚΤΡΟΜΗΧ/ΚΟΣ ΕΞΟΠΛΙΣΜΟΣ,MEGABOLD,,,2200
ZVIDES018,D206 ΒΙΔΕΣ 5Χ50,0,6200,D206,ΗΛΕΚΤΡΟΜΗΧ/ΚΟΣ ΕΞΟΠΛΙΣΜΟΣ,MEGABOLD,,,5200
ZVIDES019,D206 ΒΙΔΕΣ 5Χ50  ΙΝΟΧ,0,10200,D206,ΗΛΕΚΤΡΟΜΗΧ/ΚΟΣ ΕΞΟΠΛΙΣΜΟΣ,MEGABOLD,,,9800
ZVIDES020,D206 ΒΙΔΕΣ 5Χ60,0,1300,D206,ΗΛΕΚΤΡΟΜΗΧ/ΚΟΣ ΕΞΟΠΛΙΣΜΟΣ,MEGABOLD,,,1300
ZVIDES021,D206 ΝΟΠΑΝΟΒΙΔΑ 5X70,0,1750,D206,ΗΛΕΚΤΡΟΜΗΧ/ΚΟΣ ΕΞΟΠΛΙΣΜΟΣ,MEGABOLD,,,1750
ZVIDES022,D206 ΒΙΔΕΣ 5Χ70  ΙΝΟΧ,0,800,D206,ΗΛΕΚΤΡΟΜΗΧ/ΚΟΣ ΕΞΟΠΛΙΣΜΟΣ,MEGABOLD,,,-3800
ZVIDES023,D206 ΒΙΔΕΣ 5Χ80,0,400,D206,ΗΛΕΚΤΡΟΜΗΧ/ΚΟΣ ΕΞΟΠΛΙΣΜΟΣ,MEGABOLD,,,400
ZVIDES024,D206 ΒΙΔΕΣ 5Χ90,0,,D206,ΗΛΕΚΤΡΟΜΗΧ/ΚΟΣ ΕΞΟΠΛΙΣΜΟΣ,MEGABOLD,,,0
ZVIDES025,D206 ΒΙΔΕΣ 5Χ100,0,1600,D206,ΗΛΕΚΤΡΟΜΗΧ/ΚΟΣ ΕΞΟΠΛΙΣΜΟΣ,MEGABOLD,,,1600
ZVIDES026,D206 ΒΙΔΕΣ 6Χ40,0,600,D206,ΗΛΕΚΤΡΟΜΗΧ/ΚΟΣ ΕΞΟΠΛΙΣΜΟΣ,MEGABOLD,,,600
ZVIDES027,D206 ΒΙΔΕΣ 6Χ50,0,600,D206,ΗΛΕΚΤΡΟΜΗΧ/ΚΟΣ ΕΞΟΠΛΙΣΜΟΣ,MEGABOLD,,,600
ZVIDES028,D206 ΒΙΔΕΣ 6Χ80,0,13200,D206,ΗΛΕΚΤΡΟΜΗΧ/ΚΟΣ ΕΞΟΠΛΙΣΜΟΣ,MEGABOLD,,,13200
ZVIDES029,D206 ΒΙΔΕΣ 6Χ90,0,400,D206,ΗΛΕΚΤΡΟΜΗΧ/ΚΟΣ ΕΞΟΠΛΙΣΜΟΣ,MEGABOLD,,,400
ZVIDES030,D206 ΒΙΔΕΣ 6Χ100,0,700,D206,ΗΛΕΚΤΡΟΜΗΧ/ΚΟΣ ΕΞΟΠΛΙΣΜΟΣ,MEGABOLD,,,700
ZVIDES031,D206 ΒΙΔΕΣ 6Χ120,0,2400,D206,ΗΛΕΚΤΡΟΜΗΧ/ΚΟΣ ΕΞΟΠΛΙΣΜΟΣ,MEGABOLD,,,2300
ZVIDES032,D206 ΒΙΔΕΣ 6Χ140,0,1200,D206,ΗΛΕΚΤΡΟΜΗΧ/ΚΟΣ ΕΞΟΠΛΙΣΜΟΣ,MEGABOLD,,,800
ZVIDES033,D206 ΒΙΔΕΣ 6Χ150,0,2100,D206,ΗΛΕΚΤΡΟΜΗΧ/ΚΟΣ ΕΞΟΠΛΙΣΜΟΣ,MEGABOLD,,,2100
ZVIDES034,D206 ΒΙΔΕΣ 6Χ180,0,550,D206,ΗΛΕΚΤΡΟΜΗΧ/ΚΟΣ ΕΞΟΠΛΙΣΜΟΣ,MEGABOLD,,,550
ZVIDES035,D206 ΒΙΔΕΣ 6Χ200,0,400,D206,ΗΛΕΚΤΡΟΜΗΧ/ΚΟΣ ΕΞΟΠΛΙΣΜΟΣ,MEGABOLD,,,400
ZVIDES036,D206 ΒΙΔΕΣ 6Χ240,0,2000,D206,ΗΛΕΚΤΡΟΜΗΧ/ΚΟΣ ΕΞΟΠΛΙΣΜΟΣ,MEGABOLD,,,1800
ZVIDES037,D206 ΒΙΔΕΣ 6Χ280,0,1180,D206,ΗΛΕΚΤΡΟΜΗΧ/ΚΟΣ ΕΞΟΠΛΙΣΜΟΣ,MEGABOLD,,,1060
ZVIDES038,D206 ΒΙΔΕΣ 6Χ300,1,1000,D206,ΗΛΕΚΤΡΟΜΗΧ/ΚΟΣ ΕΞΟΠΛΙΣΜΟΣ,MEGABOLD,,,1000
ZVIDES039,D206 ΒΙΔΕΣ 8Χ80,0,300,D206,ΗΛΕΚΤΡΟΜΗΧ/ΚΟΣ ΕΞΟΠΛΙΣΜΟΣ,MEGABOLD,,,300
ZVIDES040,D206 ΒΙΔΕΣ 8Χ100,0,300,D206,ΗΛΕΚΤΡΟΜΗΧ/ΚΟΣ ΕΞΟΠΛΙΣΜΟΣ,MEGABOLD,,,300
ZVIDES041,D206 ΒΙΔΕΣ 8Χ120,0,50,D206,ΗΛΕΚΤΡΟΜΗΧ/ΚΟΣ ΕΞΟΠΛΙΣΜΟΣ,MEGABOLD,,,50
ZVIDES042,D206 ΒΙΔΕΣ 8Χ160,0,100,D206,ΗΛΕΚΤΡΟΜΗΧ/ΚΟΣ ΕΞΟΠΛΙΣΜΟΣ,MEGABOLD,,,100
ZVIDES043,D206 ΒΙΔΕΣ 8Χ200,0,100,D206,ΗΛΕΚΤΡΟΜΗΧ/ΚΟΣ ΕΞΟΠΛΙΣΜΟΣ,MEGABOLD,,,100
ZVIDES044,D206 ΒΙΔΕΣ 8Χ220,0,100,D206,ΗΛΕΚΤΡΟΜΗΧ/ΚΟΣ ΕΞΟΠΛΙΣΜΟΣ,MEGABOLD,,,100
ZVIDES045,D206 ΒΙΔΕΣ 8Χ240,0,100,D206,ΗΛΕΚΤΡΟΜΗΧ/ΚΟΣ ΕΞΟΠΛΙΣΜΟΣ,MEGABOLD,,,100
ZVIDES046,D206 ΒΙΔΕΣ 8Χ280,0,,D206,ΗΛΕΚΤΡΟΜΗΧ/ΚΟΣ ΕΞΟΠΛΙΣΜΟΣ,MEGABOLD,,,0
ZVIDES047,D206 ΒΙΔΕΣ 8Χ300,0,200,D206,ΗΛΕΚΤΡΟΜΗΧ/ΚΟΣ ΕΞΟΠΛΙΣΜΟΣ,MEGABOLD,,,0
ZVIDES048,"D206 ΜΠΕΤΟΒΙΔΑ 7,5Χ72",0,700,D206,ΗΛΕΚΤΡΟΜΗΧ/ΚΟΣ ΕΞΟΠΛΙΣΜΟΣ,MEGABOLD,,,0
ZVIDES049,"D206 ΜΠΕΤΟΒΙΔΑ 7,5Χ92",0,1900,D206,ΗΛΕΚΤΡΟΜΗΧ/ΚΟΣ ΕΞΟΠΛΙΣΜΟΣ,MEGABOLD,,,1900
ZVIDES050,"D206 ΜΠΕΤΟΒΙΔΑ 7,5Χ112",0,800,D206,ΗΛΕΚΤΡΟΜΗΧ/ΚΟΣ ΕΞΟΠΛΙΣΜΟΣ,MEGABOLD,,,800
ZVIDES051,D206 ΒΙΔΑ ΟΥΠΑ 12Χ160,0,170,D206,ΗΛΕΚΤΡΟΜΗΧ/ΚΟΣ ΕΞΟΠΛΙΣΜΟΣ,MEGABOLD,,,164
ZVIDES052,D206 ΒΙΔΑ ΟΥΠΑ 12Χ190,0,30,D206,ΗΛΕΚΤΡΟΜΗΧ/ΚΟΣ ΕΞΟΠΛΙΣΜΟΣ,MEGABOLD,,,30
ZVIDES053,D206 ΑΥΤΟΔΙΑΤΡΙΤΗ ΙΝΟΧ 6Χ6,0,,D206,ΗΛΕΚΤΡΟΜΗΧ/ΚΟΣ ΕΞΟΠΛΙΣΜΟΣ,MEGABOLD,,,0
ZVIDES054,D206 ΑΥΤΟΔΙΑΤΡΙΤΗ ΙΝΟΧ 2Χ38,0,4500,D206,ΗΛΕΚΤΡΟΜΗΧ/ΚΟΣ ΕΞΟΠΛΙΣΜΟΣ,MEGABOLD,,,4500
ZVIDES055,D206 ΟΥΠΑ 10αρι,0,7950,D206,ΗΛΕΚΤΡΟΜΗΧ/ΚΟΣ ΕΞΟΠΛΙΣΜΟΣ,MEGABOLD,,,7900
ZVIDES056,D206 ΟΥΠΑ 8αρι,0,600,D206,ΗΛΕΚΤΡΟΜΗΧ/ΚΟΣ ΕΞΟΠΛΙΣΜΟΣ,MEGABOLD,,,600
ZVIDES057,D206 ΓΩΝΙΑ ΣΥΝΔΕΣΜΟΥ ΓΑΛΒΑΝΙΖΕ 50Χ50Χ40,0,7800,D206,ΗΛΕΚΤΡΟΜΗΧ/ΚΟΣ ΕΞΟΠΛΙΣΜΟΣ,MEGABOLD,,,7600
ZVIDES058,D206 ΓΩΝΙΑ ΣΥΝΔΕΣΜΟΥ ΓΑΛΒΑΝΙΖΕ 70Χ70Χ50,0,3400,D206,ΗΛΕΚΤΡΟΜΗΧ/ΚΟΣ ΕΞΟΠΛΙΣΜΟΣ,MEGABOLD,,,3000
ZVIDES059,D206 ΓΩΝΙΑ ΣΥΝΔΕΣΜΟΥ ΓΑΛΒΑΝΙΖΕ 100Χ100Χ80,0,800,D206,ΗΛΕΚΤΡΟΜΗΧ/ΚΟΣ ΕΞΟΠΛΙΣΜΟΣ,MEGABOLD,,,800
ZVIDES060,D206 ΒΙΔΕΣ 6Χ160,0,500,D206,ΗΛΕΚΤΡΟΜΗΧ/ΚΟΣ ΕΞΟΠΛΙΣΜΟΣ,MEGABOLD,,,100
ZVIDES061,D204 ΒΙΔΕΣ ΤΟΡΚ 5.5Χ45,13,,D204,ΗΛΕΚΤΡΟΜΗΧ/ΚΟΣ ΕΞΟΠΛΙΣΜΟΣ,ΣΤΑΥΡΑΚΑΣ,,,0
ZVIDES062,D204 ΠΡΟΕΚΤΑΣΗ ΜΥΤΗΣ,7,,D204,ΗΛΕΚΤΡΟΜΗΧ/ΚΟΣ ΕΞΟΠΛΙΣΜΟΣ,ΣΤΑΥΡΑΚΑΣ,,,0
ZVIDES064,D203 ΠΛΑΣΤΙΚΗ ΡΟΔΕΛΑ ΣΤΕΡΕΩΣΗΣ ΒΙΔΩΝ (100τμχ/ΣΑΚ),0,,D203,ΗΛΕΚΤΡΟΜΗΧ/ΚΟΣ ΕΞΟΠΛΙΣΜΟΣ,ΓΚΕΣΟΥΛΗΣ,,,0
ZVIDES065,D206 ΝΟΒΟΠΑΝΟΒΙΔΕΣ 5Χ70 ΙΝΟΧ,0,6100,D206,ΗΛΕΚΤΡΟΜΗΧ/ΚΟΣ ΕΞΟΠΛΙΣΜΟΣ,MEGABOLD,,,6100
ZVIDES066,D206 ΝΟΒΟΠΑΝΟΒΙΔΕΣ 5Χ70,0,-200,D206,ΗΛΕΚΤΡΟΜΗΧ/ΚΟΣ ΕΞΟΠΛΙΣΜΟΣ,MEGABOLD,,,-200
ZVIDES067,D206 ΝΟΒΟΠΑΝΟΒΙΔΕΣ 5Χ50 ΙΝΟΧ,0,,D206,ΗΛΕΚΤΡΟΜΗΧ/ΚΟΣ ΕΞΟΠΛΙΣΜΟΣ,MEGABOLD,,,0
ZVIDES068,D206 ΑΓΚΥΡΙΟ 7.5Χ72 ΤΣΙΜΕΝΤ,0,2000,D206,ΗΛΕΚΤΡΟΜΗΧ/ΚΟΣ ΕΞΟΠΛΙΣΜΟΣ,MEGABOLD,,,2000
ZVIDES069,D206 ΝΟΒΟΠΑΝΟΒΙΔΕΣ 5Χ100,0,,D206,ΗΛΕΚΤΡΟΜΗΧ/ΚΟΣ ΕΞΟΠΛΙΣΜΟΣ,MEGABOLD,,,0
ZVIDES070,D206 ΝΟΒΟΠΑΝΟΒΙΔΕΣ 6Χ100,0,350,D206,ΗΛΕΚΤΡΟΜΗΧ/ΚΟΣ ΕΞΟΠΛΙΣΜΟΣ,MEGABOLD,,,350
ZVIDES071,D206 ΝΟΒΟΠΑΝΟΒΙΔΕΣ 6Χ120,0,1100,D206,ΗΛΕΚΤΡΟΜΗΧ/ΚΟΣ ΕΞΟΠΛΙΣΜΟΣ,MEGABOLD,,,1100
ZVIDES072,D206 ΒΙΔΕΣ ΑΥΤΟΔΙΑΤΡΗΤΕΣ 4.2Χ16,0,,D206,ΗΛΕΚΤΡΟΜΗΧ/ΚΟΣ ΕΞΟΠΛΙΣΜΟΣ,MEGABOLD,,,0
ZVIDES074,D206 ΒΙΔΕΣ ΟΥΠΑ 20X170,0,100,D206,ΗΛΕΚΤΡΟΜΗΧ/ΚΟΣ ΕΞΟΠΛΙΣΜΟΣ,MEGABOLD,,,100
ZVIDES075,D206 ΒΙΔΕΣ ΟΥΠΑ 20X220,0,30,D206,ΗΛΕΚΤΡΟΜΗΧ/ΚΟΣ ΕΞΟΠΛΙΣΜΟΣ,MEGABOLD,,,30
ZVIDES076,D206 ΑΥΤΟΔΙΑΤΡΙΤΗ INOX 5X60,0,4800,D206,ΗΛΕΚΤΡΟΜΗΧ/ΚΟΣ ΕΞΟΠΛΙΣΜΟΣ,MEGABOLD,,,4800
ZVIDES077,D206 ΒΙΔΕΣ INOX 5X25,0,5000,D206,ΗΛΕΚΤΡΟΜΗΧ/ΚΟΣ ΕΞΟΠΛΙΣΜΟΣ,MEGABOLD,,,5000
ZVIDES078,D206 ΒΙΔΕΣ INOX HOLZ TECHNIC 5X70,0,4000,D206,ΗΛΕΚΤΡΟΜΗΧ/ΚΟΣ ΕΞΟΠΛΙΣΜΟΣ,MEGABOLD,,,4000
ZVIDES079,D206 ΟΥΠΑ 6αρι,0,300,D206,ΗΛΕΚΤΡΟΜΗΧ/ΚΟΣ ΕΞΟΠΛΙΣΜΟΣ,MEGABOLD,,,300
ZVIDES080,D206 ΟΥΠΑ 12αρι,0,50,D206,ΗΛΕΚΤΡΟΜΗΧ/ΚΟΣ ΕΞΟΠΛΙΣΜΟΣ,MEGABOLD,,,0
ZVIDES081,D206 ΟΥΠΑ 14αρι,0,700,D206,ΗΛΕΚΤΡΟΜΗΧ/ΚΟΣ ΕΞΟΠΛΙΣΜΟΣ,MEGABOLD,,,700
ZVM10PWU,D198 ΠΡΙΖΑ ΣΟΥΚΟ,0,13,D198,ΗΛΕΚΤΡΟΛΟΓΙΚΑ,ΗΛΕΚΤΡΟΛΟΓΙΚΑ,,,13
ZVM10SBU,D198 ΠΡΙΖΑ ΣΟΥΚΟ,0,60,D198,ΗΛΕΚΤΡΟΛΟΓΙΚΑ,ΗΛΕΚΤΡΟΛΟΓΙΚΑ,,,60
ZVM11PΡU,D198 ΠΡΙΖΑ ΣΟΥΚΟ ΜΕ ΚΑΠΑΚΙ,0,,D198,ΗΛΕΚΤΡΟΛΟΓΙΚΑ,ΗΛΕΚΤΡΟΛΟΓΙΚΑ,,,0
ZVM11ΒΤU,D198 ΠΡΙΖΑ ΣΟΥΚΟ ΜΕ ΚΑΠΑΚΙ ΔΙΑΦΑΝΕΣ,0,,D198,ΗΛΕΚΤΡΟΛΟΓΙΚΑ,ΗΛΕΚΤΡΟΛΟΓΙΚΑ,,,0
ZWM11PΡU,D198 ΠΡΙΖΑ ΣΟΥΚΟ ΜΕ ΚΑΠΑΚΙ,0,,D198,ΗΛΕΚΤΡΟΛΟΓΙΚΑ,ΗΛΕΚΤΡΟΛΟΓΙΚΑ,,,0
ZWS001W,I154 ΕΝΣΥΡΜΑΤΑ ΕΠΙΤΟΙΧΑ ΗΧΕΙΑ 30W ΕΞΩΤΕΡΙΚΟΥ ΧΩΡΟΥ,0,8,I154,ΗΛΕΚΤΡΟΛΟΓΙΚΑ,ΗΛΕΚΤΡΟΜΗΧ/ΚΟΣ ΕΞΟΠΛΙΣΜΟΣ,https://cdn.jsdelivr.net/gh/adenadoume/erp-equipment-reservations@main/catalog-images/ZWS001W.png,,8
ZYDRAVL001,D200 ΔΙΑΚΟΠΤΗΣ ΓΩΝΙΑΚΟΣ 1/2'',2,57,D200,ΧΡΩΜΑΤΑ,ΜΠΟΤΣΙΟΣ,,,57
ZYDRAVL002,D200 ΔΙΑΚΟΠΤΗΣ ΓΩΝΙΑΚΟΣ 3/4'',2,11,D200,ΧΡΩΜΑΤΑ,ΜΠΟΤΣΙΟΣ,,,11
ZYDRAVL003,D200 ΒΑΛΒΙΔΑ ΝΙΠΤΗΡΟΣ ΧΡΩΜΕ,0,16,D200,ΧΡΩΜΑΤΑ,ΜΠΟΤΣΙΟΣ,,,16
ZYDRAVL004,D200 ΒΑΛΒΙΔΑ ΝΙΠΤΗΡΟΣ ΜΑΥΡΗ,5,-7,D200,ΧΡΩΜΑΤΑ,ΜΠΟΤΣΙΟΣ,,,-8
ZYDRAVL005,D200 ΣΧΑΡΑΚΙ ΙΝΟΧ 12*12 (ΣΙΦΩΝΙ ΔΑΠΕΔΟΥ),0,27,D200,ΧΡΩΜΑΤΑ,ΜΠΟΤΣΙΟΣ,,,15
ZYDRAVL006,D200 ΣΤΗΡΙΓΜΑ ΜΕΤΑΛΛΙΚΟ ΤΗΛΕΦΩΝΟΥ ΜΠΑΝΙΟΥ,0,10,D200,ΧΡΩΜΑΤΑ,ΜΠΟΤΣΙΟΣ,,,10
ZYDRAVL007,D200 ΣΙΦΩΝΙ ΕΥΚΑΠΤΟ ΝΙΠΤΗΡΟΣ 1-1/4 32ΜΜ,2,4,D200,ΧΡΩΜΑΤΑ,ΜΠΟΤΣΙΟΣ,,,4
ZYDRAVL008,"D200 ΣΙΦΩΝΙ ΝΕΡΟΧΥΤΟΥ 1-1/2 Φ40,50 ΜΕ ΠΑΞΙΜΑΔΙ",0,18,D200,ΧΡΩΜΑΤΑ,ΜΠΟΤΣΙΟΣ,,,18
ZYDRAVL009,D200 ΣΙΦΩΝΙ ΕΥΚΑΠΤΟ 1-1/4 Φ32-40 ΜΕ ΠΑΞΙΜΑΔΙ,3,8,D200,ΧΡΩΜΑΤΑ,ΜΠΟΤΣΙΟΣ,,,8
ZYDRAVL0010,D200 ΣΙΦΩΝΙ ΝΕΡΟΧΥΤΟΥ ΔΙΠΛΟ 1-1/2 Φ40-50 ΜΕ ΠΑΞΙΜΑΔΙ,0,7,D200,ΧΡΩΜΑΤΑ,ΜΠΟΤΣΙΟΣ,,,7
ZYDRAVL0011,D200 ΣΙΦΩΝΙ ΠΛΑΣΤΙΚΟ ΔΙΠΛΟ Φ40-50,0,8,D200,ΧΡΩΜΑΤΑ,ΜΠΟΤΣΙΟΣ,,,8
ZYDRAVL0012,D200 ΣΙΦΩΝΙ ΜΟΝΟ ΠΛΑΣΤΙΚΟ ΝΕΡΟΧΥΤΗ     Φ40-50,3,17,D200,ΧΡΩΜΑΤΑ,ΜΠΟΤΣΙΟΣ,,,17
ZYDRAVL0013,D200 ΣΙΦΩΝΙ ΝΙΠΤΗΡΟΣ ΠΟΤΗΡΙ & ΤΑΠΑ Φ32,0,,D200,ΧΡΩΜΑΤΑ,ΜΠΟΤΣΙΟΣ,,,0
ZYDRAVL0014,D200 ΣΩΛΗΝΑΣ ΣΙΦΩΝΙΟΥ ΧΡΩΜΕ Φ32*300ΜΜ,0,,D200,ΧΡΩΜΑΤΑ,ΜΠΟΤΣΙΟΣ,,,0
ZYDRAVL0015,D200 ΒΑΛΒΙΔΑ ΝΕΡΟΧΥΤΗ Φ114 ΜΑΚΡΙΑ ΒΙΔΑ,0,3,D200,ΧΡΩΜΑΤΑ,ΜΠΟΤΣΙΟΣ,,,3
ZYDRAVL0016,D200 ΒΡΥΣΗ ΕΞΩΤΕΡΙΚΗ  ΑΠΛΗ CHERBROS,0,33,D200,ΧΡΩΜΑΤΑ,ΜΠΟΤΣΙΟΣ,,,33
ZYDRAVL0017,D200 ΒΡΥΣΗ ΕΞΩΤΕΡΙΚΗ ΔΙΠΛΗ VIOSPIRAL,12,7,D200,ΧΡΩΜΑΤΑ,ΜΠΟΤΣΙΟΣ,,,7
ZYDRAVL0018,D200 ΚΑΝΟΥΛΑ ΧΡΩΜΕ ΜΕ ΜΗΧΑΝΙΣΜΟ ΜΙΣΟΣΤΡΟΦΟ,0,,D200,ΧΡΩΜΑΤΑ,ΜΠΟΤΣΙΟΣ,,,0
ZYDRAVL0019,D200 ΒΑΛΒΙΔΑ ΝΕΡΟΧΥΤΗ Φ70 ΜΕ ΤΑΠΑ,0,6,D200,ΧΡΩΜΑΤΑ,ΜΠΟΤΣΙΟΣ,,,6
ZYDRAVL0020,D200 ΜΠΑΤΑΡΙΑ ΕΞΩΤΕΡΙΚΗ ΖΕΣΤΟ/ΚΡΥΟ   AQUA PRIMA,0,3,D200,ΧΡΩΜΑΤΑ,ΜΠΟΤΣΙΟΣ,,,3
ZYDRAVL0021,D200 ΤΗΛΕΦΩΝΟ ΝΤΟΥΣ SEVAJET,0,,D200,ΧΡΩΜΑΤΑ,ΜΠΟΤΣΙΟΣ,,,0
ZYDRAVL0022,D200 ΣΠΙΡΑΛ ΤΗΛΕΦΩΝΟΥ ULTRA FLEX,0,-1,D200,ΧΡΩΜΑΤΑ,ΜΠΟΤΣΙΟΣ,,,-1
ZYDRAVL0023,D200 ΔΙΑΚΟΠΤΗΣ ΣΦΑΙΡ.ΓΩΝ.1/2'',8,40,D200,ΧΡΩΜΑΤΑ,ΜΠΟΤΣΙΟΣ,,,40
ZYDRAVL0024,D200 ΣΙΦΩΝΙ ΝΕΡΟΧ.ΛΕΥΚΟ,4,,D200,ΧΡΩΜΑΤΑ,ΜΠΟΤΣΙΟΣ,,,0
ZYDRAVL0025,D200 ΠΡΟΕΚΤΑΣΗ ΜΕΤΑΛΛΙΚΗ ΒΑΛΒΙΔΑΣ,8,,D200,ΧΡΩΜΑΤΑ,ΜΠΟΤΣΙΟΣ,,,0
ZYDRAVL0026,D205 ΣΧΑΡΑ ΓΑΛΒ 1003Χ25Χ2 ΜΕ ΠΛΑΙΣΙΟ,33,9,D205,ΧΡΩΜΑΤΑ,ΑΡΑΒΑΝΗΣ,,,9
ZYDRAVL029,D200 ΛΕΚΑΝΗ CONCEPT ΚΡΕΜΑΣΤΗ IDEAL E785001,146,,D200,ΧΡΩΜΑΤΑ,ΜΠΟΤΣΙΟΣ,,,0
ZYDRAVL030,D200 ΚΑΖΑΝΑΚΙ ΕΝΤΟΙΧ.PROSY R009467-R020467,149,,D200,ΧΡΩΜΑΤΑ,ΜΠΟΤΣΙΟΣ,,,0
ZYDRAVL031,D200 ΚΑΘΙΣΜΑ CONNECT SOFT CLOSING E712701,65,,D200,ΧΡΩΜΑΤΑ,ΜΠΟΤΣΙΟΣ,,,0
ZYDRAVL032,D200 ΠΛΑΚΕΤΑ ΕΝΤΟΙΧ.ΚΑΖΑΝ.OLEAS M2,54,,D200,ΧΡΩΜΑΤΑ,ΜΠΟΤΣΙΟΣ,,,0
ZYDRAVL033,D200 ΠΛΑΚΕΤΑ ΕΝΤΟΙΧ.ΚΑΖΑΝ.OLES PR,45,,D200,ΧΡΩΜΑΤΑ,ΜΠΟΤΣΙΟΣ,,,0
ZYDRAVL034,D200 ΚΑΝΟΥΛΑ ΣΦΑΙΡ. 1/2 ΧΡΩΜΕ,10,,D200,ΧΡΩΜΑΤΑ,ΜΠΟΤΣΙΟΣ,,,0
ZYDRAVL035,D200 ΚΑΝΟΥΛΑ ΙΙ ΡΟΗΣ ΜΕ ΔΙΑΚΟΠΤΗ 1,14,21,D200,ΧΡΩΜΑΤΑ,ΜΠΟΤΣΙΟΣ,,,21
ZYDRAVL036,D200 ΒΑΛΒΙΔΑ ΝΙΠΤ.ΟΡΕΙΧΑΛΚΙΝΗ C,16,10,D200,ΧΡΩΜΑΤΑ,ΜΠΟΤΣΙΟΣ,,,10
ZYDRAVL037,D200 ΛΕΚΑΝΗ ΚΡΕΜΑΣΤΗ LIFE SPACE,0,,D200,ΧΡΩΜΑΤΑ,ΜΠΟΤΣΙΟΣ,,,0
ZYDRAVL038,D200 ΚΑΘΙΣΜΑ ΛΕΚΑΝΗΣ CONNECT ΑΠΛΟ,0,,D200,ΧΡΩΜΑΤΑ,ΜΠΟΤΣΙΟΣ,,,0
ZYDRAVL039,D200 ΚΑΘΙΣΜΑ LIFE SPACE SOFT,0,,D200,ΧΡΩΜΑΤΑ,ΜΠΟΤΣΙΟΣ,,,0
ZYDRAVL042,D200 ΠΡΟΕΚΤΑΣΗ ΒΑΛΒΙΔΑΣ ΝΙΠΤΗΡΑ,0,21,D200,ΧΡΩΜΑΤΑ,ΜΠΟΤΣΙΟΣ,,,21
ZYDRAVL043,"D200 VIOSPIRAL ΣΠΙΡΑΛ ΛΟΥΤΡΟΥ ΑΥΞΟΜΕΙΟΥΜΕΝΟ
  150-185cm",0,22,D200,ΧΡΩΜΑΤΑ,ΜΠΟΤΣΙΟΣ,,,22
ZYDRAVL004150BRONZNICKEL,D200 ΣΙΦΩΝΙ ΝΙΠΤΗΡΟΣ ΠΟΤΗΡΙ & ΤΑΠΑ Φ32 (MODEA),0,,D200,ΧΡΩΜΑΤΑ,ΜΠΟΤΣΙΟΣ,,,0
ZYDRAVL0005210BRONZNICKEL,D200 ΒΑΛΒΙΔΑ ΝΙΠΤΗΡΑ (IDEAL),0,,D200,ΧΡΩΜΑΤΑ,ΜΠΟΤΣΙΟΣ,,,0
ZCHROM0095,D216 ΑΦΡΟΣ ΠΟΛΥΟΥΡΕΘΑΝΗΣ ΧΕΙΡΟΣ 750ml,5,0,D216,ΧΡΩΜΑΤΑ,ΑΦΟΙ ΠΑΥΛΟΥ ΦΩΤΗ ΟΕ,,,-1
ZBATH005.2,I165 CONCEALED BASIN MIXER 210mm,180,96,I165,ΜΠΑΝΙΟ,,https://cdn.jsdelivr.net/gh/adenadoume/erp-equipment-reservations@main/catalog-images/ZBATH005.2.png,I110.9,96
ZBATH006.2,I65 SPOUTS FOR CONCEALED BASIN MIXER ZBATH005.2 210mm,50,19,I165,ΜΠΑΝΙΟ,,https://cdn.jsdelivr.net/gh/adenadoume/erp-equipment-reservations@main/catalog-images/ZBATH006.2.png,I110.9,19
ZBATH005.1,I165 CONCEALED BASIN MIXER 150mm,180,16,I165,ΜΠΑΝΙΟ,,https://cdn.jsdelivr.net/gh/adenadoume/erp-equipment-reservations@main/catalog-images/ZBATH005.1.png,I110.9,16
ZBATH006.1,I65 SPOUTS FOR CONCEALED BASIN MIXER ZBATH005.1 150mm,50,20,I165,ΜΠΑΝΙΟ,,https://cdn.jsdelivr.net/gh/adenadoume/erp-equipment-reservations@main/catalog-images/ZBATH006.1.png,I110.9,20
ZBATH007,I165 FLOOR STANDING BATHTUB MIXER,545,1,I165,ΜΠΑΝΙΟ,,https://cdn.jsdelivr.net/gh/adenadoume/erp-equipment-reservations@main/catalog-images/ZBATH007.png,I110.9,1
ZBATH008,I165 KITCHEN MIXER,80,50,I165,ΜΠΑΝΙΟ,,https://cdn.jsdelivr.net/gh/adenadoume/erp-equipment-reservations@main/catalog-images/ZBATH008.png,I110.9,50
ZBATH009,I165 IN WALL SHOWER SET,240,92,I165,ΜΠΑΝΙΟ,,https://cdn.jsdelivr.net/gh/adenadoume/erp-equipment-reservations@main/catalog-images/ZBATH009.png,I110.9,92
ZBATH010,I165 HEAD SHOWER SPARE FOR ZBATH0009 SHOWER SET,40,20,I165,ΜΠΑΝΙΟ,,https://cdn.jsdelivr.net/gh/adenadoume/erp-equipment-reservations@main/catalog-images/ZBATH010.png,I110.9,20
ZBATH011,I165 IN WALL VALVE SPARE FOR ZBATH0009 SHOWER SET,135,20,I165,ΜΠΑΝΙΟ,,https://cdn.jsdelivr.net/gh/adenadoume/erp-equipment-reservations@main/catalog-images/ZBATH011.png,I110.9,20
ZBATH012,I165 SHOWER HOSE AND HAND SHOWERR SPARE FOR ZBATH0009 SHOWER SET,35,20,I165,ΜΠΑΝΙΟ,,https://cdn.jsdelivr.net/gh/adenadoume/erp-equipment-reservations@main/catalog-images/ZBATH012.png,I110.9,20
ZBATH013,I165 DIVERTER CARTRIDGE AND HOT AND COLD CARTRIDGE SPARE FOR ZBATH0009 SHOWER SET,10,20,I165,ΜΠΑΝΙΟ,,https://cdn.jsdelivr.net/gh/adenadoume/erp-equipment-reservations@main/catalog-images/ZBATH013.png,I110.9,20
ZBATH014,I165 CONCEALED BIDET MIXER WATER JET,95,96,I165,ΜΠΑΝΙΟ,,https://cdn.jsdelivr.net/gh/adenadoume/erp-equipment-reservations@main/catalog-images/ZBATH014.png,I110.9,96
ZBATH015,I165 GRAB BAR,55,10,I165,ΜΠΑΝΙΟ,,https://cdn.jsdelivr.net/gh/adenadoume/erp-equipment-reservations@main/catalog-images/ZBATH015.png,I110.9,10
ZBATH016,I165 GRAB BAR,185,10,I165,ΜΠΑΝΙΟ,,https://cdn.jsdelivr.net/gh/adenadoume/erp-equipment-reservations@main/catalog-images/ZBATH016.png,I110.9,10
ZBATH017,I165 GRAB BAR,150,10,I165,ΜΠΑΝΙΟ,,https://cdn.jsdelivr.net/gh/adenadoume/erp-equipment-reservations@main/catalog-images/ZBATH017.png,I110.9,10
ZBATH018,I165 BASIN POPUP DRAIN WITHOUT OVEREFLOW,35,100,I165,ΜΠΑΝΙΟ,,https://cdn.jsdelivr.net/gh/adenadoume/erp-equipment-reservations@main/catalog-images/ZBATH018.png,I110.9,100
ZBATH019,I165 SIPHONE,90,20,I165,ΜΠΑΝΙΟ,,https://cdn.jsdelivr.net/gh/adenadoume/erp-equipment-reservations@main/catalog-images/ZBATH019.png,I110.9,20
ZBATH020,I165 FLOOR DRAIN,50,100,I165,ΜΠΑΝΙΟ,,https://cdn.jsdelivr.net/gh/adenadoume/erp-equipment-reservations@main/catalog-images/ZBATH020.png,I110.9,100
ZBATH021,I165 FLOOR DRAIN,170,46,I165,ΜΠΑΝΙΟ,,https://cdn.jsdelivr.net/gh/adenadoume/erp-equipment-reservations@main/catalog-images/ZBATH021.png,I110.9,46
ZBATH001,I258 WALL HUNG TOILET UF SEAT COVER P-TRAP180MM RIMLESS 490X360X360MM,235,133,I258,ΜΠΑΝΙΟ,,https://cdn.jsdelivr.net/gh/adenadoume/erp-equipment-reservations@main/catalog-images/ZBATH001.png,I110.9,133
ZBATH002,I258 SINK BASIN WITHOUT DRAINER/FAUCET 500X400X135MM,100,20,I258,ΜΠΑΝΙΟ,,https://cdn.jsdelivr.net/gh/adenadoume/erp-equipment-reservations@main/catalog-images/ZBATH002.png,I110.9,20
ZBATH003W,I258 HIDDEN WATER TANK WITH ABS WHITE BUTTON 1080X510X80MM,345,136,I258,ΜΠΑΝΙΟ,,https://cdn.jsdelivr.net/gh/adenadoume/erp-equipment-reservations@main/catalog-images/ZBATH003W.png,I110.9,136
ZBATH022W,I258 SPARE ABS WHITE BUTTON FOR HIDDEN WATER TANK ZBATH003,45,60,I258,ΜΠΑΝΙΟ,,https://cdn.jsdelivr.net/gh/adenadoume/erp-equipment-reservations@main/catalog-images/ZBATH022W.png,I110.9,60
ZBATH022B,I258 SPARE ABS  BLACK BUTTON FOR HIDDEN WATER TANK ZBATH003,50,20,I258,ΜΠΑΝΙΟ,,https://cdn.jsdelivr.net/gh/adenadoume/erp-equipment-reservations@main/catalog-images/ZBATH022B.png,I110.9,20
ZBATH022S,I258 SPARE ABS STAINLESS STEEL BUTTON FOR HIDDEN WATER TANK ZBATH003,65,20,I258,ΜΠΑΝΙΟ,,https://cdn.jsdelivr.net/gh/adenadoume/erp-equipment-reservations@main/catalog-images/ZBATH022S.png,I110.9,20
ZBATH004,I258 WALL HUNG TOILET'S UF SEAT COVER,60,100,I258,ΜΠΑΝΙΟ,,https://cdn.jsdelivr.net/gh/adenadoume/erp-equipment-reservations@main/catalog-images/ZBATH004.png,I110.9,100
ZBATH023,I258 SPARE FLUSH MECHANISM FOR WATER TANK ZBATH003,30,50,I258,ΜΠΑΝΙΟ,,https://cdn.jsdelivr.net/gh/adenadoume/erp-equipment-reservations@main/catalog-images/ZBATH023.png,I110.9,50
ZBATH024,I258 SPARE FLOAT VALVE FOR WATER TANK ZBATH003,30,50,I258,ΜΠΑΝΙΟ,,https://cdn.jsdelivr.net/gh/adenadoume/erp-equipment-reservations@main/catalog-images/ZBATH024.png,I110.9,50
A8353,I258 MIRROR BLACK FRAME F70,55,20,I258,ΜΠΑΝΙΟ,,https://cdn.jsdelivr.net/gh/adenadoume/erp-equipment-reservations@main/catalog-images/A8353.png,I110.9,20
A8594,I124 DOOR HINGE,15,50,I124,ΠΟΡΤΕΣ,,https://cdn.jsdelivr.net/gh/adenadoume/erp-equipment-reservations@main/catalog-images/A8594.png,I110.9,50
A8595,"I124 DOOR STOP ZINC ALLOY
MATT BLACK",10,100,I124,ΠΟΡΤΕΣ,,https://cdn.jsdelivr.net/gh/adenadoume/erp-equipment-reservations@main/catalog-images/A8595.png,I110.9,100
A8596,I124 DOOR STOP SATIN F16 F50 H88,15,100,I124,ΠΟΡΤΕΣ,,https://cdn.jsdelivr.net/gh/adenadoume/erp-equipment-reservations@main/catalog-images/A8596.png,I110.9,100
A8597,I124 DOOR STOP F29 H29,15,100,I124,ΠΟΡΤΕΣ,,https://cdn.jsdelivr.net/gh/adenadoume/erp-equipment-reservations@main/catalog-images/A8597.png,I110.9,100
S1121,I248 SOFA SET,6695,3,I248,FURNITURE,,https://cdn.jsdelivr.net/gh/adenadoume/erp-equipment-reservations@main/catalog-images/S1121.png,I110.9,3
C1812,"I248
  BAR CHAIR 62x60x108",1010,6,I248,FURNITURE,,https://cdn.jsdelivr.net/gh/adenadoume/erp-equipment-reservations@main/catalog-images/C1812.png,I110.9,6
T3373BB,"I248
  GARDEN TABLE 60*60*40",425,1,I248,FURNITURE,,https://cdn.jsdelivr.net/gh/adenadoume/erp-equipment-reservations@main/catalog-images/T3373BB.png,I110.9,1
T3373BLG,"I248
  GARDEN TABLE 60*60*40",425,1,I248,FURNITURE,,https://cdn.jsdelivr.net/gh/adenadoume/erp-equipment-reservations@main/catalog-images/T3373BLG.png,I110.9,1
T3374BB,"I248
  GARDEN TABLE 50*50*50",425,1,I248,FURNITURE,,https://cdn.jsdelivr.net/gh/adenadoume/erp-equipment-reservations@main/catalog-images/T3374BB.png,I110.9,1
T3374BLG,"I248GARDEN
  TABLE 50*50*50",425,1,I248,FURNITURE,,https://cdn.jsdelivr.net/gh/adenadoume/erp-equipment-reservations@main/catalog-images/T3374BLG.png,I110.9,1
T3375BB,"I248GARDEN
  TABLE 45*45*54",425,1,I248,FURNITURE,,https://cdn.jsdelivr.net/gh/adenadoume/erp-equipment-reservations@main/catalog-images/T3375BB.png,I110.9,1
T3375BLG,"I248GARDEN
  TABLE 45*45*54",425,1,I248,FURNITURE,,https://cdn.jsdelivr.net/gh/adenadoume/erp-equipment-reservations@main/catalog-images/T3375BLG.png,I110.9,1
T3376BB,"I248GARDEN
  TABLE 60*60*60",645,1,I248,FURNITURE,,https://cdn.jsdelivr.net/gh/adenadoume/erp-equipment-reservations@main/catalog-images/T3376BB.png,I110.9,1
T3376BLG,"I248GARDEN
  TABLE 60*60*60",645,2,I248,FURNITURE,,https://cdn.jsdelivr.net/gh/adenadoume/erp-equipment-reservations@main/catalog-images/T3376BLG.png,I110.9,2
T3377BB,"I248GARDEN
  TABLE 50*50*50",715,2,I248,FURNITURE,,https://cdn.jsdelivr.net/gh/adenadoume/erp-equipment-reservations@main/catalog-images/T3377BB.png,I110.9,2
T3377BLG,"I248GARDEN
  TABLE 50*50*50",715,1,I248,FURNITURE,,https://cdn.jsdelivr.net/gh/adenadoume/erp-equipment-reservations@main/catalog-images/T3377BLG.png,I110.9,1
C1813,"I248SWING
  CHAIR 125*135*72",650,4,I248,FURNITURE,,https://cdn.jsdelivr.net/gh/adenadoume/erp-equipment-reservations@main/catalog-images/C1813.png,I110.9,4
G1349,"I248SUN
  UMBRELLA 250*250",630,10,I248,FURNITURE,,https://cdn.jsdelivr.net/gh/adenadoume/erp-equipment-reservations@main/catalog-images/G1349.png,I110.9,10
G1350,"I248MARBLE
  BASE 30KG",135,9,I248,FURNITURE,,https://cdn.jsdelivr.net/gh/adenadoume/erp-equipment-reservations@main/catalog-images/G1350.png,I110.9,9
G1324,"I248
  SUN UMBRELLA WITH MARBLE BASE 250x250 cm",1415,3,I248,FURNITURE,,https://cdn.jsdelivr.net/gh/adenadoume/erp-equipment-reservations@main/catalog-images/G1324.png,I110.9,3
