KODIKOS,PERIGRAFI,PRICE (LIANIKI me FPA),stocksoftone,PROMITHEFTIS,CATEGORY,KATHGORIA,PHOTO,STOCK35.1,Q OIK35.1,Q,DESMEVMENA from RESERVED,DIATHESIMA,RESERVE BTN,RESERV LINKE,RESERVATIONS 2,CONTAINER
A7642BB,I107 WOODEN FAN ceiling BLACK blades BLACK motor,500,"22,0",I107,ΑΝΕΜΙΣΤΗΡΕΣ ΟΡΟΦΗΣ,ΑΝΕΜΙΣΤΗΡΕΣ ΟΡΟΦΗΣ,image.png (https://v5.airtableusercontent.com/v3/u/55/55/1785175200000/Ln1Xp1q3sKRIxXR7a9ATSw/o9IFJOfzouuWaKkzUXYAmN__Twqq5Xyj2gJsW7AaBXrjMIgtnzrL97W-Msas3ZrZVaPWWD0wK8paP5VLsEn5CKIk-hXjg7iL0CgYFCKImYjJxWFeXcVqMbYnq47A4bnhAGnWje0Z08ApAsB9xPkr9A/iNlR5w6t-dgtriMxkVqrg17gXp9skd6cJQ9ITtrxe0o),A7642BB,22,22,,9,https://pdh-catalog.softr.app/reservations?prefill_Code_=A7642BB,A7642BB,"A7642BB,A7642BB,A7642BB","I110.8,I110.9"
A7642DNB,I107 WOODEN FAN ceiling DARK NATURAL blades BLACK motor,500,"29,0",I107,ΑΝΕΜΙΣΤΗΡΕΣ ΟΡΟΦΗΣ,ΑΝΕΜΙΣΤΗΡΕΣ ΟΡΟΦΗΣ,image.png (https://v5.airtableusercontent.com/v3/u/55/55/1785175200000/YF7TTVVEJ16WCAoBozUi5g/CSmp4cDZF8nLV-PVUxjt20KlgTzik_dvXnGOavZTyGROMdTdJ9MnS3P9794M5CgO5t9arhczfWIUG20eZlUXvni_K6Dmz9rNoMbKwKfMtloI4eQkPj_5ast5Vor1PFMSXsOO78wxcZLYenYVzXalXA/MWEjmFMlqad2Aq8WIO2BtINCJATAzsKtGMwd1myokps),A7642DNB,29,29,,6,https://pdh-catalog.softr.app/reservations?prefill_Code_=A7642DNB,A7642DNB,"A7642DNB,A7642DNB","I110.8,I110.9"
A7642NB,I107 WOODEN FAN ceiling NATURAL blades BLACK motor,500,"32,0",I107,ΑΝΕΜΙΣΤΗΡΕΣ ΟΡΟΦΗΣ,ΑΝΕΜΙΣΤΗΡΕΣ ΟΡΟΦΗΣ,image.png (https://v5.airtableusercontent.com/v3/u/55/55/1785175200000/7TpwSgoBPWVotfbrysfqmg/i46MouqdnMexqKzx1pQI68HM1Rr6ROF-skHsBZRJL1cEodNCoZdLWqtM4baMVhItgrl63WFA1cAlm5v98RV0e7QB-oBFpb6tH8tG2kGT3VGGg5t_R_ZwuBgt8Jae2qhHzw1s3fKP7wIqI3LHVdCc9A/x2b1fislTzIEGCqgcKiN6waPffD_bTMcGLw4U8-XOOQ),A7642NB,32,32,,18,https://pdh-catalog.softr.app/reservations?prefill_Code_=A7642NB,A7642NB,"A7642NB,A7642NB,A7642NB","I110.8,I110.9"
A7642NW,I107 WOODEN FAN ceiling NATURAL blades WHITE motor,500,"18,0",I107,ΑΝΕΜΙΣΤΗΡΕΣ ΟΡΟΦΗΣ,ΑΝΕΜΙΣΤΗΡΕΣ ΟΡΟΦΗΣ,image.png (https://v5.airtableusercontent.com/v3/u/55/55/1785175200000/Nz5it-9xwjyjBpveJR3yUQ/LPaf12EOp4coeEg_jHVd6pHHpOQKSVm5-RQ-PTWEpwpKe6XzLRJ_BdunI4J9CW_A4RjKvcVBKIlD_LmaaAl1NRt5kkh3u0jh-xeO3Nekq1oHvS4Fr85yj3jmIwi8wgrMiAmuHUcs61gAbMps2GakrA/lY8K8wQMteyhIgtIeDDM8fiPEuXzzlVcCpJGP8xHMFY),A7642NW,18,18,,-64,https://pdh-catalog.softr.app/reservations?prefill_Code_=A7642NW,,"A7642NW,A7642NW,A7642NW","I110.8,I110.9"
A7642WW,I107 WOODEN FAN ceiling WHITE blades WHITE motor,500,"18,0",I107,ΑΝΕΜΙΣΤΗΡΕΣ ΟΡΟΦΗΣ,ΑΝΕΜΙΣΤΗΡΕΣ ΟΡΟΦΗΣ,image.png (https://v5.airtableusercontent.com/v3/u/55/55/1785175200000/V9DyieQGbm4U_z82SGLCKQ/fSMfM1yBcjw5QDmJjbqkrRLMGCLgSCERWi375fbFyV5_nU_DrffbTo55rX3oDi0XDqIQOVdFrsmxLy1VWwZ9NDH0U_4bIu-tAUuKgABABJE3bwenqDC1pJ3VD3y045-PjA7RWX2hp5VEUTe7A2iaPA/j0hy20MNTmpX_xtVc1E_oerqD9YbK8M7tokvOQi9ULw),A7642WW,18,18,,-10,https://pdh-catalog.softr.app/reservations?prefill_Code_=A7642WW,A7642WW,"A7642WW,A7642WW","I110.8,I110.9"
A7643,I126 PULL DOOR HANDLE,45,"123,0",I126,ΠΟΡΤΕΣ,ΠΟΡΤΕΣ,image.png (https://v5.airtableusercontent.com/v3/u/55/55/1785175200000/RdJP8l1JQGlwFKHhOSK7IQ/2SYWgQxjJqyMHBp6oNHnMp_qKWdMXQ4vhTap3xd7B0F2De5jR_Lc9QgAtkgQ15sva-HNp4QDMfka-ygFCYePwga7pNMbu0LaPuVlSobdjNxFPgUb8gPj7GKFSvqKobkCbGqYyHYFZoUX8ZmOVXsgIQ/avnvQ3Lv4n0Tuyo_6TwEDaZVeDKH3ogxMrNMm9S_PWo),A7643,123,123,,123,https://pdh-catalog.softr.app/reservations?prefill_Code_=A7643,,,
A7644CHR,I128 SILVER ZINC ALLOY DOOR HANDLE (PAIR) WITH ZINC ALLOY STRIGHT KEYHOLE,27,"90,0",I128,ΠΟΡΤΕΣ,ΠΟΡΤΕΣ,image.png (https://v5.airtableusercontent.com/v3/u/55/55/1785175200000/BU2bDyI9vmFjb2TFDskXnA/eDsjZXzzpMfaAHiOfRAtvWKBu8OqIPcWA9_icK0rjGcxAhSWccOtruffZ55Dk7765ct-oxy1Nc_SujsfiqSMllZ1ktNjKS7GOL7z3lZf-bkw737CGd0sYZmWHxzAgl-Lt717moUpCNQ65rJ_YGhWXA/UF2iPS5o7ldN0R2wupPOuWKxu-vmXF77yY42lRXdCRY),A7644CHR,89,89,,49,https://pdh-catalog.softr.app/reservations?prefill_Code_=A7644CHR,,A7644CHR,
A7646B,I128 DOOR HANDLE BLACK PAIR & KEYHOLES,30,"47,0",I128,ΠΟΡΤΕΣ,ΠΟΡΤΕΣ,image.png (https://v5.airtableusercontent.com/v3/u/55/55/1785175200000/hhiDtW2UA2NY-FEZ-U1jcw/8gz8PICn2XgDqyV5dD6NZ5D-bMQ_C4g0CUsi5KugcmhLROea1vrH0ae0VNxj9UQXFTXH9tIP0oDV6B9HN9YqLXdF7Dp9oCEExhuMoeNfF17oiy8Kiz_bMa3DBLQWVzrsfsBDrKVRLOT9aA2jbtS9qg/qsU-bWEy3Uh3Ormh0-IjQlOP4c3u6vsiy-CoH8AIB8s),A7646B,44,44,,15,https://pdh-catalog.softr.app/reservations?prefill_Code_=A7646B,,"A7646B,A7646B",
A7646BLEFT,I128 DOOR HANDLE BLACK LEFT & KEYHOLE,18,"78,0",I128,ΠΟΡΤΕΣ,ΠΟΡΤΕΣ,image.png (https://v5.airtableusercontent.com/v3/u/55/55/1785175200000/XpjUTyfHB2dbEhyfkWcKTA/akpdja5vcDIlzBc_XVEyCGNbdp3mXipEt_J0W5Ggpb0mjYI-gJcb4rEJZXpxwXkTif69AEgQKWB6HIrvAXiXcfx6S2XY52McC6pRPRJgDALBZvPnVUq5x8WeBeHmCeptqgCqW1wX16OeoLtJvPQ9cw/gNSkhAUHL89oE0AtW9uVo1mNtbqqF3DAp2_LNvQllHc),A7646BLEFT,78,78,,78,https://pdh-catalog.softr.app/reservations?prefill_Code_=A7646BLEFT,,,
A7646BRIGHT,I128 DOOR HANDLE BLACK RIGHT & KEYHOLE,18,"69,0",I128,ΠΟΡΤΕΣ,ΠΟΡΤΕΣ,image.png (https://v5.airtableusercontent.com/v3/u/55/55/1785175200000/xfAz6NAE7dumFlduzTc9gw/WBEE-LDrwUgo5DVzSQPlAtGPw5mI3RgNTqGYAo4KbFYkyR7OFhqkIXamJ3t6PZxzEtqhe_Ps0czhIIPh127iXKQKPzWosnsX7UNYD8ANbOMuT69yJeAfDaCQL-4-1CVRsTRowDqUjaDUtEzP8VIi_w/vdDSsLmLdIKNBCa23RhI86GmwaLQ_FHLOIi2rT-8Qc8),A7646BRIGHT,69,69,,69,https://pdh-catalog.softr.app/reservations?prefill_Code_=A7646BRIGHT,,,
A7646CHRLEFT,I128 DOOR HANDLE CHROME LEFT & KEYHOLE,18,"104,0",I128,ΠΟΡΤΕΣ,ΠΟΡΤΕΣ,image.png (https://v5.airtableusercontent.com/v3/u/55/55/1785175200000/njd8H8QJfEFBNBhQHM8UFQ/tbDdpMox8s4OEoRncaoA_ijS8JM3rxNiJ0pR2RX0gE5P-Ght7XKDd7XMGsxU7ASbMTTr-jSi6lgfuaxyNEkcpcpd9GNufhHFdVqR0EldmFX0FvysHUSpPE-GrhN83OAF6NRhi-F-Xpc_qiSXhi36Ig/DbclG3lR_FEISxY4Lapxk9J-tVypNWDxCFxSvDPUrpI),A7646CHRLEFT,104,104,,100,https://pdh-catalog.softr.app/reservations?prefill_Code_=A7646CHRLEFT,,A7646CHRLEFT,
A7646CHRRIGHT,I128 DOOR HANDLE CHROME RIGHT & KEYHOLE,18,"89,0",I128,ΠΟΡΤΕΣ,ΠΟΡΤΕΣ,image.png (https://v5.airtableusercontent.com/v3/u/55/55/1785175200000/ByxJ-6Mm8V2aJttmvIsoYQ/Z54S0PA6ZLeT3hAG3VFoSEP-pr9M_EKtQ6PHX2ApG45Q-xzSn_ochWccHyI8heuuTukXmlYWs0mqyGyxPzCxKwWUPMWC_KqndYhhUiNsM4uOihyWDJ6eikHnVKER4wxYPpTdvrx1aElt7TOyHbM5mg/O3IgD5k1YRUxYtt8tYSJWge01P-ff5hyVHQbzhIPiU0),A7646CHRRIGHT,89,89,,85,https://pdh-catalog.softr.app/reservations?prefill_Code_=A7646CHRRIGHT,,A7646CHRRIGHT,
A8112SILLEFT,I128 SINGE RIGHT SILVER ZINC ALLOY DOOR HANDLE (PAIR=100PCS) WITH ZINC ALLOY SAFETY KEYHOL,25,"67,0",I128,ΠΟΡΤΕΣ,ΠΟΡΤΕΣ,image.png (https://v5.airtableusercontent.com/v3/u/55/55/1785175200000/bOL1vdPW_3pCchXdq7pJQA/39pNZ_9BvRGBcL3sMetSkRxtk3ENYr6QegLqPtonV70WjzbVbO2TsYfg77hjCAEs7zSwFiAZRXIs-IqI-ikWJl6-NjB3vE0wzBY6TB1r749SqDYKYsOEtjV58nyvFIomx0lG6r559Fgx6EGuGU_i5w/_wf9BBIwgOvQLNXLZ6vuRJ5D3ngpBd6LF4wMy0R2rz8),A8112SILLEFT,67,67,,67,https://pdh-catalog.softr.app/reservations?prefill_Code_=A8112SILLEFT,,,
A8112SILRIGHT,I128 SINGE LEFT SILVER ZINC ALLOY DOOR HANDLE (PAIR=100PCS) WITH ZINC ALLOY SAFETY KEYHOLE,25,"103,0",I128,ΠΟΡΤΕΣ,ΠΟΡΤΕΣ,image.png (https://v5.airtableusercontent.com/v3/u/55/55/1785175200000/Zd-Q__uDLsWX2_atgfwpQw/qc-Ml5r1dYuZsBSSj7WunYBuffUd8W6Dmw6C-yYKFwdNgl7_4w8YMgAAngG6GbwqDHtC1TE0G6TuoVaWmNk1L8kskQ0xqmt0rUpv7UGLpAZxz6ZPrAy0Y7Ngx_IBM3ieqJxFBSAhIlwBS1n5JzAU1g/L_7OgRZA2xx8sWPH80OIe4Vzzwne0-4beE8rUfj_Cmw),A8112SILRIGHT,103,103,,103,https://pdh-catalog.softr.app/reservations?prefill_Code_=A8112SILRIGHT,,,
A8121,I124 DOOR STOP ZINC ALLOY MATT BLACK,3,"-4,0",I124,ΠΟΡΤΕΣ,ΠΟΡΤΕΣ,image.png (https://v5.airtableusercontent.com/v3/u/55/55/1785175200000/pIxAmFfQixPCOysWFqHeSw/toFBqZzHGXfF32EBn6l24boLTdRfcqC0xsBMeyJtxvdNTXWVfauDaqMewkF2UVggkAJBdeMYFzzaGv6ORkmbjLsdf3WUt-tV1yPw8lrT0cc3RpDdag2UZ1RX9zIpY_hyo4o3TV-XZj7-ECFbBArsfw/1MUw7hWQvYkpnRBMY7EMWIlDJKVmcqAlFLUklwIYHAE),A8121,-4,-4,,-35,https://pdh-catalog.softr.app/reservations?prefill_Code_=A8121,,"A8121,A8121",
B1002G,B3 FLOOR SINK TOP HOLE F40x90 GREY,560,"6,0",B3,SINKS,SINKS,B1002G - B3 FLOOR SINK TOP HOLE F40x90 GREY  (2).JPG (https://v5.airtableusercontent.com/v3/u/55/55/1785175200000/VAxoiwu9ZPsA5-1UY5OdPQ/1jsWhjWz3ZiOIJ7JLTKn9CQoubwLfRyl7WekCgzqjCjGgR9N87RckKD_pCHOGqOq0CSdraq1-Rvr0bo0w1o3Ot4cV8hH18Pcf4_BM_TLogcXHLXXqobe9cZ2I_mnXkzqc6K5hkhQD9l29RGMyTU0sENNZBnGDcYqGSSRjHsWCzr3VIR-sbRGls9QqpACyBwR/1OtE_M3_xhmv2GUbSg0M7KTxQbg0MnrCJUFJ79TYnDY),B1002G,6,6,,6,https://pdh-catalog.softr.app/reservations?prefill_Code_=B1002G,,,
B1004C,B3 SINK TOWER MARBLE F40x15 CREAM,335,"1,0",B3,SINKS,SINKS,B1004C-Sink-marble-Tower-F40xH15-260€-120x120.jpg (https://v5.airtableusercontent.com/v3/u/55/55/1785175200000/kLw4SO1xR7aaTxHUpnDEgw/jqhYyfrMAyU-7TC377SAUUkV4unqNssxq5sbaZ6wqj8wDvh8oazf9BvPd1Om43Rn-jfy2FvJLMuezvOxMpVYVujxYvZrIwac7iu_TdDHfUBIqLoZIVxzDygEbhudljLAja3_utXEstl2MTU5xVE-DwuQ5Ghg4fAhcNSf4KOgo_KTuTuz-2jnIAbey1Jz-Ke08SGEiYyvWrIkr6XgfH9DcA/QLQbdlf9rPR8FTBxVvdemrrMFyJrp5UjIA2VChqihq8),B1004C,1,1,,1,https://pdh-catalog.softr.app/reservations?prefill_Code_=B1004C,,,
B1005.1G,SINK DEDE F40x13 GREY,270,"2,0",,SINKS,SINKS,B1005.1G.JPG (https://v5.airtableusercontent.com/v3/u/55/55/1785175200000/S6wsNlGSENInfG5aW1b13w/0umg6B84Fl-I8CVthifjW60uE5BHTgb-oD0mIwKzf5B5UZ-WP221VaE74lkZ8KhnAIEUdy-rIK_n8SBtKm6MXiyASmTEJMrPUR9KBKpWPlkLPrj10ZM4hpMkoBbCzPME0P7PhSktAjGGglORMWLD7C1bQfGUQfOElFWqIVGMUg8/s7ZJJIrL1QoTxVoN07asNBJMapbV_vNH5mBlajX7Eic),B1005.1G,2,2,,2,https://pdh-catalog.softr.app/reservations?prefill_Code_=B1005.1G,,,
B1027.1C,B3 SINK ROUND F45x90 CREAM,520,"3,0",B3,SINKS,SINKS,image.png (https://v5.airtableusercontent.com/v3/u/55/55/1785175200000/viQziVqQtg8T8JW3dRiAwg/PPtjv0abpgYGZE15_UXQfouhqx-iiZApIoVVmJs0rmSYsDzG9RM0Rqzd6ioClVJxGmiJgOjyvG0e7Oj5sWS_0IBAM89KBvUlODY1pknys3yYh0un0TSZ1ZViIW3Fo1cYauw7vuln2N98RETJ9yQLbg/CNutyUqjm3HoqVWuBBywlehiI5wd1WYqwpdvksYYy5U),B1027.1C,3,3,,3,https://pdh-catalog.softr.app/reservations?prefill_Code_=B1027.1C,,,
B1029,SINK RECTANGULAR GREY 60x50x15,345,"1,0",,SINKS,SINKS,B1029 - SINK RECTANGULAR GREY 60x50x15 .jpg (https://v5.airtableusercontent.com/v3/u/55/55/1785175200000/sGVWB9kZSGtL6_wI7wlINw/g1Eftz1anqoEHMEuedoohu52lOzb3s6LAwSB__n41dKhzvKSd5BcN3wZ7rf0JQfztKS59YWtPjYnpuV1TtLzcsUNmkyuXvtq6oI-lHLVGt2xUexMAGZAybrgvdUNOfp6OOM4Wa_V3m-5EYaVm9nPPZrxrDqRxpwgts3z-fvCWBu62tKmi_pGa0hbkXVSfyA_/vXcWgQDfS3hZhSxUnRtuwv5DJRBR9hRlibg7JhHKfnE),B1029,1,1,,1,https://pdh-catalog.softr.app/reservations?prefill_Code_=B1029,,,
B1029C,B169 SINK RECTANGULAR 60x50x15,345,"4,0",B169,SINKS,SINKS,B1029 - SINK RECTANGULAR GREY 60x50x15 .jpg (https://v5.airtableusercontent.com/v3/u/55/55/1785175200000/ilLN4-se1bB6dwRIV1e8fQ/cN2e5wH6SHjdxDniW4o1u-lK6OdB3Oe8ZHIz3GjUPJaNB19j6-jjaGNqrY_MQmkb2ujWR-Ci2RFRuv24uInmfIV4UfBXhDlaQolUC8GznWyCDWOIlYJI1w2Czr88pYJlYH71nj6W0RQ6_uLTlfKyJtv_nwzqjIJiGmvqfMGuKijUBS8-X1nPelRYLMi0das_/cNf2Yf_Ld1wmJ8h4ni_v1ClVvG6z6mxI0T1mx0lL7rA),B1029C,4,4,,4,https://pdh-catalog.softr.app/reservations?prefill_Code_=B1029C,,,
B1038C,B3 SINK SEROK F45x10 CREAM,340,"1,0",B3,SINKS,SINKS,B1038C.jpg (https://v5.airtableusercontent.com/v3/u/55/55/1785175200000/5VH-2HgguCXWN8E_YlSOwQ/AT0M7m4In0nxqjrroUGA_RilZgM59dZGKR5m960Pi6bhovSmeJKq2yx0Uc8zAHXKUrpU-HAT-ocaEgXrenIO0mp3a3KxYyT0xUmSsriooLQVQprDsJ9geDXbFETi5d9-dVwd_ukWBIomJFFYehAjLCxjM3UP4WVh3aBQjI2uiVI/qkCOmRwLneXtebTg3DXwbg5ROWbJH-Ms_q8sX2beLMM),B1038C,1,1,,1,https://pdh-catalog.softr.app/reservations?prefill_Code_=B1038C,,,
B1038G,SINK SEROK F45X10 GREY,340,"1,0",,SINKS,SINKS,B1038G.JPG (https://v5.airtableusercontent.com/v3/u/55/55/1785175200000/myA2DY64HEshcAuF559qeA/Ps0lHDskovpIPHTEQNreTzdzI7AYpq7E4QsqmmgGPgbuIg8qe94WFs_jKMc81unR_bP-rlzd_zOomRfDkSHsmPg29pAFlNMqb4N2NeXfeW4sHYDgFeLbwPAlDy84WSuQ1s-1fZAmhJasVxXf_B0cmXROFLa8rIs38z-QRl2gRAM/26zHQ-RBH-guxkFHfLEzs1SMrzDOuY5NrWBobVm8I70),B1038G,1,1,,1,https://pdh-catalog.softr.app/reservations?prefill_Code_=B1038G,,,
B1039C,B3 SINK KOTAK MARMO 69x47x7 CREAM,490,"4,0",B3,SINKS,SINKS,image.png (https://v5.airtableusercontent.com/v3/u/55/55/1785175200000/psD2O-IBVazJyuxDcq-j_w/Ai2Msj9-9InqE6IIS4ZeTfce4oRSnPwnHpF5lU1sQgYhOBPhnRFfoJkLwKW3JO0lrv2rGeaG_1VXUTxkWqSgvtusZjFGpAiwLQQLN0nT0oCJJ8ctr_63UI045HfMQSIGPlRN6Fcj19ogWoDGuU9VtA/QGdNrEo2_nRvz7tkgSknoo4VszhMtW-fY65_Lcl7Bow),B1039C,4,4,,4,https://pdh-catalog.softr.app/reservations?prefill_Code_=B1039C,,,
B1039G,B3 SINK KOTAK MARMO 69x47x7 GREY,490,"6,0",B3,SINKS,SINKS,image.png (https://v5.airtableusercontent.com/v3/u/55/55/1785175200000/psD2O-IBVazJyuxDcq-j_w/Ai2Msj9-9InqE6IIS4ZeTfce4oRSnPwnHpF5lU1sQgYhOBPhnRFfoJkLwKW3JO0lrv2rGeaG_1VXUTxkWqSgvtusZjFGpAiwLQQLN0nT0oCJJ8ctr_63UI045HfMQSIGPlRN6Fcj19ogWoDGuU9VtA/QGdNrEo2_nRvz7tkgSknoo4VszhMtW-fY65_Lcl7Bow),B1039G,6,6,,6,https://pdh-catalog.softr.app/reservations?prefill_Code_=B1039G,,,
B1058.2,T88 SINK CERAMIC HANDPAINTED F42x16,450,"1,0",T88,SINKS,SINKS,B1058.2-2-710x575.jpg (https://v5.airtableusercontent.com/v3/u/55/55/1785175200000/9qb8fEn-NQu-Q2aKD0fO0w/RIo1C3HZi_AEgDAdjzGnQJ-24lg1ZoVmBkDxGzPAkxKjvO7NuEIeFsNgSyq3qAxu0qPIT1AnHRNhD7h7XEeD5x6kNYA6HnbSz_soR9Ettrv5p3SFM4qKyyCI_1HNfCokofF_ELc3dSQo6ME64mghV5GcSmmJ8uQbHni5lpPa8rg/c9iQXaYBT-1zh1_-pfmeXWnColfvYCoQv1dIpgnjSt0),B1058.2,1,1,,1,https://pdh-catalog.softr.app/reservations?prefill_Code_=B1058.2,,,
B1405G,B4 SINK MARBLE ROUND F40,345,"16,0",B4,SINKS,SINKS,image.png (https://v5.airtableusercontent.com/v3/u/55/55/1785175200000/ckc2AGUvo714sURxmbZnDA/UmFYtuYebTtETtDv7w1v4Ye8azYVWxVwRzdMICyf2sg0QzbNcv-cM64hDYpAut2PRfT40jb-dor3xdbMWrHLKAUq3g3zF3dD3V5-cFnAXrznm1hc6cM8RP4airNGJNt4IUwS5JO7lJ3yGFvDCkgASA/LRGsyxfi8VzFSIWfraPLZsYrd6yveuWDjNuMcwgsKEk),B1405G,16,16,,16,https://pdh-catalog.softr.app/reservations?prefill_Code_=B1405G,,,
B1411,B169 SINK RIVER STONE 22x25x20,,"4,0",B169,SINKS,SINKS,image.png (https://v5.airtableusercontent.com/v3/u/55/55/1785175200000/uPfFhDDLtWCXPd2MK26YpA/-_j6KPqxxGetfcbUtx-tc96dTXt9rD7bvRIGXjSB7wqK0WJ5cq5fb15MhrssV4Igud8OPdCJU3qsMIgtES713F-Y6L3-BWdeVjWUpVSBS1yg7S-cIaJWQV_GidgidfdrOz0bM-I5utQE7HE_ZD4EGg/cQpjLrDC1Sk7_kc2yt6bacSTIWkYxl6W6QV2RoAYrIk),B1411,4,4,,4,https://pdh-catalog.softr.app/reservations?prefill_Code_=B1411,,,
B1411.1,"B169 SINK RIVER STONE
  30x35x20",207,"104,0",B169,SINKS,SINKS,image.png (https://v5.airtableusercontent.com/v3/u/55/55/1785175200000/uPfFhDDLtWCXPd2MK26YpA/-_j6KPqxxGetfcbUtx-tc96dTXt9rD7bvRIGXjSB7wqK0WJ5cq5fb15MhrssV4Igud8OPdCJU3qsMIgtES713F-Y6L3-BWdeVjWUpVSBS1yg7S-cIaJWQV_GidgidfdrOz0bM-I5utQE7HE_ZD4EGg/cQpjLrDC1Sk7_kc2yt6bacSTIWkYxl6W6QV2RoAYrIk),B1411.1,104,104,,104,https://pdh-catalog.softr.app/reservations?prefill_Code_=B1411.1,,,
B1411.2,B169 SINK RIVER STONE 35x40x20,247,"39,0",B169,SINKS,SINKS,image.png (https://v5.airtableusercontent.com/v3/u/55/55/1785175200000/kvxtMoswOUYH4YL5XQxg7g/zRsaXfeY4u1ExRkw98IpMM2EcpJpRkzBX79WxvdLC2uCFqgj6fNumVcxbCuTyE3R13jkQLAVStgz-tg4VY0iRu9-AKD2D-HT53VSr8hnFyI6lJhmIbRHXK49_qYlxksVJDF1Uu9jCVxl_E3G5-mNnA/eB-soMcUhzOR753yjsTQNknvIErsIs69yHXqWHcNqFM),"B1411.2,B1411.2","39, 39","39, 39",,1,https://pdh-catalog.softr.app/reservations?prefill_Code_=B1411.2,,,
B1411.3,B169 SINK RIVER STONE 50x40x20,287,"4,0",B169,SINKS,SINKS,image.png (https://v5.airtableusercontent.com/v3/u/55/55/1785175200000/uPfFhDDLtWCXPd2MK26YpA/-_j6KPqxxGetfcbUtx-tc96dTXt9rD7bvRIGXjSB7wqK0WJ5cq5fb15MhrssV4Igud8OPdCJU3qsMIgtES713F-Y6L3-BWdeVjWUpVSBS1yg7S-cIaJWQV_GidgidfdrOz0bM-I5utQE7HE_ZD4EGg/cQpjLrDC1Sk7_kc2yt6bacSTIWkYxl6W6QV2RoAYrIk),"B1411.3,B1411.3","4, 4","4, 4",,1,https://pdh-catalog.softr.app/reservations?prefill_Code_=B1411.3,,,
B1411.4,B169 SINK RIVER STONE 50x40x13,160,"5,0",B169,SINKS,SINKS,image.png (https://v5.airtableusercontent.com/v3/u/55/55/1785175200000/uPfFhDDLtWCXPd2MK26YpA/-_j6KPqxxGetfcbUtx-tc96dTXt9rD7bvRIGXjSB7wqK0WJ5cq5fb15MhrssV4Igud8OPdCJU3qsMIgtES713F-Y6L3-BWdeVjWUpVSBS1yg7S-cIaJWQV_GidgidfdrOz0bM-I5utQE7HE_ZD4EGg/cQpjLrDC1Sk7_kc2yt6bacSTIWkYxl6W6QV2RoAYrIk),"B1411.4,B1411.4","5, 5","5, 5",,1,https://pdh-catalog.softr.app/reservations?prefill_Code_=B1411.4,,,
B1411.5,B169 RIVER STONE SINK 40X38X15,140,"8,0",B169,SINKS,SINKS,image.png (https://v5.airtableusercontent.com/v3/u/55/55/1785175200000/uPfFhDDLtWCXPd2MK26YpA/-_j6KPqxxGetfcbUtx-tc96dTXt9rD7bvRIGXjSB7wqK0WJ5cq5fb15MhrssV4Igud8OPdCJU3qsMIgtES713F-Y6L3-BWdeVjWUpVSBS1yg7S-cIaJWQV_GidgidfdrOz0bM-I5utQE7HE_ZD4EGg/cQpjLrDC1Sk7_kc2yt6bacSTIWkYxl6W6QV2RoAYrIk),B1411.5,8,8,,8,https://pdh-catalog.softr.app/reservations?prefill_Code_=B1411.5,,,
B1411.12,B169 SINK RIVER STONE 25x25x15,75,"4,0",B169,SINKS,SINKS,image.png (https://v5.airtableusercontent.com/v3/u/55/55/1785175200000/uPfFhDDLtWCXPd2MK26YpA/-_j6KPqxxGetfcbUtx-tc96dTXt9rD7bvRIGXjSB7wqK0WJ5cq5fb15MhrssV4Igud8OPdCJU3qsMIgtES713F-Y6L3-BWdeVjWUpVSBS1yg7S-cIaJWQV_GidgidfdrOz0bM-I5utQE7HE_ZD4EGg/cQpjLrDC1Sk7_kc2yt6bacSTIWkYxl6W6QV2RoAYrIk),B1411.12,4,4,,4,https://pdh-catalog.softr.app/reservations?prefill_Code_=B1411.12,,,
B1411.20,B169 SINK RIVER STONE 60X36X15,185,"6,0",B169,SINKS,SINKS,image.png (https://v5.airtableusercontent.com/v3/u/55/55/1785175200000/uPfFhDDLtWCXPd2MK26YpA/-_j6KPqxxGetfcbUtx-tc96dTXt9rD7bvRIGXjSB7wqK0WJ5cq5fb15MhrssV4Igud8OPdCJU3qsMIgtES713F-Y6L3-BWdeVjWUpVSBS1yg7S-cIaJWQV_GidgidfdrOz0bM-I5utQE7HE_ZD4EGg/cQpjLrDC1Sk7_kc2yt6bacSTIWkYxl6W6QV2RoAYrIk),B1411.20,6,6,,6,https://pdh-catalog.softr.app/reservations?prefill_Code_=B1411.20,,,
B1412,B169 SINK STONE 110x36x20,960,"1,0",B169,SINKS,SINKS,B1412 - B169 SINK STONE 110x36x20.jpg (https://v5.airtableusercontent.com/v3/u/55/55/1785175200000/DiWJ4a8WxCYpflsMe-po2A/dIc9KGRJ4qFoZq3kC_q9LF1Y1Q11w1BcXG7-mCQgH2c2YP8tOhx8Jj3H_7ygtM_JP8qoEf1hlhVqdHZwGsq__eDIjx3FQSC9_mctdN0YwRLZ1IpMSqb7yFJHQOTuwFoliSLN8SFP-3H3ixfzjZBc3b5Qk-A4Xqe2W5TOsNd32zT21BA407z9GIu2nMfIw-t6/0Ljz2ALqLQQIGGK7bZ2Z3v_3hLGalsqYHf_YhFnh9zc),B1412,1,1,,1,https://pdh-catalog.softr.app/reservations?prefill_Code_=B1412,,,
B1418C,B169 SINK CREAM 120x40x60,1350,"2,0",B169,SINKS,SINKS,,B1418C,2,2,,2,https://pdh-catalog.softr.app/reservations?prefill_Code_=B1418C,,,
B1433,B169 STONE SINK MIDDLE CREAM 100x41x37,1445,"2,0",B169,SINKS,SINKS,,B1433,2,2,,2,https://pdh-catalog.softr.app/reservations?prefill_Code_=B1433,,,
B1435C,B169 STONE FLOOR SINK CREAM 75x50x87,1950,"1,0",B169,SINKS,SINKS,image.png (https://v5.airtableusercontent.com/v3/u/55/55/1785175200000/3CNQUE9eDXT5pc2jYDcAlw/RcKyXCfS7z4EdWi6Nk8YsCpqNEgmfiSizP77tOxmM8SlX_obwm2Cpi4aclNsKIhlySjmoIX1KuISwKEh8rNfwsdg6mSX9YQQ8x-uQcqiKB-DQzfFDqT9o89JsiEaSDMqk-tdCi-jEmRgjO5NKC91fg/UftGvKXAL1e4f6badVPHUsChI1PsA4tM5cgavzg9Pys),B1435C,1,1,,1,https://pdh-catalog.softr.app/reservations?prefill_Code_=B1435C,,,
B1483B,B169 SINK STONE SLAB 40x35x40,185,"1,0",B169,SINKS,SINKS,B1483B.jpg (https://v5.airtableusercontent.com/v3/u/55/55/1785175200000/9cqkwgto4pSsIW5kwWXqpQ/ggVKkg7kKcfSBCwmOoKOXX3SCHF07O6FUAM-KnB3gJZf7IMJLM__YRJM88LT4XKg5PCny6w9oMbEcD7xGvKqJ08XmEpYEVsBxSVThRfb97Iuu_7AvSeEzXm-4P-oI71g4inmmGZV3VII3BNubYktYfutEsdyHYTlIRXJ8MED3b0/h-jF6dST9EtL3K5xfH621hl45PApJhPGWieBZQk9t-o),B1483B,1,1,,1,https://pdh-catalog.softr.app/reservations?prefill_Code_=B1483B,,,
B1483G,B169 SINK STONE SLAB 40x35x40,185,"4,0",B169,SINKS,SINKS,image.png (https://v5.airtableusercontent.com/v3/u/55/55/1785175200000/XFQco-9-K8fJAoaTjlnP9Q/BtQ7NTtSmwF4kzbswRB6N3RhDM_Sl9D-MWTY32IeRg00YlK0X96OXhWB1n_djCtBiauU9HTyZDh4g3UPjpIC2yeK65z2d1gDnHsxlN6HoADRmb7TB5RJJXM2xchAfVHz7lvelTO-hhfoSBD5IJJPqw/xaiLzyT714JI1K0bIZG0vt15jFaALfygCSxDzcaWNqw),B1483G,4,4,,4,https://pdh-catalog.softr.app/reservations?prefill_Code_=B1483G,,,
B1493,B169 SINK BLINK STONE L47-57 W35-42 H15,290,"4,0",B169,SINKS,SINKS,image.png (https://v5.airtableusercontent.com/v3/u/55/55/1785175200000/xVPre18S1g0ad7cmFPjs1A/r392jkQQf6E2TeSYnpw4eiKBn8i8CEbGLtFBGdo_8UDXKwo5j0dlXsG2jX_R-BcSls13DJTGr70KRennx79dT9FKg_FVyaUCuH13T6rsVRuR5gMkayFnF73dg2oC-vP8O4QHCrsvwmx8aSOouLOZ7Q/ZWeT1KJcRhGxJyPfn0ZiI9vgFFHctO2aTulXRTgP9uo),B1493,4,4,,4,https://pdh-catalog.softr.app/reservations?prefill_Code_=B1493,,,
B1494,B169 SINK ONYX 48x44x15,380,"2,0",B169,SINKS,SINKS,,B1494,2,2,,2,https://pdh-catalog.softr.app/reservations?prefill_Code_=B1494,,,
B1495,B169 SINK LAVA 35-40x50-65x25,290,"11,0",B169,SINKS,SINKS,B1495.JPG (https://v5.airtableusercontent.com/v3/u/55/55/1785175200000/jIMnBs7fYzqXRrhZIdc01A/FtOeXCGQmUddTwSGXjF-_qkPHK4LNOV7EQ_odSDlLXyz0lnT5rgJDNGpNxVtLjEDl4xREETaVBL7pqvn_Z5ulASz8m_v3B_PU7on4ZfFxgFy6TT-fg7QiUhFKfGV9l2SE0-zL716ka36IL-pQPvYHA/7WmTiV_nTd9HUJY0pwCixFpvXY-lFcm763wkeodh70Q),B1495,11,11,,11,https://pdh-catalog.softr.app/reservations?prefill_Code_=B1495,,,
B1496,B169 ZEBRA STONE SINK 60x47x17,290,"4,0",B169,SINKS,SINKS,image.png (https://v5.airtableusercontent.com/v3/u/55/55/1785175200000/V62D-u1_JkkPrgq-MHEIHA/OHWHN_tEEr__gKo8NUZJcIrDAWXUiA6QB68K35IGZSJWBhm76blK3O5CQl5MspiD3Qp3Ggvu2Qd7H1KS5r1MXc7fxi1u9HBW64cgir0P3ojRIku2BJyZ5AnY6w790-dyBXmXL93YgBMx-ebBNgbhKg/GjdOQvGjukHN9ENX9u_lklNt14BplT7U1xeJ2IVDmuM),B1496,4,4,,4,https://pdh-catalog.softr.app/reservations?prefill_Code_=B1496,,,
B1497,B169 SINK BROWNIE STONE 40x40x15,240,"4,0",B169,SINKS,SINKS,image.png (https://v5.airtableusercontent.com/v3/u/55/55/1785175200000/OEcFgBGSRvN4QPSPsUKJ8w/9WbkT--UQbVT_PtdSQQ1Iyj2t4MnSIj52QuSvfMrAvcAFr99wkkB1s265hUDDkQZlgP5mE60HxUx7_sHZipZjPA0dCqM2GF-exGTl-2trXQdwsvbeOxGJL3WM77TxhENGLiA_IBej32kgGFpG73e7A/_euDY4OOIn6CIVm6W7CeKIknBAjNAngbt_QT0nqsG8I),B1497,4,4,,-10,https://pdh-catalog.softr.app/reservations?prefill_Code_=B1497,,B1497,
B1498,B169 SINK ONYX 44 H16,380,"2,0",B169,SINKS,SINKS,image.png (https://v5.airtableusercontent.com/v3/u/55/55/1785175200000/3wCgmgX9cFH-B-A1fbahjw/Y6cU6P8KdFb1OccGbiH4O-oVJrXr438fuJgRPGZ1adFvbGzhlvbSztliCBz_VbTv_Jf1VrpwE8RdNAhkFeKjzIOW99KZ48QTY7MbYi7334LBczUN9L39rJmBtYdGVvqIQmzlDmgcUSWFKGK1Q6BM9w/F2Pk_OZbFf8gfPhQjJirML0FzbC9xSEZ2tpmxFY_YSg),B1498,2,2,,2,https://pdh-catalog.softr.app/reservations?prefill_Code_=B1498,,,
B1498.1,B169 SINK ONYX 38/45 x 30/39 x15,380,"3,0",B169,SINKS,SINKS,image.png (https://v5.airtableusercontent.com/v3/u/55/55/1785175200000/3wCgmgX9cFH-B-A1fbahjw/Y6cU6P8KdFb1OccGbiH4O-oVJrXr438fuJgRPGZ1adFvbGzhlvbSztliCBz_VbTv_Jf1VrpwE8RdNAhkFeKjzIOW99KZ48QTY7MbYi7334LBczUN9L39rJmBtYdGVvqIQmzlDmgcUSWFKGK1Q6BM9w/F2Pk_OZbFf8gfPhQjJirML0FzbC9xSEZ2tpmxFY_YSg),B1498.1,3,3,,3,https://pdh-catalog.softr.app/reservations?prefill_Code_=B1498.1,,,
B1498.3,B169 SINK ONYX 110X38X15,864,"1,0",B169,SINKS,SINKS,image.png (https://v5.airtableusercontent.com/v3/u/55/55/1785175200000/3wCgmgX9cFH-B-A1fbahjw/Y6cU6P8KdFb1OccGbiH4O-oVJrXr438fuJgRPGZ1adFvbGzhlvbSztliCBz_VbTv_Jf1VrpwE8RdNAhkFeKjzIOW99KZ48QTY7MbYi7334LBczUN9L39rJmBtYdGVvqIQmzlDmgcUSWFKGK1Q6BM9w/F2Pk_OZbFf8gfPhQjJirML0FzbC9xSEZ2tpmxFY_YSg),B1498.3,1,1,,1,https://pdh-catalog.softr.app/reservations?prefill_Code_=B1498.3,,,
B1498.4,B169 SINK ONYX 42X30X15,,"1,0",B169,SINKS,SINKS,image.png (https://v5.airtableusercontent.com/v3/u/55/55/1785175200000/3wCgmgX9cFH-B-A1fbahjw/Y6cU6P8KdFb1OccGbiH4O-oVJrXr438fuJgRPGZ1adFvbGzhlvbSztliCBz_VbTv_Jf1VrpwE8RdNAhkFeKjzIOW99KZ48QTY7MbYi7334LBczUN9L39rJmBtYdGVvqIQmzlDmgcUSWFKGK1Q6BM9w/F2Pk_OZbFf8gfPhQjJirML0FzbC9xSEZ2tpmxFY_YSg),B1498.4,1,1,,1,https://pdh-catalog.softr.app/reservations?prefill_Code_=B1498.4,,,
B1498.7,SINK ONYX 50x40x15,435,"2,0",,SINKS,SINKS,B1498.jpg (https://v5.airtableusercontent.com/v3/u/55/55/1785175200000/BcDq58vo_uMqclRWsSwMZg/PoLrKhiKVW2MvTT7VPOEp0LCQpJRVrzX8o2TVYMdjba6azOdcjwa9k1Pk2GzvXInO1FIOaEMptwl7QSFZeTK6OT4hVkCE6R2CBMA8JUnAf_JKn93AIZaKRE5zH_Csz2BgLzFIMexssYsm03FZbFBYw/0EVVFyrtkWqwU4i3MNCkDa-MrKsvFFbinjxeFL_IQ-M),B1498.7,2,2,,2,https://pdh-catalog.softr.app/reservations?prefill_Code_=B1498.7,,,
B1500.1B,B169 SQUARE SINK 30x25x15,185,"19,0",B169,SINKS,SINKS,image.png (https://v5.airtableusercontent.com/v3/u/55/55/1785175200000/90A9f4VDRbu7liCS-Eve-w/Zd1D7HNiEfwhYzN3lonCUKOooquaPDlGLvcSRGVNb0MTF7FttmPHLkatjxFMPcp76YGz-qNJNPAvUzvXowVzkUg_AS-OTUAQ9g1DMdCbxbvNQ1OmGI-WmvLMjRmXPMUWfJi-1gSeVY2EEEj_JgXoCA/wBdEcTPxnJNnoqUpCTPCCqMjt96UwJvNHYU4t2t0cRc),B1500.1B,19,19,,19,https://pdh-catalog.softr.app/reservations?prefill_Code_=B1500.1B,,,
B1500.1W,B169 SQUARE SINK 30x25x15,185,"17,0",B169,SINKS,SINKS,image.png (https://v5.airtableusercontent.com/v3/u/55/55/1785175200000/90A9f4VDRbu7liCS-Eve-w/Zd1D7HNiEfwhYzN3lonCUKOooquaPDlGLvcSRGVNb0MTF7FttmPHLkatjxFMPcp76YGz-qNJNPAvUzvXowVzkUg_AS-OTUAQ9g1DMdCbxbvNQ1OmGI-WmvLMjRmXPMUWfJi-1gSeVY2EEEj_JgXoCA/wBdEcTPxnJNnoqUpCTPCCqMjt96UwJvNHYU4t2t0cRc),B1500.1W,17,17,,17,https://pdh-catalog.softr.app/reservations?prefill_Code_=B1500.1W,,,
B1500.2B,B169 SQUARE SINK 50x38x15,270,"5,0",B169,SINKS,SINKS,image.png (https://v5.airtableusercontent.com/v3/u/55/55/1785175200000/90A9f4VDRbu7liCS-Eve-w/Zd1D7HNiEfwhYzN3lonCUKOooquaPDlGLvcSRGVNb0MTF7FttmPHLkatjxFMPcp76YGz-qNJNPAvUzvXowVzkUg_AS-OTUAQ9g1DMdCbxbvNQ1OmGI-WmvLMjRmXPMUWfJi-1gSeVY2EEEj_JgXoCA/wBdEcTPxnJNnoqUpCTPCCqMjt96UwJvNHYU4t2t0cRc),B1500.2B,5,5,,5,https://pdh-catalog.softr.app/reservations?prefill_Code_=B1500.2B,,,
B1500.2W,B169 SQUARE SINK 50x38-40x15,295,"32,0",B169,SINKS,SINKS,image.png (https://v5.airtableusercontent.com/v3/u/55/55/1785175200000/Ucm-ohWwcAxwMN9edcX_Fg/qaHqAJdggEUNSAd0NqDrQMmWG0WoOltJKNvTyRqsS8jzH47vFinEUsTRh2iON4aGkR3N3uchoDWhFDbQJe32L1xHgQJAssBMgJKWQPgdgwFcM1w3k8ptnZVnRxsXHXYzvQTG2PJv5HEBzCTV2959NA/JSUlMU243-65z6NA2d24Ua4i5OAYE_ZiNWOsE9l6qkE),B1500.2W,32,32,,32,https://pdh-catalog.softr.app/reservations?prefill_Code_=B1500.2W,,,
B1502C,B169 MODERN SINK 55x35x20,335,"7,0",B169,SINKS,SINKS,B1502C.jpg (https://v5.airtableusercontent.com/v3/u/55/55/1785175200000/KDX0w35HTTcTZkk4noxsbQ/XaQDDapVeXN0NLtlO7vxkaubi0JwCmF_G7QwzazhJUmzAxMa2rOOCv7ubZ-l3CCMgJZiXNOJ2mZNAq9kWFTA9zMIKjGzT1IdXkZrg0oJ9TSkMdavKjhxnQ9cKUevelFy9750kHI-xvwBqT1DZVsqrgh_iKcIQwsEVtdyd5Dsr3c/wh1GVIBeX37qtAjeRvvy_AtSrBSEi4yQUmgO561exjY),B1502C,7,7,,7,https://pdh-catalog.softr.app/reservations?prefill_Code_=B1502C,,,
B1502W,B169 MODERN SINK 56x36x20,335,"1,0",B169,SINKS,SINKS,B1502W - B169 MODERN 56x32.jpg (https://v5.airtableusercontent.com/v3/u/55/55/1785175200000/I3VcyE5FaUhHAFgO_7LV-Q/OvJGAdYq_EIR6qDjhRxPrwvCU-t0TeJ5cfYPyOL_QzI53FFS49MWKlB3b_ILUyEFX5qKAMsqJ03xZV0sWvu1elBun-_T8YcSaDCZHvYiTghyXgFkrJm5HmtAs9909ZHOUQiX18TutYiI3xPDyZpj3thaEGzz9_WSaFSSeSBjg0T8vR_o2I-C7UK3EDmhLST1/_phGYbu-T6oqyRkPbxx0t6vurd4aFTABu7S4CpsfKRs),B1502W,1,1,,1,https://pdh-catalog.softr.app/reservations?prefill_Code_=B1502W,,,
B1504,B169 PETRIFIED SINK 52x33x17,480,"2,0",B169,SINKS,SINKS,B1504.JPG (https://v5.airtableusercontent.com/v3/u/55/55/1785175200000/dacRYOKNHqzL1Bm-HY-igA/86ZKbZxE131e-1b0APl25F-MDEK02xC0L_UIxkQDLLfXJXXvptQZhXAAr4wWHuGEO-AVJivkvL-ChLQVTU2ECaIE8a_7jGlGLlhARV0tit7etlDiioujhxRetwf7zkjyVzEnW7TWbOnhhZpsxzKe1w/5J1iZgWMrS8hVLIctrC8TQuXkwDuZ40DbJbjYkP02r8),B1504,2,2,,2,https://pdh-catalog.softr.app/reservations?prefill_Code_=B1504,,,
B1505B,B169 GRANITE SINK 40x40x15,290,"6,0",B169,SINKS,SINKS,B1505B.png (https://v5.airtableusercontent.com/v3/u/55/55/1785175200000/p0I8gDQzPl7CFkFzAZs_Cw/L1ye5Nn0q1tumLnZUWHHCqYNcL7-PtCqzUKODcgJeHNzsSxweJPNwPu6UKCVuqGtwbxFnobXQAWC-BN_gryffb43nM56_GTaTCkY3DHWc8t1-pLzryskXoAiRGeWduWnOwTltUuqQhraTJOU7tCl45TD5cgraLYhhbv0hg5UWps/Fm9kYcuXPMTw2RLkevg4FJKcMopLwy8rJecyMikHLDg),B1505B,6,6,,6,https://pdh-catalog.softr.app/reservations?prefill_Code_=B1505B,,,
B1505G,B169 GRANITE SINK 40x40x15,290,"5,0",B169,SINKS,SINKS,image.png (https://v5.airtableusercontent.com/v3/u/55/55/1785175200000/QMEaOImox4PN2WxRHMW1rA/fjbSpNluEee66qFpM92Jtx6Ps8DQclAGsSgj03c1FjOT3v3Xq_idco2fgyQn4PKPuL4vEaEMgcDXhj22JBNbmxWbzFjZ2XuItMjRgUcj0DQN8thtkOumMerGt_BQIa2DKl4mpw2d8fDg7P6PW0KzCA/FfkgOVzuzzlbaLediEsf0FBteEfx5hGrfRk4elAdCx8),B1505G,5,5,,5,https://pdh-catalog.softr.app/reservations?prefill_Code_=B1505G,,,
B1506G,B169 GRANITE SINK 45x45x15,345,"5,0",B169,SINKS,SINKS,,B1506G,5,5,,5,https://pdh-catalog.softr.app/reservations?prefill_Code_=B1506G,,,
B1506LG,B169 GRANITE SINK 45x45x15,345,"1,0",B169,SINKS,SINKS,B1502C.jpg (https://v5.airtableusercontent.com/v3/u/55/55/1785175200000/KDX0w35HTTcTZkk4noxsbQ/XaQDDapVeXN0NLtlO7vxkaubi0JwCmF_G7QwzazhJUmzAxMa2rOOCv7ubZ-l3CCMgJZiXNOJ2mZNAq9kWFTA9zMIKjGzT1IdXkZrg0oJ9TSkMdavKjhxnQ9cKUevelFy9750kHI-xvwBqT1DZVsqrgh_iKcIQwsEVtdyd5Dsr3c/wh1GVIBeX37qtAjeRvvy_AtSrBSEi4yQUmgO561exjY),B1506LG,1,1,,1,https://pdh-catalog.softr.app/reservations?prefill_Code_=B1506LG,,,
B4001,D40 SINK CONCRETE ROUND B02 F45.5x34x14.5,270,"2,0",D40,SINKS,SINKS,,B4001,2,2,,2,https://pdh-catalog.softr.app/reservations?prefill_Code_=B4001,,,
B4003,D40 SINK CONCRETE ROUND B04 F45x38x20,270,"1,0",D40,SINKS,SINKS,,B4003,1,1,,1,https://pdh-catalog.softr.app/reservations?prefill_Code_=B4003,,,
B4004,D40 SINK CONCRETE ROUND B05 F47x30x36,305,"2,0",D40,SINKS,SINKS,,B4004,2,2,,2,https://pdh-catalog.softr.app/reservations?prefill_Code_=B4004,,,
B4005,D40 SINK CONCRETE ROUND B06 F44x41x12,270,"2,0",D40,SINKS,SINKS,,B4005,2,2,,2,https://pdh-catalog.softr.app/reservations?prefill_Code_=B4005,,,
B4008,D40 SINK CONCRETE SQUARE B09 41x41x13,350,"1,0",D40,SINKS,SINKS,,B4008,1,1,,1,https://pdh-catalog.softr.app/reservations?prefill_Code_=B4008,,,
B4024B,B169 SINK MASTER BATHROOM 178X46X20,2550,"1,0",B169,SINKS,SINKS,,B4024B,1,1,,1,https://pdh-catalog.softr.app/reservations?prefill_Code_=B4024B,,,
B4035B,B169 SINK F40 H15,170,"24,0",B169,SINKS,SINKS,image.png (https://v5.airtableusercontent.com/v3/u/55/55/1785175200000/CU8C-5C7ZLIZK6YoNXOJ_A/LJrdFdK6GmOP2rBa6xPjG97yYDCsSSmJhcC7LxLTFI0CxDAAyjxDLxZrF6-mwlVw-GWI3cJ3IHR12nUcnrUfduvwop0lotSUZHKKJ-S6qv3fl-5Me0JxS6aWBXSe0zzNH1lX29jtHRclR1lcsKSIxw/pxuL9QbAHdP9Wjhq2fU2-PLZQj7ckd7atUlIp1PmmbU),B4035B,24,24,,24,https://pdh-catalog.softr.app/reservations?prefill_Code_=B4035B,,,
B4036W,B169 SINK RECTANGLE 50X40X15,270,"6,0",B169,SINKS,SINKS,,B4036W,6,6,,6,https://pdh-catalog.softr.app/reservations?prefill_Code_=B4036W,,,
B4038G,B169 SINK MARBLE ROUND F45 H14 40X43X15,260,"1,0",B169,SINKS,SINKS,image.png (https://v5.airtableusercontent.com/v3/u/55/55/1785175200000/Y8USYpiipZp0nOZpIhOhDw/6mi4sv2UjWaDIMYl9WmZFReKT-gHF2YjyW8ZmJppvZvJXdyRrGbJ6U6UeiSrMHAAkYDBCAIQ9Ly-Mwn1G6YtDVvY6QkV1gE5giBuU4p0X66oznclh8_QiP6-fIQUK-FBclBnMSjJ7O2TcIADnqTpCA/bdMOC7FNxEA5FY46-AfNuLH-n5WmFsjehJYOV-7QVQ0),B4038G,1,1,,1,https://pdh-catalog.softr.app/reservations?prefill_Code_=B4038G,,,
B4038W,B169 SINK MARBLE ROUND F45 H15 40X43X15,260,"4,0",B169,SINKS,SINKS,image.png (https://v5.airtableusercontent.com/v3/u/55/55/1785175200000/Gwge1XIWApy7un01vfxNew/xQPrki-SBKj10x6Q0p0tmN8oDWwUg17yQj2xsa7OnkjG4Y7V0fJslXyTDKNc6E_cZ0cXTlrNRzzbGoz0TOX5PU0yTsCNWo1YO_8Oya-9GJ1UfrQriNi6Y0wp1N7I92lE81MDITrSQu8zTCgB9JYlpA/q0zGSs5gp8pHgVwJblXijWBXMOtI-zPmH7qHadCzdqQ),B4038W,4,4,,4,https://pdh-catalog.softr.app/reservations?prefill_Code_=B4038W,,,
B4046,B169 SINK F45 H90,918,"1,0",B169,SINKS,SINKS,,B4046,1,1,,1,https://pdh-catalog.softr.app/reservations?prefill_Code_=B4046,,,
B4048.1B,B169 Sink Ribbed Stone 45X45X45,1036,"2,0",B169,SINKS,SINKS,image.png (https://v5.airtableusercontent.com/v3/u/55/55/1785175200000/7KDnyMxtj69ofTTweLh3WQ/ZRleVQrhedpJ4xOK9F38CPBhh9j81ezGmXwKiJrRbr9OxoceBu-wRWeg6f4_rxk3kgq-SBZEM1vIay7W4s0pDL4kzaWT4FkpT48Q8F-jLLtIwHgce3Hnlw4kfxU_5_vEibH5fAc__iDNBudPJyTb6w/SXfCPlrBI8D-1_HD5l7BbP27NgSjYqcDqOMt1F2NkmM),B4048.1B,2,2,,2,https://pdh-catalog.softr.app/reservations?prefill_Code_=B4048.1B,,,
B4048.1C,B169 Sink Ribbed Stone 45X45X45,1036,"1,0",B169,SINKS,SINKS,B4048.1C.JPG (https://v5.airtableusercontent.com/v3/u/55/55/1785175200000/40udApjTC4AwCnQCnKsWpQ/4kZdFjfMW7Gt9PEjTeawCbc4sOHxqRl31T-IkhVigSaPT9qkbB9BrNZB-M4ZcVNHFIQIEOTcT8KfJ6H6zSUUEjfeAuOkCDEgCrp0hhMt_6WachepKQLAVC074RxKiVEqkflJkzU8o990oPuVrH-mikugzsL10BWx00_6J33j--Q/xaYcIsXHUoHWiy65q_O65_dfpDwfGbwLo9jYGWsmhb0),B4048.1C,1,1,,1,https://pdh-catalog.softr.app/reservations?prefill_Code_=B4048.1C,,,
B4048.1G,B169 Sink Ribbed Stone 45X45X45,1036,"1,0",B169,SINKS,SINKS,image.png (https://v5.airtableusercontent.com/v3/u/55/55/1785175200000/YrAzXBSj2FhIPgLo8wpucQ/BPEg2khNpvkDlfVpsAxsJFSNtVw7GLoXOVGBDZldJ5-EAQF4cG_7GXtkdSExv-bZMoYFb2UqwsxlwC_4heBlqYGO44s6gi80yBSwiBTcbZhyD99WZDlp5i6znRYxXEVwshHNJvEeq-F2zHFX_tugsw/htDRwllQdib2dXQkQ91uQYRocxj0mBmsKehAp6hX-QQ),B4048.1G,1,1,,1,https://pdh-catalog.softr.app/reservations?prefill_Code_=B4048.1G,,,
B4048.2B,B169 Sink Ribbed Stone 45X45X90,1370,"1,0",B169,SINKS,SINKS,B4048.1C.JPG (https://v5.airtableusercontent.com/v3/u/55/55/1785175200000/40udApjTC4AwCnQCnKsWpQ/4kZdFjfMW7Gt9PEjTeawCbc4sOHxqRl31T-IkhVigSaPT9qkbB9BrNZB-M4ZcVNHFIQIEOTcT8KfJ6H6zSUUEjfeAuOkCDEgCrp0hhMt_6WachepKQLAVC074RxKiVEqkflJkzU8o990oPuVrH-mikugzsL10BWx00_6J33j--Q/xaYcIsXHUoHWiy65q_O65_dfpDwfGbwLo9jYGWsmhb0),B4048.2B,1,1,,1,https://pdh-catalog.softr.app/reservations?prefill_Code_=B4048.2B,,,
B4048.2C,B169 Sink Ribbed Stone 45X45X90,1370,"2,0",B169,SINKS,SINKS,image.png (https://v5.airtableusercontent.com/v3/u/55/55/1785175200000/0EykEM2OkpL8hGXHYBf5UA/lGkI2_khSrIQuwMPo2N23fOhgNkRqf9Gx5F8YqLSgNm3HV_lhwiS2g_MnkwWEmkGuLoN35u7Zq0ongWRt6bvVLde_AfYM-XVGPodMQJdEQHGdtqKRXnNxyaEStX5VTAEXqk1tV_EvpJ9dzFT_k2HTA/OaAZLzsEffryRQ-wNRuWYyCa_9ulh2G7xE_40LlJc2I),B4048.2C,2,2,,2,https://pdh-catalog.softr.app/reservations?prefill_Code_=B4048.2C,,,
B4049,B169 SINK STONE 45x40x45,,"2,0",B169,SINKS,SINKS,B4049B.JPG (https://v5.airtableusercontent.com/v3/u/55/55/1785175200000/tJHW4EbX8qQI2qsqBKvJzg/SlBalRzpPwfN0hyddOHUyXO9_3H80QLAbb7Ht3Ma_aHye9WdVUgre51P7CZzyhjIIoeRDmGOkPW5tVNCNbUfvkgeIF0ZCoKDkz6OX33Drtx6sjm2VYMIOr4Boqp7fL76NkfzuegrsG__P-UcQKgN3BMUMG67v-zSvu5YYqc6cJM/BaBfE4PAEKrDdYeYqWzf0tmDaf-HsKIDo1A_4SW2VIg),B4049,2,2,,2,https://pdh-catalog.softr.app/reservations?prefill_Code_=B4049,,,
B4049W,B169 SINK MARBLE 50x35x15,346,"5,0",B169,SINKS,SINKS,B4049B.JPG (https://v5.airtableusercontent.com/v3/u/55/55/1785175200000/tJHW4EbX8qQI2qsqBKvJzg/SlBalRzpPwfN0hyddOHUyXO9_3H80QLAbb7Ht3Ma_aHye9WdVUgre51P7CZzyhjIIoeRDmGOkPW5tVNCNbUfvkgeIF0ZCoKDkz6OX33Drtx6sjm2VYMIOr4Boqp7fL76NkfzuegrsG__P-UcQKgN3BMUMG67v-zSvu5YYqc6cJM/BaBfE4PAEKrDdYeYqWzf0tmDaf-HsKIDo1A_4SW2VIg),B4049W,5,5,,5,https://pdh-catalog.softr.app/reservations?prefill_Code_=B4049W,,,
B4050B,I135 Bidet sprayer set Matt Black AC218 03 15 2,54,"50,0",I135,ΜΠΑΝΙΟ,ΜΠΑΝΙΟ,image.png (https://v5.airtableusercontent.com/v3/u/55/55/1785175200000/4_NHW_q7xwAgbJnnaedMYQ/fk13lRqHj-EqXpbs6MWBjl2ENwjOMSTbsZ2s7or_UHvTUe-N9Kj2ECZNibiVt48N1EBTGHWhBhPjQZ12eOZCFfeGKNfFXTN9RVphkDgd2oIVV5IN3xyCZlhJpXCBXAIWmG7JtUYj6ruLLEhCZqOw-Q/KplLEnN_iG2oQ9KpJpynHAl2J-MSR8zdVJj1ZbnGZSg),B4050B,50,50,,48,https://pdh-catalog.softr.app/reservations?prefill_Code_=B4050B,,B4050B,
B4050CHR,I135 Bidet sprayer set Chrome AC218 03 31 2,54,"17,0",I135,ΜΠΑΝΙΟ,ΜΠΑΝΙΟ,image.png (https://v5.airtableusercontent.com/v3/u/55/55/1785175200000/N-03LmT176xV2tI9x5M9pA/SYAxmcqLxCPDshcCfjvzSRgNbRw49GlDNunVt3EZQ_OTYs3y_fOUaQ0RByCpjQ6eqg2DQq11iFZJ2eidNSS24pKSycz-p9WOmgtkin7cKTELSZ9RjoFDwT2w0_ozRJGr0NNiWVACdRTmDRH-Afh30g/t4vRsBVBVE89V_YNNwd-U7ZnXXj532H4ploD_wMsXDs),B4050CHR,17,17,,17,https://pdh-catalog.softr.app/reservations?prefill_Code_=B4050CHR,,,
B4051,I135 Bibcock Satin V912C 01 16 2,14,"165,0",I135,ΜΠΑΝΙΟ,ΜΠΑΝΙΟ,image.png (https://v5.airtableusercontent.com/v3/u/55/55/1785175200000/hJgg5j9FQpIOlU5D9lC1_g/pPLi7dEJ6XP0DN991m4DfIsmXNw5oUHpf_c2dGO4OjX0YeR3NVED2N2cNAdKp_LVhFWKxEd6srV2FJYcQzfeWj-Xu5NHLKUWL4SnfT9VUfuAUpo2AST996N1bocbbGhOgBBZ0EEbZKGVk01muOV0fA/3ZDhnSFUk3alI0sJAQ3L0gsSAStOEbiH7n-xOcgjcVc),B4051,165,165,,135,https://pdh-catalog.softr.app/reservations?prefill_Code_=B4051,,B4051,
B4052B,I135 Pop - Up Drain Matt Black D101 01 12 1,18,"105,0",I135,ΜΠΑΝΙΟ,ΜΠΑΝΙΟ,image.png (https://v5.airtableusercontent.com/v3/u/55/55/1785175200000/hf83SzVg4FM8u8_jN3oNfg/HQ-AKbj0GpPmLj9GfJ2zEcIXzFDUJzT7rldyz5nQYg_DEDov-dYy-RoCfDEMV17-7uaBOmoLlQ5k14qr4YLZ8-Fay_NJJEhyfPUQt4hVKEZ59RMSKEDrtxWHfuLiLPsz90FBuAWTSfujcJ8k2VqwEA/MeDkZZyoBRIcMT48bQicKXdWwft4idmpXB7wHRKMaz4),B4052B,105,105,,103,https://pdh-catalog.softr.app/reservations?prefill_Code_=B4052B,,B4052B,
B4052CHR,I135 Pop - Up Drain Chrome D101 01 01 1,15,"126,0",I135,ΜΠΑΝΙΟ,ΜΠΑΝΙΟ,image.png (https://v5.airtableusercontent.com/v3/u/55/55/1785175200000/BhLbkdBFDf8-p5SvwmVFQw/ZW81Eu1rbIR1tSfzqhHwVwvAc7mwetVyTvyN7d8IhhPib-0gr-xSUdqU6pnCqKJrx7GZkOr0GfU1uz74oTrl7x-1hV2Q7au7lkR5WwRMXF89AoVVYMDf2JyzUaMH8G14mxqk2gxTdbm-7HKOe0U2IQ/uE3Js3YMHqycxAl3Pl6jRzO7_z7sJYM8FW4krmZH618),B4052CHR,126,126,,126,https://pdh-catalog.softr.app/reservations?prefill_Code_=B4052CHR,,,
B4053B,I135 Bottle trap Matt Black P102 01 12 1,53,"112,0",I135,ΜΠΑΝΙΟ,ΜΠΑΝΙΟ,image.png (https://v5.airtableusercontent.com/v3/u/55/55/1785175200000/7NcfPwbfm81ArICtrOi3Kg/icpAwGOUnVexkpfpftmXsl-dwgpggkvNyJRYFu5jPBaD54kLCLLHqEC7la9oLVlgR1UkoDTXO2resUbzPGlU31544YjwXvTJllaYHDN0Jyd9MkxBSQwOkfXTgLtd9l85zKwxi0u-BLrvthBi7KMYDw/SXELnnP0HnoiVCnvpP1x0D7yifXc8EqFImsQ1r2_DO4),B4053B,111,111,,109,https://pdh-catalog.softr.app/reservations?prefill_Code_=B4053B,,B4053B,
B4053CHR,I135 Bottle trap Chrome P102 01 01 1,30,"97,0",I135,ΜΠΑΝΙΟ,ΜΠΑΝΙΟ,image.png (https://v5.airtableusercontent.com/v3/u/55/55/1785175200000/bhpRol990x74zUdqsWF6ag/2uFIhqktG5qCdykS5L6Xn03-wHUsCE5GFD8-OeEETfO2T4aaBuha00oeJOD1Imk3YkJqyem-0X45JA9AAy7lJzRJfUfzNC4OMp24fLGZ9HcphPKs_Sv2YrS6IYM8JCfhAHCpySOThmZN-mocrFqd-w/79CLnyJTNSpHoTbqv1KPLiqjg4KjaPndRWluoCKOvQE),B4053CHR,97,97,,97,https://pdh-catalog.softr.app/reservations?prefill_Code_=B4053CHR,,,
B4058.1,"I133 KITCHEN SINK SATIN 606,1X512,6X228,6mm",220,"20,0",I133,ΚΟΥΖΙΝΑ,ΚΟΥΖΙΝΑ,image.png (https://v5.airtableusercontent.com/v3/u/55/55/1785175200000/7KdIeaTnfok8jSfAxNa_GA/p3YRUyAr863XwcDH2e9Lhd2v2zayirGzaclAQdZy4RNgklbw5Vjf6TCEbXeXBt99oNipOtpjg89-gq9HeKWczZxvamP1t04v7iZuuAdojRg_yDhHt4vvqNwSiZ5Kx-MXy362te3HOCy0PJsSSFG75Q/nOp-N3OUQWaOJqVKhQaLc6NXOctUaDVx31mPwe9GGyU),B4058.1,20,20,,6,https://pdh-catalog.softr.app/reservations?prefill_Code_=B4058.1,,"B4058.1,B4058.1",
B4058.1B,"I133 KITCHEN SINK PVD 606,1X512,6X228,6mm",275,"2,0",I133,ΚΟΥΖΙΝΑ,ΚΟΥΖΙΝΑ,image.png (https://v5.airtableusercontent.com/v3/u/55/55/1785175200000/FTbZ-jrCBq9L2xHdpCotsw/9NsaXse7YLkrAaXCLn60yXNWvKnE6aLUg9YwBZy6aGUANk-WTAGu8fJRRmKWzMLR7d-XeK7hxoVbPmPnA0r26cSxAttim-4Lttu6OO3NjI-Jz7tAZiOrVwbAmsf0BIIDVs0k2uWleHTwHzy2-c317w/nh2cQXHTNIcGM8O1zZ3UQEi5o9VLYDWiqDhYo3iXPPk),B4058.1B,1,1,,0,https://pdh-catalog.softr.app/reservations?prefill_Code_=B4058.1B,,B4058.1B,
B4058.2,"I133 KITCHEN SINK SATIN 706X512,6X228,6mm",245,"3,0",I133,ΚΟΥΖΙΝΑ,ΚΟΥΖΙΝΑ,image.png (https://v5.airtableusercontent.com/v3/u/55/55/1785175200000/NlIpaR8r3_e_k9qkrWVVow/cKRPi50N3s1hH63Ws_YkgCOoLPnxFq1MCnzvJwk40T4fH1oXoAG4c2xkcaxf4Ogj2R3OlpDNwAjmE_pP6Yv7bpO8AE-Fqxi3q6N4gOa8865KPsyNXy0KYcb44Zo0yjHh8WRAT8g03e72jtFMuAlcgA/ta2ya5sCJ3fIQc0P-Veqin2IzW4kz-6OuWuJFmH1pEY),B4058.2,3,3,,3,https://pdh-catalog.softr.app/reservations?prefill_Code_=B4058.2,,,
B4058.2B,"I133 KITCHEN SINK PVD 706X512,6X228,6mm",310,"2,0",I133,ΚΟΥΖΙΝΑ,ΚΟΥΖΙΝΑ,image.png (https://v5.airtableusercontent.com/v3/u/55/55/1785175200000/wsoR0f2exbFgYF34vQxGfg/x85iF-qcCWr4xTZDge7FyefmU9yDrvdSalj9iN1R58E3evWhjN9f5V2WgHI4ZbUS7bl_Ii2TGtGoYIdxzqu2BOAsy75BubiVAgN4YvJ44uctMHwsRQ5UCURHRoSFi2RrdlWsa3v3Gr8PCNcbNkaY1A/7yPFnRG5uLHwvO1XZdvtOl8HUYy6R8fjgwnnWpkmj2U),B4058.2B,2,2,,2,https://pdh-catalog.softr.app/reservations?prefill_Code_=B4058.2B,,,
B4058.3,"I133 KITCHEN SINK SATIN 809X512,6X228,6mm",335,"7,0",I133,ΚΟΥΖΙΝΑ,ΚΟΥΖΙΝΑ,image.png (https://v5.airtableusercontent.com/v3/u/55/55/1785175200000/iM1E7-P1mjcRkUe8Jm-p4g/pSx7TV7kJigoER4HWZxUSO7FnPlIuAsCQ5DF9VsYE8E5-S_gOUShEgB9vwX5Eb5Jxg3oMA9PR645XSc7M0Nb0GrakxEszSn3RytGUonUlmg7_T_9u3Fs9MHZ9HlHSH69GChOk7Wz-zg-imQQSBjY7A/9g1-mGl8RBdAGjeyQcaPCc87gWdKkUWd5aFJvxp0F5Q),B4058.3,7,7,,7,https://pdh-catalog.softr.app/reservations?prefill_Code_=B4058.3,,,
B4058.3B,"I133 KITCHEN SINK PVD 809X512,6X228,6mm",410,"5,0",I133,ΚΟΥΖΙΝΑ,ΚΟΥΖΙΝΑ,image.png (https://v5.airtableusercontent.com/v3/u/55/55/1785175200000/2oLVThazp_M2rbWpZajuzQ/UlTxmKHs7aOb1tRU6_fEZ1W6sAkMaJgq998WECSCBMc16QuoGe2I-4Mb1KQZ1EL8gPaukv7Ef_2V1bbr8Rd4VJkpBx5XRYl7BH9qrCRMTuHuZOG2TpiEC0Io56O6VgtKW-_-cwmz4Fq7TkUx_XotYg/EiFY6cWFIK1XDFvcG9R62-F_8Em9NbJEBmwo4D4AZ7w),,,,,0,https://pdh-catalog.softr.app/reservations?prefill_Code_=B4058.3B,,,
B4059C,B169 SINK UOVO F41.4cm H26.5-21cm,618,"2,0",B169,SINKS,SINKS,B4059B.JPG (https://v5.airtableusercontent.com/v3/u/55/55/1785175200000/TyoWC0-Q0m-JABVbrTLJ9w/QI6NAQDSLUXNF0wIkkOlT10hynYU5F2uI8Af4qUquz1YAuZU4cDGFjYMjVf9lG8Hgwgt8o-GgHlIzVPQ6gvnXmuSOWJFkZkNH6W5PgAza8jMbrw0YfbRnRfenmXCW_FiC3wUPFuA557fIbf5LKWGrxcruIYpB7WueoRHMIavvEA/V-6yWzAKxuTzN6o0ScTwfPe2EVV1HwC7gvBoZt2TA4s),B4059C,2,2,,2,https://pdh-catalog.softr.app/reservations?prefill_Code_=B4059C,,,
B4060B,B169 SINK POZZO F46cm H20cm,606,"2,0",B169,SINKS,SINKS,image.png (https://v5.airtableusercontent.com/v3/u/55/55/1785175200000/GoxN5lLzUVrxpd8YvfJZpg/-1iohq-bVYILzyJMDK9nGzodeRfdOvhHrxPKZYLomzSdBTJEB_dQFoZ7v6PozuExYSDn56JB_NrhazaDT70pd9nHwoU4bUbnQlA56i9AIN1f1eEq4cQgR9_1fT706qN0UqQhHBdfudelRetpeoCF5w/PWtX21QhM31Nnb58TDfR4emUbHBYjnIuL8eaPa0gS6g),B4060B,2,2,,2,https://pdh-catalog.softr.app/reservations?prefill_Code_=B4060B,,,
B4060G,B169 SINK POZZO F46cm H20cm,606,"1,0",B169,SINKS,SINKS,image.png (https://v5.airtableusercontent.com/v3/u/55/55/1785175200000/0IK7ic1z69gsKGHUFXlOmg/gkM23RP-jQUzdLv3NWArUpPYskku35VyvErM3noSM9ttL-X_w44xUBj5riCvypWrlV3uXWliZNpRZLkSVa_lfhGrw9pkn-6nHjPjY-GpXKHI6BaonYb1Bjtfz98Veb-ECPfe4qyGYsKQhoSjYsHwsA/RVYe7vOI8sapWY3v5dQv-dKXc6mn5DNOLwn_mVvkw84),B4060G,1,1,,1,https://pdh-catalog.softr.app/reservations?prefill_Code_=B4060G,,,
B4061.1C,B169 SINK STILETTO 90x50x30cm,2949,"2,0",B169,SINKS,SINKS,image.png (https://v5.airtableusercontent.com/v3/u/55/55/1785175200000/zwskKL7RPz-nHEiEIxIN-A/xMAtcOV3mm54XNDMOf8B0OW9blD87vmEjJPoITC2qt4w8ZYb9h7FPxUIWW7eiwdQ5tPxas00V2AdMdVX1LYM4eN8IGAtxha2VYZnLvUXVwUTFOI66qpualmyFUpniW_Zwd6ijTTbmxb7b8jqph_Wog/RbK8DgvqwBV4ZEUZUtS0siqofOZS9H7DAv1w6jS2_40),B4061.1C,2,2,,2,https://pdh-catalog.softr.app/reservations?prefill_Code_=B4061.1C,,,
B4061.2C,B169 SINK STILETTO120x50x30cm,3171,"1,0",B169,SINKS,SINKS,image.png (https://v5.airtableusercontent.com/v3/u/55/55/1785175200000/zwskKL7RPz-nHEiEIxIN-A/xMAtcOV3mm54XNDMOf8B0OW9blD87vmEjJPoITC2qt4w8ZYb9h7FPxUIWW7eiwdQ5tPxas00V2AdMdVX1LYM4eN8IGAtxha2VYZnLvUXVwUTFOI66qpualmyFUpniW_Zwd6ijTTbmxb7b8jqph_Wog/RbK8DgvqwBV4ZEUZUtS0siqofOZS9H7DAv1w6jS2_40),B4061.2C,1,1,,1,https://pdh-catalog.softr.app/reservations?prefill_Code_=B4061.2C,,,
B4061.2G,B169 SINK STILETTO120x50x30cm,3170,"2,0",B169,SINKS,SINKS,image.png (https://v5.airtableusercontent.com/v3/u/55/55/1785175200000/zwskKL7RPz-nHEiEIxIN-A/xMAtcOV3mm54XNDMOf8B0OW9blD87vmEjJPoITC2qt4w8ZYb9h7FPxUIWW7eiwdQ5tPxas00V2AdMdVX1LYM4eN8IGAtxha2VYZnLvUXVwUTFOI66qpualmyFUpniW_Zwd6ijTTbmxb7b8jqph_Wog/RbK8DgvqwBV4ZEUZUtS0siqofOZS9H7DAv1w6jS2_40),B4061.2G,2,2,,2,https://pdh-catalog.softr.app/reservations?prefill_Code_=B4061.2G,,,
B4062.1,B169 SINK MARBEL 50X40X12,188,"4,0",B169,SINKS,SINKS,,B4062.1,4,4,,4,https://pdh-catalog.softr.app/reservations?prefill_Code_=B4062.1,,,
B4062.2,B169 SINK MARBEL 60X40X12,251,"2,0",B169,SINKS,SINKS,,B4062.2,2,2,,2,https://pdh-catalog.softr.app/reservations?prefill_Code_=B4062.2,,,
B4063B,B169 SINK MARBLE 40x40x13,492,"2,0",B169,SINKS,SINKS,,B4063B,2,2,,2,https://pdh-catalog.softr.app/reservations?prefill_Code_=B4063B,,,
B4063C,B169 SINK MARBLE 40x40x13,492,"1,0",B169,SINKS,SINKS,,B4063C,1,1,,1,https://pdh-catalog.softr.app/reservations?prefill_Code_=B4063C,,,
B4063G,B169 SINK MARBLE 40x40x13,492,"2,0",B169,SINKS,SINKS,,B4063G,2,2,,2,https://pdh-catalog.softr.app/reservations?prefill_Code_=B4063G,,,
B4065,B16 MARBLE SINK 40x40x15,148,"5,0",B16,SINKS,SINKS,,B4065,5,5,,5,https://pdh-catalog.softr.app/reservations?prefill_Code_=B4065,,,
B4073,B169 MARBLE SINK 43x39x15,185,"11,0",B169,SINKS,SINKS,image.png (https://v5.airtableusercontent.com/v3/u/55/55/1785175200000/YTg4tbgwm-rePbVhWNAWLQ/czk-xsOV0isTTDR9Cdr1avKLDQF_L0Fc0sqPYYCQhkP1rZPHxDDWOOEVaHrenfuleUJfsyxk9NAQY8lzMEE1Xbyp5_tN_Cm8nr_SLQCrH8YrfR9QDYXZkSE6zTSdNXHXHjEHZdc8BW_kI2hjXriiNQ/Z1R4f1hcEBBiq1h83v9kRCZoBek9AgW2zqM7mxDYNhs),B4073,11,11,,11,https://pdh-catalog.softr.app/reservations?prefill_Code_=B4073,,,
B4074LBR,B169 MARBLE SINK 43x43x15,,"3,0",B169,SINKS,SINKS,image.png (https://v5.airtableusercontent.com/v3/u/55/55/1785175200000/nDUlFPEuUU-U_ecX17yAhg/ScDIUEWQMdA9-OcqFlg9fhj_Rai1YtGoxMlxPjRpBThhh1ERLXj5vU_SCZTw5_heTUpFVpQA2WFKl_QJlaxs7wGYjWgWMtCI6WdhK5qQHyvjJ3ycwZoEkw6coN2pc2KnfxpzCdusaWqJhDHseuFPOA/DVBkOUHXwpJv2t_G1GUAb039NGwJwWIDuNI3lgTYRJk),B4074LBR,3,3,,3,https://pdh-catalog.softr.app/reservations?prefill_Code_=B4074LBR,,,
B4076B,B169 SINK 45x35x15,235,"10,0",B169,SINKS,SINKS,,B4076B,10,10,,10,https://pdh-catalog.softr.app/reservations?prefill_Code_=B4076B,,,
B4076BGR,B169 SINK 45x35x15,235,"2,0",B169,SINKS,SINKS,,B4076BGR,2,2,,2,https://pdh-catalog.softr.app/reservations?prefill_Code_=B4076BGR,,,
B4076C,B169 SINK 45x35x15,235,"10,0",B169,SINKS,SINKS,,B4076C,10,10,,10,https://pdh-catalog.softr.app/reservations?prefill_Code_=B4076C,,,
B4076G,B169 SINK 45x35x15,235,"2,0",B169,SINKS,SINKS,,B4076G,2,2,,2,https://pdh-catalog.softr.app/reservations?prefill_Code_=B4076G,,,
B4077,B169 SINK KITCHEN 75x45x25,765,"1,0",B169,SINKS,SINKS,,B4077,1,1,,1,https://pdh-catalog.softr.app/reservations?prefill_Code_=B4077,,,
B4078BE,B169 SINK MARBLE 80x50x20,1275,"3,0",B169,SINKS,SINKS,,B4078BE,3,3,,3,https://pdh-catalog.softr.app/reservations?prefill_Code_=B4078BE,,,
B4080.1,I149 ΓΡΑΜΜΙΚΟ ΣΙΦΩΝΙ ΔΑΠΕΔΟΥ 60CM,45,"83,0",I149,ΜΠΑΝΙΟ,ΜΠΑΝΙΟ,image.png (https://v5.airtableusercontent.com/v3/u/55/55/1785175200000/Iq6JJnfDuSvzfWr4VGRrqQ/-cbIYQJ4z3lvpaVsWhM4APMCHFPTqCYs-sNyrjj9WPeNh-SGcUIzfsotPn4vFasQvJq9CyVagsSILtT_HqYc5mcOAovbAev4aHi1VfVxGVPVA2UMT6jLhaHou51EK0JhZ2CGDUMScc0o3M1f-3N4YQ/s9Rw0BYTlOcNLAYK6QBTf9XjtmiCmElVMAAZfdHTkPU),B4080.1,78,78,,78,https://pdh-catalog.softr.app/reservations?prefill_Code_=B4080.1,,,
B4080.2,I149 ΓΡΑΜΜΙΚΟ ΣΙΦΩΝΙ ΔΑΠΕΔΟΥ 60CM,55,"39,0",I149,ΜΠΑΝΙΟ,ΜΠΑΝΙΟ,image.png (https://v5.airtableusercontent.com/v3/u/55/55/1785175200000/Iq6JJnfDuSvzfWr4VGRrqQ/-cbIYQJ4z3lvpaVsWhM4APMCHFPTqCYs-sNyrjj9WPeNh-SGcUIzfsotPn4vFasQvJq9CyVagsSILtT_HqYc5mcOAovbAev4aHi1VfVxGVPVA2UMT6jLhaHou51EK0JhZ2CGDUMScc0o3M1f-3N4YQ/s9Rw0BYTlOcNLAYK6QBTf9XjtmiCmElVMAAZfdHTkPU),B4080.2,39,39,,26,https://pdh-catalog.softr.app/reservations?prefill_Code_=B4080.2,,B4080.2,
B4083B,I135 Floor Drain Matt Black F101 01 12 1,0,"90,0",I135,ΜΠΑΝΙΟ,ΜΠΑΝΙΟ,image.png (https://v5.airtableusercontent.com/v3/u/55/55/1785175200000/CGjh579kleOYZjU6dfFttw/Xo9U9_14gOxKp4FnMfVq1G3npGGKxUg6YIPTC6EBmG4qm8B6h7NsJGjtVWF4rxm9IjRf5Q6IVVLRtdD6TJbE0FyIvTKNmmrHxWFZWDZKEOQjIJ1BclhhVm4xiNzTmJ5X3O4iBeHkqXXVYUYjl18Dxg/8sA9ixUZ1t3mPj7MZBc8ZJR23uccGz2bXfjYy7Mhho0),B4083B,90,90,,90,https://pdh-catalog.softr.app/reservations?prefill_Code_=B4083B,,,
B4083CHR,I135 Floor Drain Chrome F101 01 16 2,0,"90,0",I135,ΜΠΑΝΙΟ,ΜΠΑΝΙΟ,image.png (https://v5.airtableusercontent.com/v3/u/55/55/1785175200000/BbRmQK_w1t3rgQkOR3MZmQ/xbskyhhg0sx9SzKwgD4QL7Z9ERdZUH1Zq8CyvlseDyn1_oDfhF0U3pvStBG9_A9HSUny1cgtItyQNBOlSKbWfjqxPciaYxQ-rnU1VTxDegpq-km1FhbHknL0ttZR1dYerr5KaJ_qHPUHVijbzsN36Q/tDsIPRKzXS22bUx1QUyWVm7YunLOyFhP_Cyv94lZfSM),B4083CHR,90,90,,90,https://pdh-catalog.softr.app/reservations?prefill_Code_=B4083CHR,,,
B4084B,I135 ΕΞΩΤΕΡΙΚΟ ΝΤΟΥΣ ΜΟΝΗΣ ΛΕΙΤΟΥΡΓΙΑΣ,0,"44,0",I135,ΜΠΑΝΙΟ,ΜΠΑΝΙΟ,image.png (https://v5.airtableusercontent.com/v3/u/55/55/1785175200000/h4OTc0TV2RygLilIeHXNXQ/MF0K7D0hXQ2iQf-sZiGZAuR9itWxN2g66LyKb-G4jXmlX0hda4W03N_bbOOMnSPfns866C6AbM3KkD74SWFwB0vAPh-tF1VPHSaqsiXjIQ5TA8IJJhvZAnQz7rOc-pbWmFOK8jnuzU6HV2ypt0vS7A/oQO_7Ax2jhKy7M9vczu6DfqZtxoVFQfkzVJT__Nti2Q),B4084B,44,44,,43,https://pdh-catalog.softr.app/reservations?prefill_Code_=B4084B,,B4084B,
B4084CHR,I135 ΕΞΩΤΕΡΙΚΟ ΝΤΟΥΣ ΜΟΝΗΣ ΛΕΙΤΟΥΡΓΙΑΣ,0,"38,0",I135,ΜΠΑΝΙΟ,ΜΠΑΝΙΟ,image.png (https://v5.airtableusercontent.com/v3/u/55/55/1785175200000/c5pB7jTvuEQcXf8UutV-8g/dPb0xbuqipyfdwTedq8V2nJpVB_iC_xy0iQu3M-PezUtxEaFiwapWu-6J61EO8PMiiuK_2_kHWGndDErlDjjp928TbqwUZYd_MwncOKw5X1eJm0NKQXc9Wu8sc4SUr8lczeH4yIlBLH6qpZG5K_lWQ/JHumDG6R00B9Zn4VqLNtryHOxn3DRmj7-fQcjV4gYn0),B4084CHR,37,37,,37,https://pdh-catalog.softr.app/reservations?prefill_Code_=B4084CHR,,,
B4085CHR,I135 ΕΞΩΤΕΡΙΚΟ ΝΤΟΥΣ ΔΙΠΛΗΣ ΛΕΙΤΟΥΡΓΙΑΣ,0,"12,0",I135,ΜΠΑΝΙΟ,ΜΠΑΝΙΟ,image.png (https://v5.airtableusercontent.com/v3/u/55/55/1785175200000/xV3xlL51k0C67unrRz7AhA/x0RRB3O7cDM4M5AmZfJlL5XbyCQ7omq1VNNQAmrQTTLGCazy0c_Pg7gHeb6f8eWFJ35VeParCkqw6leZvr3FhTLgzw4tONlFMm_zr42mTwPjth_syuBc8dYOzwoLq_n75w5U_JDCfqMh1pfDuf9usQ/ZPhfmnHMEMu4gx4U1of9YzlzdNm8GH59N3OL6rWshJw),B4085CHR,11,11,,11,https://pdh-catalog.softr.app/reservations?prefill_Code_=B4085CHR,,,
B4086,I165 ΣΤΗΛΗ ΝΤΟΥΣ ΕΞΩΤΕΡΙΚΟΥ ΧΩΡΟΥ ΔΙΠΛΗΣ ΛΕΙΤΟΥΡΓΙΑΣ,302,"14,0",I165,ΜΠΑΝΙΟ,ΜΠΑΝΙΟ,image.png (https://v5.airtableusercontent.com/v3/u/55/55/1785175200000/9yaxRvr0lZsRiG_Zb3mp2Q/YPLAb2XaejYP1OHR7syMbr9UvjOGA-_7R5_QDBwCw7tdr8UCip9Kz4yazL2FsyxBk9waCXCPSW1o6Gfgs5XXv2AOulyDsbfByciNnNih7RZK4HuXkl9ZA0eWxUha9iM5tNC4AH-s1CZu8x9d-Hk7aQ/tF6stfuQzUMDsFPHmczNIQFqh3AxC1ZHng9tCaLC3QM),B4086,14,14,,13,https://pdh-catalog.softr.app/reservations?prefill_Code_=B4086,,B4086,
B4086B,I165 ΣΤΗΛΗ ΝΤΟΥΣ ΕΞΩΤΕΡΙΚΟΥ ΧΩΡΟΥ ΔΙΠΛΗΣ ΛΕΙΤΟΥΡΓΙΑΣ,0,"13,0",I165,ΜΠΑΝΙΟ,ΜΠΑΝΙΟ,image.png (https://v5.airtableusercontent.com/v3/u/55/55/1785175200000/N5yYpPMdfZJEYwi2P943lw/WuhtPXYSjq_6hSAOy4pMnT15HkdG99rW8J4eY4madAfDOGaU10NWTgMJRrdA0yPAc-ACwNe2o0sA96h_gI5rzxBDyV7a6tx98Itt9e-GdIlI6L1HU61sx_kzG0mLFqxZWTpnXpZ4cz3hx5tX9kNpGA/jeSb9sCp9mmIo5ccxZ7dY1oVleTzYGmeuciDWM7uy24),B4086B,13,13,,13,https://pdh-catalog.softr.app/reservations?prefill_Code_=B4086B,,,
B4087,I197 ΠΛΑΣΤΙΚΗ ΡΑΓΑ ΚΟΥΡΤΙΝΩΝ 6Μ/ΤΜΧ,0,"80,0",I197,ΚΟΥΡΤΙΝΕΣ,BAMBOO - BBQ - ΚΟΥΡΤΙΝΕΣ,image.png (https://v5.airtableusercontent.com/v3/u/55/55/1785175200000/CrPMQhLG3VAva2IvYAdvXA/qbwBg4AXEYrX2-KKz8Yi786Je-J2D0AnuiGYAm-Gps7qcSoDPbXkFJoSX64EOrXOtaHrLI-qfwzqXtfMEsM89tOlLg3i1VbhDZHXo48JQTYW78cImY1Km6p_dJucYYDiAf-yf2tXUzfeoSMhSbMNog/Fljb4YJun0rSEHgOspq9roR-9k5f-srKJ7806RxOWW4),B4087,80,80,,25,https://pdh-catalog.softr.app/reservations?prefill_Code_=B4087,,B4087,
B4088NO,D207 ΜΠΑΤΑΡΙΑ ΝΙΠΤΗΡΑ F6520-15NO,0,"3,0",D207,ΜΠΑΝΙΟ,GIULINI,,B4088NO,3,3,,3,https://pdh-catalog.softr.app/reservations?prefill_Code_=B4088NO,,,
B4089NO,D207 ΜΠΑΤΑΡΙΑ ΝΙΠΤΗΡΑ F6520-25BO,99,"3,0",D207,ΜΠΑΝΙΟ,GIULINI,,B4089NO,2,2,,2,https://pdh-catalog.softr.app/reservations?prefill_Code_=B4089NO,,,
B4090BO,D207 ΜΠΑΤΑΡΙΑ ΝΙΠΤΗΡΑ F6520-25VROP,0,,D207,ΜΠΑΝΙΟ,GIULINI,,B4090BO,0,0,,0,https://pdh-catalog.softr.app/reservations?prefill_Code_=B4090BO,,,
B4091VROP,D207 ΜΠΑΤΑΡΙΑ ΝΙΠΤΗΡΑ F/6520-25,0,"1,0",D207,ΜΠΑΝΙΟ,GIULINI,,B4091VROP,-2,-2,,-2,https://pdh-catalog.softr.app/reservations?prefill_Code_=B4091VROP,,,
B4092,D207 ΜΠΑΤΑΡΙΑ ΝΙΠΤΗΡΑ F/6520-15,60,"7,0",D207,ΜΠΑΝΙΟ,GIULINI,,B4092,4,4,,4,https://pdh-catalog.softr.app/reservations?prefill_Code_=B4092,,,
B4093,D207 ΕΣΩΤΕΡΙΚΟ ΝΤΟΥΣ F/6513KB-25CHR,60,"7,0",D207,ΜΠΑΝΙΟ,GIULINI,,B4093,3,3,,3,https://pdh-catalog.softr.app/reservations?prefill_Code_=B4093,,,
B4094NO,D207 ΕΣΩΤΕΡΙΚΟ ΝΤΟΥΣ F/6513KB-25NO OPAQUE BLACK,0,"9,0",D207,ΜΠΑΝΙΟ,GIULINI,,B4094NO,8,8,,6,https://pdh-catalog.softr.app/reservations?prefill_Code_=B4094NO,,B4094NO,
B4095NO,D207 ΕΣΩΤΕΡΙΚΟ ΝΤΟΥΣ F/6513KB-25NKO,240,"16,0",D207,ΜΠΑΝΙΟ,GIULINI,,B4095NO,12,12,,12,https://pdh-catalog.softr.app/reservations?prefill_Code_=B4095NO,,,
B4096NKO,D207 ΜΠΑΤΑΡΙΑ ΝΙΠΤΗΡΑ F/6520-15NKO,0,"1,0",D207,ΜΠΑΝΙΟ,GIULINI,,B4096NKO,0,0,,0,https://pdh-catalog.softr.app/reservations?prefill_Code_=B4096NKO,,,
B4097NO,D207 ΜΠΑΤΑΡΙΑ ΝΙΠΤΗΡΑ F/6520-25NO,76,,D207,ΜΠΑΝΙΟ,GIULINI,,B4097NO,-2,-2,,-2,https://pdh-catalog.softr.app/reservations?prefill_Code_=B4097NO,,,
B4098NKO,D207 ΜΠΑΤΑΡΙΑ ΝΙΠΤΗΡΑ F/6520-25NKO,72,,D207,ΜΠΑΝΙΟ,GIULINI,,B4098NKO,0,0,,0,https://pdh-catalog.softr.app/reservations?prefill_Code_=B4098NKO,,,
F7951SF13,I120 FABRIC INDOOR SOFA CREME width 280m,18,"570,0",I120,ΥΦΑΣΜΑΤΑ,ΥΦΑΣΜΑΤΑ,image.png (https://v5.airtableusercontent.com/v3/u/55/55/1785175200000/c4roDbcW5-WtB7VOIHO0OQ/Px6-QQAt62iEwtYqmswwhv2ide3bcyBIa8eDxCo89CU4_lD7Tv8-nxZz_nXM3-qfwtbhxWdNHc8F6ULKqTaB_vzE9c5F0zQKdvLKusLB0me-wqccQgbEqEei28fi_XgIehiigqYD99qFZPkk-th3PQ/BGGWO_sHIwvBg9Isp2sDdoOU5uZi5DdxGgwCmrR1s7g),F7951SF13,570,570,,570,https://pdh-catalog.softr.app/reservations?prefill_Code_=F7951SF13,F7951SF13,,
F7951SF19,I120 FABRIC INDOOR SOFA BEIGE-KHAKI width 280m,18,"450,0",I120,ΥΦΑΣΜΑΤΑ,ΥΦΑΣΜΑΤΑ,image.png (https://v5.airtableusercontent.com/v3/u/55/55/1785175200000/zaeD1LMY3720CeNdclh1Gw/XqEFBUtDw6VA7FsDmT95X2vYbehgZntkb2YLbRQFkEjZBaqjipl3lW-gQiupTzmTdq6sjT9h7y4FisbUlztDnP-qPxVUR05uo7jcGdyQUrRhCtzWwuyoo4ENEYYMHym6TXc9hMt0giTh6rgxGd3pcA/rquDbFjmEykM4Te5-GlXwSQAwsbOmbb2MZm5nIOSazI),F7951SF19,450,450,,450,https://pdh-catalog.softr.app/reservations?prefill_Code_=F7951SF19,,,
F7951SF21,I120 FABRIC INDOOR SOFA GREY width 280m,18,"318,0",I120,ΥΦΑΣΜΑΤΑ,ΥΦΑΣΜΑΤΑ,image.png (https://v5.airtableusercontent.com/v3/u/55/55/1785175200000/T6Vfvarh9X-_2nfBeKHDqw/HVpKIm1cubB52SRm6UAGDMd-oUAJ_KIKZ4KBQG7X3_4QBBhJEr01zH8ULsQSd32Ivi4xeNt0jRtjC7-_UiDqXc_6QF78erdZIdXlrWW8IoPMMpstr43llr2BCrfGdYV2SymAUpgW_1AGyN1mWLpwvQ/WIzC-voIrWVDhtNrPz4V9u-moNMwBTar-9_nfnEKZC0),F7951SF21,318,318,,318,https://pdh-catalog.softr.app/reservations?prefill_Code_=F7951SF21,,,
F7952CF32,I120 FABRIC INDOOR CURTAINS WHITE width 280m,7,,I120,ΥΦΑΣΜΑΤΑ,ΥΦΑΣΜΑΤΑ,image.png (https://v5.airtableusercontent.com/v3/u/55/55/1785175200000/SGkJTI1pYd8tDefjlpGcNA/6wz4YAxt10ahnSkCMgkhlNDPic52EMQLxQkaP72DWH4_SwjnfAdAUueJOqswC2eg8u4MqZqCAXWb1EHBkjc-mULjdRIcGuDVl-M_gPCn085z2hb2X4E3ZDEImGC0AgFwAYt0B9xPjzCsUdp4-PJfXQ/tv2dOh6QC9bfwGfYMid-t7fvcETucF6g3VQ2H8jMSHk),F7952CF32,0,0,,0,https://pdh-catalog.softr.app/reservations?prefill_Code_=F7952CF32,,,
F7952CF35,I120 FABRIC INDOOR CURTAINS BEIGE width 280m,7,"240,0",I120,ΥΦΑΣΜΑΤΑ,ΥΦΑΣΜΑΤΑ,image.png (https://v5.airtableusercontent.com/v3/u/55/55/1785175200000/FRKAg-F8pShLRS9bVG_Nvg/aKNS0vDgd6NRNtVZWLw10WdalrmYPCcFK80J6p4tntUJu0vsOKbb1dH8q1TbCaSWjuhUcYHBExlpocxFCF0AJYMJF7E_9Nr9MQ7QJ7zGMdALQSO75s6pbEHR38kKuBexTf3KGgg6hsD0mCLXhDDQ6w/pfhLBTrFLtyvDEKJi3NMB9VmU2q-qhyTrIJtI_k-TqQ),F7952CF35,240,240,,240,https://pdh-catalog.softr.app/reservations?prefill_Code_=F7952CF35,,,
F7956BF15,I120 FABRIC INDOOR BLACKOUT GREY MATTE width 280m,15,,I120,ΥΦΑΣΜΑΤΑ,ΥΦΑΣΜΑΤΑ,image.png (https://v5.airtableusercontent.com/v3/u/55/55/1785175200000/vRxAY4ZPjQnA4IA2RvTJZw/AWU93rWlgjWhKKs4Jys_kS5bweUIExtWR680dJRSNx0d0P8au2BmnNWdWZF6PrELcSM6aBcZWL5T69CrC6kJI9-V7-RWoOl4S1yjohMerKKxZnH-xzzizVOhKiwSQeuIC5NcjB3vNJeFMrNMxbWr4Q/DDtU9O8M7Fu7mSmPWNi0sw_ZlZD2GhMS8aSp1V-Z7-I),F7956BF15,0,0,,0,https://pdh-catalog.softr.app/reservations?prefill_Code_=F7956BF15,,,
F8078C01,I120 LINEN SHEER FABRIC AA5  300CM WIDTH COLOR01 (KOYRTINA LEFKH),0,"1080,0",I120,ΥΦΑΣΜΑΤΑ,ΥΦΑΣΜΑΤΑ,image.png (https://v5.airtableusercontent.com/v3/u/55/55/1785175200000/ZdYC7RHyRizm7Qqh37ChqA/nwMY6mK_Rjl3DGcUaD-YydCdXe9kf0hWscO26Olv8WZVO_Y1j_hm87EbTYH70JxdcgTkIARaIgdFP69C9vFTfILZofTRHtIgBuQTUSjmA_8peSC5gx7H65Pfd8JtsY-KExS0cJSg4cD7dqsz4lbqUg/PAcKX5ofgi_rPNJ-VBa3U50HaJoF2fGLzzZk1JNc84c),F8078C01,1080,1080,,1080,https://pdh-catalog.softr.app/reservations?prefill_Code_=F8078C01,,,
F8079C11,I120 BLACKOUT LINEN FABRIC 280CM WIDTH COLOR11,0,"550,0",I120,ΥΦΑΣΜΑΤΑ,ΥΦΑΣΜΑΤΑ,image.png (https://v5.airtableusercontent.com/v3/u/55/55/1785175200000/uV4QP9VmYVeJGNOxh2qyvw/H7QH_7Wcvn8AH5FlZdXsc3IUQDhXwjY_L_UdHJDVVmrMX0Q9lWnoSYQD65kvyNZzE4dBgWtR6Ijwy8CkYEUfRZppMqN0sETkph4hWmU7Q4G6Nx1MDvhi0PFfs15A2lYBmFQcjAgZpXJ3mWVDH4zVNQ/wSHCYzcxgadONAP9kBBcWYcE2pd2gUok5L9zCbEthEc),F8079C11,550,550,,550,https://pdh-catalog.softr.app/reservations?prefill_Code_=F8079C11,,,
F8080C4,I120 SOFA FABRIC CODE 1558 280CM WIDTH COLOR4,0,"537,0",I120,ΥΦΑΣΜΑΤΑ,ΥΦΑΣΜΑΤΑ,image.png (https://v5.airtableusercontent.com/v3/u/55/55/1785175200000/9CpCc8nFd_j4Rl59d8O5-Q/igYNzPbPS56qWdUDO-WLEoaLIcahfTZ8FARIXTvBbQJJCb2b0vj-kphhAAGLSyiQxb04z64lxT8k6WGPBMlx4GM8S3V8SwOhesvwlPjf95-u8xLikgO1b3ASE6Apkfp3jVNyjmSBYBsQLt464i0lew/x8Z1PjI_vGSArY5OY3KmAkM2u20dz1BlE6dbNOxXUhE),F8080C4,537,537,,537,https://pdh-catalog.softr.app/reservations?prefill_Code_=F8080C4,,,
G1297.1,I150 BAMBOO REED 150x500cm,95,"124,0",I150,BAMBOO,BAMBOO - BBQ - ΚΟΥΡΤΙΝΕΣ,image.png (https://v5.airtableusercontent.com/v3/u/55/55/1785175200000/WSE_GSMgMYkQsi5KddZfiw/_P1vIBajPFl2BqppTVtg2aMUvbs1yNN5pBnvyAMRfKAnVY6sV96V7xPZMAjDRyUa838qRqi5zot4NK8tifPJSjnD8th9NRU8Id_950B-vbcI1cMz9pt3-knEajVLnbxT4371BKBrW03So41WadBMyw/LPeXP79WYlqQZw9mDigUZUvNJQVsF18hIVLxMOHsB2I),G1297.1,113,113,,113,https://pdh-catalog.softr.app/reservations?prefill_Code_=G1297.1,,,
G1297.2,I150 BAMBOO REED 200x500cm,105,"144,0",I150,BAMBOO,BAMBOO - BBQ - ΚΟΥΡΤΙΝΕΣ,image.png (https://v5.airtableusercontent.com/v3/u/55/55/1785175200000/044RShj17B3EZ6zW2iH0YQ/I0_WMSJD-dpc8Zqi3vqIpQkk0twcjnYV4tesU6AKNCUTP5ihU0K1Zfk02VhxE4p4clHQ5hpOU9QbvyXs5CTFQTRWun7Rn052H6FhsErkvaAWq8PP6boi0R0JbKyD62eFVcmSDgwNnivoTzd6a5gHlg/l-THzGqb1xydYVhrH9VSU3GbFWcpD4kLOSIKzSKwIeY),G1297.2,136,136,,136,https://pdh-catalog.softr.app/reservations?prefill_Code_=G1297.2,,,
G1321,I144 BARBEQUE 20’’ ΔΙΑΣΤΑΣΕΙΣ: 127Χ70Χ104CM ΔΙΑΜΕΤΡΟΣ ΚΟΡΜΟΥ: 52CM ΔΙΑΜΕΤΡΟΣ ΣΧΑΡΑΣ: 43CM,0,,I144,BBQ,BAMBOO - BBQ - ΚΟΥΡΤΙΝΕΣ,image.png (https://v5.airtableusercontent.com/v3/u/55/55/1785175200000/-3w3Kvwb6TbPhcfh2JFAzg/1UMBiZ_J6nzPShtyc_RqHGYo1nucOF1AyzmFFCT8PU0kwHZ_8BkLQQ-Yz6nkPWssCOAqNEp14wV2MptS3PxLMHhMkXLxtNVgyGVoB2JpCWWkO_XT9zIBefddoE3aXeadC37UDswAYHA1dM6SvH7gsg/_TL8UNGWBs5UDt9VBCT33GLmaNgDDSf-SACypYPXbdw),G1321,0,0,,0,https://pdh-catalog.softr.app/reservations?prefill_Code_=G1321,,,
G1322,I176 BARBEQUE 17.5’’ ΔΙΑΣΤΑΣΕΙΣ: 44.5X44.5CM,0,"34,0",I176,BBQ,BAMBOO - BBQ - ΚΟΥΡΤΙΝΕΣ,image.png (https://v5.airtableusercontent.com/v3/u/55/55/1785175200000/Sh8j5OWh9IX9hw_G7o5VhQ/YuzRRnCVPHss_kgcDsku5XqYZ6z3aH_da3Fj7NuUH5ZOcAjHHyuYh618_DzquZPGxPaJD51Rs-R83C09nK_QPVa87fG5-3JlryofXmq-dOmYfEuzOFFEHuh6xy1rKdVFXuVRtzn2wj0NLYE6ki4lUQ/vDKQ09h8zg5VpJWMf5SRqncj-5bxvY0jcVKQDGOOnq4),G1322,34,34,,34,https://pdh-catalog.softr.app/reservations?prefill_Code_=G1322,,,
G1323,I213 ΨΗΣΤΑΡΙΑ ΓΙΑ ΚΑΡΒΟΥΝΑ-BBQ,355,,I213,BBQ,BAMBOO - BBQ - ΚΟΥΡΤΙΝΕΣ,,G1323,0,0,,0,https://pdh-catalog.softr.app/reservations?prefill_Code_=G1323,,,
L3094,I100 ΦΩΣ ΟΡΟΦΗΣ ΚΡΕΜΑΣΤΟ 11Χ32CM CALIXTO,55,"56,0",I100,ΦΩΤΑ,ΦΩΤΑ,image063.png (https://v5.airtableusercontent.com/v3/u/55/55/1785175200000/C2cXRdvBbsCWm7mMBxax7A/spxu8f4aB6XB7OiKVZRpbWzASZX_UdBS5F2UABsG99JibDZBQWdpxhMwruD16ZieyQglmmo18c1LXlPU1q7ElyVZF04SOJgCnqZQM9Yxtjx75oxXO8LXCAbV2YdYSuwbLW7gMamtrQFUXvmMO5nZeLLbTU0tPNyiw-zY90_mi5w/wG-ecVsD_hluA3DvVEA0ObvTmGdf0v4_9vPZIKZFnqg),L3094,56,56,,56,https://pdh-catalog.softr.app/reservations?prefill_Code_=L3094,,,
L3096,I100 ΦΩΣ ΟΡΟΦΗΣ ΚΡΕΜΑΣΤΟ 12Χ26CM ΜΙΝΙΟΝ,95,"-2,0",I100,ΦΩΤΑ,ΦΩΤΑ,image064.png (https://v5.airtableusercontent.com/v3/u/55/55/1785175200000/3jc11BBBHO7KMnfetpNS5Q/BSUVhB2JBYFbnMZ7ASN0PY3xjLWifrpTWsnNPxlBODTkfIZpZJz0LUtQikhxHSHAFgYtYhinapW5MGhW2DfchoUl3AbJmUPx00WXIm4BI1nUwIX1XRkdnFUZ6DovWe9qY6E8dzMVYuFZIuoj9yC8XwqNL86V5PVDROtguA2mCTs/IMeuJlUgv35qSFbprsSvsMPRWzhXIyYRJQD9U_PWYOA),L3096,-2,-2,,-2,https://pdh-catalog.softr.app/reservations?prefill_Code_=L3096,,,
L3224B,I208 LED PENDANT LIGHT 6W 3000K 80x35mm F300mm L1500mm,99,"51,0",I208,ΦΩΤΑ,ΦΩΤΑ,image.png (https://v5.airtableusercontent.com/v3/u/55/55/1785175200000/Oarxok7oe-r-eF320evudQ/HDgO6HU9TR1PXi1-DI8uL9BemCv9dyIACzuav9ov_SPgF86WhjDNCh_gqXPKCgA58i0kjX-zK3pytIUw6HzHe917DF9c4565CRi2VqrjaT09QUp3RzRV5umC3sUri1nx7tSvJSsX5bKPsA2BZAHkuw/wCgdlgITuvvpFEatl-W2PRGdFZwremkqqF_OhbOjAQo),x``,51,51,,51,https://pdh-catalog.softr.app/reservations?prefill_Code_=L3224B,,,
L3225G,"I208 LED PENDANT LIGHT 4,5W 3000K 80x35mm L1500mm",93,"60,0",I208,ΦΩΤΑ,ΦΩΤΑ,image.png (https://v5.airtableusercontent.com/v3/u/55/55/1785175200000/m-fep8W4fdyCPFguRk4uZg/l2J6mSccbCU5VP8l1faNgiCXiYBOdDc8JS6PlonlU2fhqJUlCxnlwJEgNwZQshdGV_S2IpL9NttxsqRmzVf9zWMN2rFC1nS10P7Tje17is4k_SHexAI-W_zNDjVgtq6RKmnj7GX9ckCmx_SOQCajUA/yrbVfbFEgpCXDQfvbfdUjc9rUqSBaH447SY0abxfFYo),L3225G,60,60,,60,https://pdh-catalog.softr.app/reservations?prefill_Code_=L3225G,,,
L3226G,I208 IP65 OUTDOOR WALL LAMP TRLAC DIMMABLE 6W 3000K 200LM 170x170x200mm,132,"97,0",I208,ΦΩΤΑ,ΦΩΤΑ,image.png (https://v5.airtableusercontent.com/v3/u/55/55/1785175200000/G9_2PkP3dTCoy8s5tkEgog/dwH-1bBo1bfABGP7n4FPcwfh7lkyP4XujWLXe5q2d4FZH6AdeSOe9X5QG6SGZXFpu-OJ9uCbxbDn2u6ZnIxF3o_NJ6hIcn70ZHoapppZKF1uaBwCa5gHTBTf7sJOgR2DwbIygIcnBAs2AoaX9fvlVg/IQx-B8zcRgiexdt-l41LhICuChFBlTZ9RQW9nDANQaI),L3226G,97,97,,37,https://pdh-catalog.softr.app/reservations?prefill_Code_=L3226G,,L3226G,
L3227.1G,I208 IP65 OUTDOOR GARDEN LAMP TRLAC DIMMABLE 6W 3000K 200LM 150x150x275mm,239,"120,0",I208,ΦΩΤΑ,ΦΩΤΑ,image.png (https://v5.airtableusercontent.com/v3/u/55/55/1785175200000/C-5No2pv9fNI1fw0iKhRTg/4wHbID2GEcwHFwlxbqKriUvc4e6u6EYg8vpcJQ_PvfzrzZpJxfeS0pOhog4R0PIUllZCHEvxs1cFVAmpKAw-_ueDqgZ3Zt45IcJ7PNtc7R4oi0XiPiggnnQfg42oL-8HOJAGOCtpEZFios3siEDl-A/VhcKS-aCzjSwVUC7UBc2feK-1Md3shhxZelsOAqZShM),L3227.1G,120,120,,120,https://pdh-catalog.softr.app/reservations?prefill_Code_=L3227.1G,,,
L3244,I59 ΣΠΟΤ ΟΡΟΦΗΣ (ΟΠΗ 60MM) ΛΕΥΚΟ,6,"500,0",I59,ΦΩΤΑ,ΦΩΤΑ,image001.png (https://v5.airtableusercontent.com/v3/u/55/55/1785175200000/XQNOKmYd3NLQ6_dDWqKYuQ/cRJohMde-STTJyl7IOhddeE5h2HwL_Gnjqe1Y_R95uD6Zo4Zgv_fd4lJogYZdbfxQWcldm8PkU67QohSBsbGOZcYqr-CYZvYbs96UoawTh-GGn7U_MI7eYnliqPBCZD3G-TYznEqdljsQuH_cexUWWFFjZRuY7N8dEZ0NOqnhd8/_evf5c5lN5tr8e0Y8Q3NGR8XXtO7ygq_O4kN67HUGA4),L3244,403,403,,221,https://pdh-catalog.softr.app/reservations?prefill_Code_=L3244,,"L3244,L3244",
L3244WW,I59 ΛΑΜΠΤΗΡΑΣ GU10 ΘΕΡΜΟ ΛΕΥΚΟ,6,"2,0",I59,ΦΩΤΑ,ΦΩΤΑ,,L3244WW,2,2,,-70,https://pdh-catalog.softr.app/reservations?prefill_Code_=L3244WW,,L3244WW,
L3244WWBOLD,I59 ΛΑΜΠΤΗΡΑΣ GU10 ΛΕΥΚΟ,0,"1928,0",I59,ΦΩΤΑ,ΦΩΤΑ,,L3244WWBOLD,1855,1855,,1645,https://pdh-catalog.softr.app/reservations?prefill_Code_=L3244WWBOLD,,L3244WWBOLD,
L3245B,I59 BEDSIDE LIGHT 3W D100*H55mm,20,"138,0",I59,ΦΩΤΑ,ΦΩΤΑ,image004.png (https://v5.airtableusercontent.com/v3/u/55/55/1785175200000/-7Fb1nnQs1EncIquGr2slQ/DWYlk5c9nM58pf6NGVPhnwx53nZyloIjEOJ7n7xIuSpFRm-jYDDIgs_tUlDFBNshoAkhltlbOfzKrtac8xHVzGvV4CJSCCvm9H4LWbuBxkKZwPAo_i2jBGtTstwKNIMM-wKz2CSdXP3bGLXTdhcPMaJAnjRSFLOTVW6pEpVFufQ/e0q3lCFHjMsxcLgm2qeOOnPXpjL7-Q4f8V-XZspuqL0),L3245B,138,138,,134,https://pdh-catalog.softr.app/reservations?prefill_Code_=L3245B,,L3245B,
L3245W,I59 BEDSIDE LIGHT 3W D100*H55mm,20,"155,0",I59,ΦΩΤΑ,ΦΩΤΑ,image005.png (https://v5.airtableusercontent.com/v3/u/55/55/1785175200000/Ql0gxu_5Nad8No-EnpYF5Q/pxlrDtcOjY8SvyhaKl_T_Pft9liIfXzZDpc-peNYRUX8ahteY9FtM5UKAX7xW5xbOdOu0463UYtVtPFY9wjf3gVgwz270inJ_HceI2dHmr96BGVQA536AWPv4fMQoE1dtYTnbKT0CKQO375dj9uJMBEWcDIP4JjpPy-weDV_3rA/VVjhcXQ0OJLsmEdYuXzhy2QWd4XbE3XuquSR6ptcXno),L3245W,155,155,,123,https://pdh-catalog.softr.app/reservations?prefill_Code_=L3245W,,"L3245W,L3245W",
L3246,I59 ΕΞΩΤΕΡΙΚΟ ΧΩΝΕΥΤΟ ΣΠΟΤ ΑΛΟΥΜΙΝΙΟΥ 42Χ80ΜΜ IP65 0.3MVDE Wire,23,"215,0",I59,ΦΩΤΑ,ΦΩΤΑ,image025.png (https://v5.airtableusercontent.com/v3/u/55/55/1785175200000/_ElGDvtgOD7BKBw09dXXFg/VQGeNCebyLH4nHwXqDntTnoXNKyrNkdNUzFRBHdWXjKhdwZ-ho-4KuQbJUzV8-jbQXhHYJO-OoXpCBkmtYuqdJ_K1jre4ay2oGUt5Ecg1LINLWSBA7pBaoG0jjH-ULqE2EoqoiCEfmEH_CTmSGTwEypgIHtWhU9sLQfAZzEBPxk/SWyNJ1gzcq0Iv1JYMtgiHp95s7jbKCeCT2-nCY4wW1Q),L3246,215,215,,196,https://pdh-catalog.softr.app/reservations?prefill_Code_=L3246,,L3246,
L3247,I59 LED ΦΩΣ ΚΗΠΟΥ 30CM ΥΨΟΣ IP65 7W ΜΕ ΚΑΡΦΙ ΓΙΑ ΤΟΠΟΘΕΤΗΣΗ ΣΕ ΧΩΜΑ & ΜΠΕΤΟ,70,"138,0",I59,ΦΩΤΑ,ΦΩΤΑ,image053.png (https://v5.airtableusercontent.com/v3/u/55/55/1785175200000/fN7kyi2j_M2GhGijms5NAQ/XgjULR8c4yEKcNkV9IDskHmLya4rqtgQgRd4F0gPb94P7IbK_DqRnakmAG7RZKxbgyA9fIkr1_6aBFqv_aS7Dm39_icgBm2svfCWEdKnOCzaOvRMhAJHD7liRswBNkbSuegUWZuUMhNK_GLtOSfCCLJmak4ctgAFwUllIINYMjU/80tv-QRcek8dLRl-r2IyF2u6hI2XdxrtLmImb08iBYI),L3247,120,120,,99,https://pdh-catalog.softr.app/reservations?prefill_Code_=L3247,,"L3247,L3247",
L3248,I59 ΑΠΛΙΚΑ ΟΡΟΦΗΣ 5W 210Χ110Χ90MM,15,"61,0",I59,ΦΩΤΑ,ΦΩΤΑ,image048.png (https://v5.airtableusercontent.com/v3/u/55/55/1785175200000/r4oI0nQOuuyk0YtjhuAreQ/0cpT3TcxiHSAym4XGdJQKSREJqkPHY4s9_nl77-g5KBj93PkpYDKAe31NvHsTX89k7nJYaVGwSx4FJct5Ve7zzAqRNGOBnynjYTiNHT1R-kc8TOYEKr8DvpuJ-eQXCL9P1OeAF87HHselWaYTMDfW-cQW9TERS1nFQCFbR7qYWI/LPjpvFxGkvbN7eE3bMy1bOoMKsIDZgM9g355qFAxBeo),L3248,61,61,,58,https://pdh-catalog.softr.app/reservations?prefill_Code_=L3248,,"L3248,L3248,L3248",
L3249.1B,I59 ΣΠΟΤ ΡΑΓΑΣ ΕΣΩΤΕΡΙΚΟΥ ΧΩΡΟΥ 7W 110X60MM IP44 ΘΕΡΜΟ ΛΕΥΚΟ,22,"178,0",I59,ΦΩΤΑ,ΦΩΤΑ,image014.png (https://v5.airtableusercontent.com/v3/u/55/55/1785175200000/CrQjbpoaFInNFEZLD_lKUg/yzWJq_hdgQaWTr3QV0mVCqaJ5Lko_CVqXvcUlNThuxBgTrmGD81XHlBl-lW9Gjzhn5_hzvqbWJUVRn476x2x37o5gTY_iP54QaJieE3FBQxcrhTjv8FHM7QxxP0Y4kD80Aqbdp4GKEuxa9CvGzEUv19ag9KL0pNVmcilIF7qvAk/oLJqAaCLJoqtQ4oo-t9Gk6uuQFGrcQZzmQ1WBNc4Qew),L3249.1B,178,178,,178,https://pdh-catalog.softr.app/reservations?prefill_Code_=L3249.1B,,,
L3249.1W,I59 ΣΠΟΤ ΡΑΓΑΣ ΕΣΩΤΕΡΙΚΟΥ ΧΩΡΟΥ 7W 110X60MM IP44 ΘΕΡΜΟ ΛΕΥΚΟ,22,"50,0",I59,ΦΩΤΑ,ΦΩΤΑ,image016.png (https://v5.airtableusercontent.com/v3/u/55/55/1785175200000/ibJ8U27R2yGufmkGSVJAQQ/gbIhMV9LYhOSzfFH0Z2UUgI_KJF6wf-bxXzw8TJfv6Kr0JetYdEIRphwT5kaCpz_3gNQ-jrd_7Ot32oq2XLdLcWRG1QUJ_XhvELBasNCQ_TWwOV8XCWIY1xYTce0oqlYnLx8tcr1Q2Ii7yUzb5_dz34wA2cuoMOL4pthuiVVsAI/9GOdY8OKGzknQZm5QCKho_EwCii6EkFOd1TFB3aMTtM),L3249.1W,50,50,,50,https://pdh-catalog.softr.app/reservations?prefill_Code_=L3249.1W,,,
L3249.2B,I59 ΣΠΟΤ ΡΑΓΑΣ ΕΣΩΤΕΡΙΚΟΥ ΧΩΡΟΥ 20W 145X90MM IP44 ΘΕΡΜΟ ΛΕΥΚΟ,28,"147,0",I59,ΦΩΤΑ,ΦΩΤΑ,image015.png (https://v5.airtableusercontent.com/v3/u/55/55/1785175200000/gurAarWhpaklUM1gABOgBw/_AqBuozyBnjo9RgcBqFLVS0ETCQaqL18KHPjd6TuOQagn5oeTCVwiSH8MuWEZYtQCiwQ8JsgXB1b3sjqCQMSdWT_5bF7ByGYLIpG-09hrbnLVxwlZkk7nQQOALzLRfGsdxtHn6uKs-EEnZy2trM45RIbi2cy_l7bd695zynjzXU/jL6R2VaDfTc06bg5DIBLEhQaFoTqB8sA1vvSgSjB-AE),L3249.2B,147,147,,147,https://pdh-catalog.softr.app/reservations?prefill_Code_=L3249.2B,,,
L3249.3W,I59 ΣΠΟΤ ΡΑΓΑΣ ΕΣΩΤΕΡΙΚΟΥ ΧΩΡΟΥ 12W 190X100MM IP44 ΘΕΡΜΟ ΛΕΥΚΟ,32,"40,0",I59,ΦΩΤΑ,ΦΩΤΑ,image013.png (https://v5.airtableusercontent.com/v3/u/55/55/1785175200000/1rjJbAY-GVjQdiGBiqYyTQ/snzEbQWZ9ned-m9FiIww-rVOdMUHmOXiLfMWkx4djAsKvKadMrjkzAeoW7HFuiQwoNrxWuMnH0V-iQ_0kfP7Ldhp1la5i7InKiMN48rXrv_okUfy18uDXDvnfPi8MGQahNaZaXEibd_TSLtA9CCdqpkQv1yGoj3XAOovHK8XGcE/FtZhEBqjNc2btj2IYBzRjscHW6lKBs7oCKLCse3E2B4),L3249.3W,40,40,,40,https://pdh-catalog.softr.app/reservations?prefill_Code_=L3249.3W,,,
L3250.1W,I59 ΣΥΝΔΕΣΜΟΣ ΡΑΓΑΣ 180ο,0,,I59,ΦΩΤΑ,ΦΩΤΑ,image017.png (https://v5.airtableusercontent.com/v3/u/55/55/1785175200000/8Lyjx-vDZZnnlcml3A8llw/ZUxAmXzsKvojtQrXQDsi5pCNXJ6jz976u5NbluctWFJubuySfEcwgeGD9qhh1patorc7IakBuexqLY0fc6dAMkk16qd7Cv_H3uWtWzoFuddHWB_2-plo0Xcg-w9NXy88aHfZX7wvOBBUXdtWV51A5akwxmELzkAaP-BDcw9hMuE/k4MnA9KARA3ClPYSrZOu6CTO_FkatGBwDQEBdkbFAy0),L3250.1W,0,0,,0,https://pdh-catalog.softr.app/reservations?prefill_Code_=L3250.1W,,,
L3250.2B,I59 ΣΥΝΔΕΣΜΟΣ ΡΑΓΑΣ 180ο,0,,I59,ΦΩΤΑ,ΦΩΤΑ,image018.png (https://v5.airtableusercontent.com/v3/u/55/55/1785175200000/LHPo9cZulq3SC5Kn93BGdg/2_nihTqtL2t_Oig_Vy22XVKt8X3m4__gi7Gt1R349Oh4WjXUTjK18l46leC8rk--cArzcpIOaQcVa5zeJJi5vLmYEwcao-_gMjnpxn9RJnxyWiHWaCXIJIkBIwLND2VBe4fjsbm38yH35yQpL6MUCdhtB_uohIXA43Cdz2WOVD4/pDk7MSw0ekwVQYuMc0m4_KuKjUBedSsPOylIsuFTOhE),L3250.2B,0,0,,0,https://pdh-catalog.softr.app/reservations?prefill_Code_=L3250.2B,,,
L3250B,I59 ΡΑΓΑ 1ΜΕΤΡΟΥ,8,"25,0",I59,ΦΩΤΑ,ΦΩΤΑ,image019.png (https://v5.airtableusercontent.com/v3/u/55/55/1785175200000/AQ3b1HOY3PHtlsLTdHAMXQ/1lUq27t8yWzUqA96nUqjtwnh8FLbDVG79WCPFJp8tdCTUa_7RNdvrLvJ24Y-qcqJA6nyTFcUjNKqsGF1pdcBpxmOP5qeOFt6JNysOwgCCwx5VSPlR_4A6IPJ2p6yZ0LEg7lRihMgMRquleTU4VWycxsPoMeQU4UAhKkxbifjO5E/ulSOFQDzwDipWIMWg7nhuerYUMmaEV6w6LYEmVGv5q8),L3250B,25,25,,25,https://pdh-catalog.softr.app/reservations?prefill_Code_=L3250B,,,
L3250W,I59 ΡΑΓΑ 1ΜΕΤΡΟΥ,8,"25,0",I59,ΦΩΤΑ,ΦΩΤΑ,image020.png (https://v5.airtableusercontent.com/v3/u/55/55/1785175200000/seIS4y-_KbWXgQeijF4Eqg/ujx6Lv_ydUg0hLLr-_gl3p0cPCGjnXxR5jyx3tT56N1OPkmTWdNwaZ73B8QPNyySpGPuipnQMYTRRqigZxKrSRyZqkoGt0W4rw_P_qj1Te70xq9U07E3-vN-qvnK1Kw6uGj56JLXDkpLcizu4CehPQfkMsk7OpswUWAgpFyDq-4/cS3ocQFxqjTCwGpx3MiDbI7UA-fGO43CYMjusRwabME),L3250W,25,25,,25,https://pdh-catalog.softr.app/reservations?prefill_Code_=L3250W,,,
L3251,I59 LED ΤΑΙΝΙΑ 220V 100Μ/ROLL IP65 ΘΕΡΜΟ ΛΕΥΚΟ,5,"3,0",I59,ΦΩΤΑ,ΦΩΤΑ,image035.png (https://v5.airtableusercontent.com/v3/u/55/55/1785175200000/0L1hiK0-A1dlpH3rUXh4XA/ld0P2WqBSqgaOuXUFugXa-jwZCjhtDtF--el8SMtB8jNFFUY3VkdpmXwtDKzsp9B3v8Z5BxKsIVeoXaVBLqjprpyrv3cTozBFddJ3i1GnIqWciDkNlEyDlbOfpPmsoEWjY_vbBCCMveyKtLquaU3Tpu5--jUrFRiXNsDbBo3dnI/1bIKw_Yl5FkNVqD7cGF4GSUOil_8NrE067fe4tttCqQ),L3251,3,3,,3,https://pdh-catalog.softr.app/reservations?prefill_Code_=L3251,,,
L3251.1,I59 ΑΝΟΡΘΩΤΗΣ LED ΤΑΙΝΙΑΣ 220V,0,"50,0",I59,ΦΩΤΑ,ΦΩΤΑ,image036.png (https://v5.airtableusercontent.com/v3/u/55/55/1785175200000/9hZCfUID4bWBvVu128CnyA/wdPZnw4tyVR9IsnPYYTaetb0u6yJrqEVMrkJNxp3hEQ_-e37aP_12mYZMui8XAvxncaoYTTWSdC1gYKaUpWccWObKvO4AuHTXTzWgsfjC46GteSk3rgpPJXm7av5fSJlViPHtvl96xdmyHMErO6qD7PLeVtVf9no3hiOz7QclaA/wlRstTZQKmWrzS8DqHtzp1pqilTFXTFZpSEDtTdWB2s),L3251.1,50,50,,50,https://pdh-catalog.softr.app/reservations?prefill_Code_=L3251.1,,,
L3252,I59 ΠΡΟΒΟΛΑΚΙ ΚΗΠΟΥ 3W LED 43Χ245ΜΜ IP65 ΜΕ ΚΑΡΦΙ ΘΕΡΜΟ ΛΕΥΚΟ,14,"74,0",I59,ΦΩΤΑ,ΦΩΤΑ,image030.png (https://v5.airtableusercontent.com/v3/u/55/55/1785175200000/gOD0Q384oSpJEQy40f0ZhQ/np_WOKiK3N36MboOw5kJg2DTEbYQtBblaktSatpuYvO3fccAC03DSN9tDB0c3RTZ_jhFoobar4eTuOLGTarhGOmicGjMnM7KTPCUD1RgDG3znYl_bYUJ5XeDPzYGMDiJicSMwbBAdsvi6TSTVUyqE-mU1quNzwV-g15oZKCC2FU/UUA2GpMlOmdL--wDTi1ckptwt6X8RwPUKCc_iwA-4V0),L3252,73,73,,-77,https://pdh-catalog.softr.app/reservations?prefill_Code_=L3252,,"L3252,L3252,L3252,L3252",
L3253,I59 ΠΡΟΒΟΛΕΑΣ ΕΞΩΤΕΡΙΚΟΥ ΧΩΡΟΥ 3W LED 190Χ65ΜΜ IP65 ΜΕ ΣΤΡΟΓΓΥΛΗ ΒΑΣΗ ΘΕΡΜΟ ΛΕΥΚΟ,16,"86,0",I59,ΦΩΤΑ,ΦΩΤΑ,image023.png (https://v5.airtableusercontent.com/v3/u/55/55/1785175200000/md5zWMFrVVaGK9tfs0ePSw/LayR3KWi3uBY0DXb1BIWKTRdbwlbq7jKBPicXKS9xX6cypLkwzUsOY7W6K8YAAwrKkx_BeIsMKsWkO1-4Y2C5cSSCYAT9O1U7Z9QZSBuu6xO234pE9_ylzkwHo6W5mM1G3ThG-R4dTWJrscQZegAtfFiHe5uyhtfAKqMJoaDzTo/hRNnO1OrrYZztSLI5xil3v0Yb2joWK2Vu_4fhXxG2Sk),L3253,86,86,,76,https://pdh-catalog.softr.app/reservations?prefill_Code_=L3253,,L3253,
L3254,I59 ΠΡΟΒΟΛΑΚΙ ΚΗΠΟΥ 7W LED 88Χ190ΜΜ IP65 ΜΕ ΣΤΡΟΓΓΥΛΗ ΒΑΣΗ ΘΕΡΜΟ ΛΕΥΚΟ,36,"169,0",I59,ΦΩΤΑ,ΦΩΤΑ,image031.png (https://v5.airtableusercontent.com/v3/u/55/55/1785175200000/MvrwdWUZztCn1AuEC2O0AQ/mpbVqRxIKeKXX_sGj5CkEtxlE4f1_MOv50Otct_OFkXUNZgZWXuepF9yFiIfW4-SzCAhDHZusImCS-54BPqBvJO4SDIDkt8cldb-IDDpisBlD3AoVFAyNDHT8wQfr4Hlxfo4ZdVTfWf8Tw5d9l3R1yL55-TT19IV8FrYwX_FCWQ/ZCXhqmS3259c1vYj3FfvqpIlv7N3r3fm6CjZCoMG-f0),L3254,168,168,,162,https://pdh-catalog.softr.app/reservations?prefill_Code_=L3254,,L3254,
L3255B,I59 ΑΠΛΙΚΑ ΕΠΙΤΟΙΧΙΑ ΕΞΩΤΕΡΙΚΟΥ ΧΩΡΟΥ 6W UP & DOWN LED 175Χ90ΜΜ IP65 ΘΕΡΜΟ ΛΕΥΚΟ,45,"-16,0",I59,ΦΩΤΑ,ΦΩΤΑ,image042.png (https://v5.airtableusercontent.com/v3/u/55/55/1785175200000/BtQgMP6R3NxV9fTLYSAs5A/saYfv5li4471nAy8_s05yp3SnS9ptShNITAU5yG3G5XeagAMvCONy19yfffQNmA9fRlRi0xwPDdWx_gO68cbRbsKOUOFRzlRBYht0vVN1hUzGEC9TUCjJiuvYEFDHBFUC_6Km55uAo3RKs4iwUf92HActTWxu-UMyacKidnM9Jg/hEJ-ZA9OAK0_OEU6OqiCZCwWYS96d8avZrg7DbmfPhQ),L3255B,-16,-16,,-26,https://pdh-catalog.softr.app/reservations?prefill_Code_=L3255B,,L3255B,
L3255W,I59 ΑΠΛΙΚΑ ΕΠΙΤΟΙΧΙΑ ΕΞΩΤΕΡΙΚΟΥ ΧΩΡΟΥ 6W UP & DOWN LED 175Χ90ΜΜ IP65 ΘΕΡΜΟ ΛΕΥΚΟ,45,"160,0",I59,ΦΩΤΑ,ΦΩΤΑ,image043.png (https://v5.airtableusercontent.com/v3/u/55/55/1785175200000/_j1a_oOYvZOevA8byMzQgQ/9dvIflKCmwdb899jNGD3e_6uDdP-Ksic3odgPNi1iWR9axSsKV90vK5yMufppWUHP3GYVnLnpPNdsgClKxtfuh5uH1EgOaGmOMyWgjvF-WKpWpFmZLWbSNUuGmQllRBtktvxWJfre8leuUwKSWvEI6ecTcABxiuBjA0reOixeIU/Z5fWLRkZgUZ2r971QeDbOMg1E74EwpxezIk9XW1DJTs),L3255W,154,154,,92,https://pdh-catalog.softr.app/reservations?prefill_Code_=L3255W,,L3255W,
L3256B,I59 ΚΡΕΜΑΣΤΟ ΦΩΤΙΣΤΙΚΟ ΕΣΩΤΕΡΙΚΟΥ ΧΩΡΟΥ ΣΩΛΗΝΑΣ 18W 1200X70X70MM ΘΕΡΜΟ ΛΕΥΚΟ,38,,I59,ΦΩΤΑ,ΦΩΤΑ,image032.png (https://v5.airtableusercontent.com/v3/u/55/55/1785175200000/sUOfQ0gXHzkU9xbswaNkRg/7LYjUHMZgO7asFefkfJS1QrEY8nS5Fv4jIhMFPnb1E_4nRuSZDXVtKpegi2tfoGebW2poa-s2O6VQ5Cz1YqeVo6PkdCQ5ozT50BxbCglOvXLkXOtNSXFEZIqTEi4MLlGgTl2PH9y3wOp7VlMaeNdoet9TvQmUVn3BsBJOEVOAXg/9rj_xvi_GOZTDJkuUx-dVEmyb70kblhtAQiTz-4FtFk),L3256B,0,0,,0,https://pdh-catalog.softr.app/reservations?prefill_Code_=L3256B,,,
L3256W,I59 ΚΡΕΜΑΣΤΟ ΦΩΤΙΣΤΙΚΟ ΕΣΩΤΕΡΙΚΟΥ ΧΩΡΟΥ ΣΩΛΗΝΑΣ 18W 1200X70X70MM ΘΕΡΜΟ ΛΕΥΚΟ,38,"-27,0",I59,ΦΩΤΑ,ΦΩΤΑ,image033.png (https://v5.airtableusercontent.com/v3/u/55/55/1785175200000/UtdSRMLHQ656RFBozS10XA/YuyXBdi6NKIgFo5G09gboPaU4su6AoniY8TCeK8AHuFK7_ZrXnBMiRGKLhkAlmZesFFSkdVCn9W8HAomJO2uv7eZQtADQZZfSS7NTlIHNK8JtvpSeMkWotTcpEZvGcZ6vWVNpPlQtzN6I7gNE9hOmCyumMJd0z_k2YK7VUHAgJk/NsyqlB3p7zzzTA5drRN-6YrVOj34-5hWJbYamyLJe_o),L3256W,-27,-27,,-27,https://pdh-catalog.softr.app/reservations?prefill_Code_=L3256W,,,
L3257B,"ΡΟΖΕΤΑ 100ΜΜ ΜΕ ΚΑΛΩΔΙΟ 1,2Μ ΚΑΙ ΝΤΟΥΙ Ε27",10,"165,0",,ΗΛΕΚΤΡΟΜΗΧ/ΚΟΣ ΕΞΟΠΛΙΣΜΟΣ,ΗΛΕΚΤΡΟΜΗΧ/ΚΟΣ ΕΞΟΠΛΙΣΜΟΣ,image.png (https://v5.airtableusercontent.com/v3/u/55/55/1785175200000/xzFK_QXTFK2XUzNwd6cjPw/ljEeItqm6T6M8de8Fn6XC3wMe6T5QxKo4y3QRQdtAotiFI8PfpBfhdMMFTt1uSpnX93bsIg-d0o9kTlZMGH3JmsXCHDJQ79kq1Cnuxx83nDtDZj2EiAirEdCHjnKTqgdhWYaqvCCp6Td5dghU1dvoA/cvCTKlVPUZnxz1DClNjwnI2bjcSPWP9p8LEwJjFZRW8),L3257B,165,165,,165,https://pdh-catalog.softr.app/reservations?prefill_Code_=L3257B,,,
L3257W,"ΡΟΖΕΤΑ 100ΜΜ ΜΕ ΚΑΛΩΔΙΟ 1,2Μ ΚΑΙ ΝΤΟΥΙ Ε27",10,"180,0",,ΗΛΕΚΤΡΟΜΗΧ/ΚΟΣ ΕΞΟΠΛΙΣΜΟΣ,ΗΛΕΚΤΡΟΜΗΧ/ΚΟΣ ΕΞΟΠΛΙΣΜΟΣ,image.png (https://v5.airtableusercontent.com/v3/u/55/55/1785175200000/5EOXVgrj5_eDpI_iwZnD-g/mxFgtUmGmLX5RhwfTp1eHY1aa0rnYzmakBrGWu_a8TNnTqxEAjEYlu-Mb3f-F22sHoOs9yNZvLsUAEPk1ASgDoscXsPiNhK8lAi2qa-eUUc_lPM4oKYukj2emY0wvKvL_S1K2UPikCjFww-XXM_8EA/M-dkubBPLkEUrqdQ-u8C1dKhQt1VJd4kobtxwxD1u0Q),L3257W,180,180,,180,https://pdh-catalog.softr.app/reservations?prefill_Code_=L3257W,,,
L3258,I160 ΛΑΜΠΤΗΡΑΣ LED E27 8W 2700K AMBER GLASS NO DIMMABLE,4,,I160,ΦΩΤΑ,ΦΩΤΑ,image.png (https://v5.airtableusercontent.com/v3/u/55/55/1785175200000/mbI0uKI7rYn2BcodFNAoBw/slXjV0XilSMH5SrgSerbFlz4iJANm9Yunwkq9ZSk7gC8wi7rYlznRv-IV5scSzH_-oU_0mAR0jxvQvm2QsnnkaEp_RQFmIAVnxzHpdXkA-cqMStd4AkaEEKFeFF7dqpqdoMHK2cse2QICzqyljUxJA/PxMQNfVgAiKYYuSlCdgbB2r19VJwqNnnfb63sA721yA),L3258,0,0,,0,https://pdh-catalog.softr.app/reservations?prefill_Code_=L3258,,,
L3259,I160ΛΑΜΠΤΗΡΑΣ LED E27 8W 2700K AMBER GLASS NO DIMMABLE,5,,I160,ΦΩΤΑ,ΦΩΤΑ,image.png (https://v5.airtableusercontent.com/v3/u/55/55/1785175200000/QT-OWvv7-bk3JNkxeLmYdQ/AHV3CpOdouPf8c13Ztfbt1wtSijhKQnjr9Jfw6na4Pxcu7t7iwhg0RKXQhGVwZTQDI8VcA8XB3npL9J6Y4n_lxnZ8oEGkYY39lypNUcSaUfzrBiZoUHXnmlarcIgomhlF_ox0OAEF2-Wg6_aRipvXQ/c6dP2EB-Nq08KPpXmArhCtlvq7a6bcvk4SB7Gdf0VDc),L3259,0,0,,0,https://pdh-catalog.softr.app/reservations?prefill_Code_=L3259,,,
L3260B,I162 ΣΠΟΤ ΟΡΟΦΗΣ ΕΞΩΤΕΡΙΚΟΥ ΧΩΡΟΥ 120Χ78ΜΜ ΜΕ GU10 5W IP65 ΘΕΡΜΟ,58,"14,0",I162,ΦΩΤΑ,ΦΩΤΑ,image054.png (https://v5.airtableusercontent.com/v3/u/55/55/1785175200000/0VG9gtL9mn32Ughtql3Ozg/tOFvlUxuY8oWw3VR4jAHN67_w2oFOfdzBuS456s5tMYuPhG-VC9L55AKuW2xFANug07yFDCo-Tjxv8isRfbMyxRvLCFnu6KA3_1My9aPeSyZDrfoe6vHM1Ri2vm7X11I5U0hwsS0jeeUg6vuu_U1-6Nd88T2GyZFrzZPuMgkBeQ/RDdhujfoF2OxUZOQFHPf89cZeoO2ImnvGjXlUpV9-Vk),L3260B,14,14,,10,https://pdh-catalog.softr.app/reservations?prefill_Code_=L3260B,,L3260B,
L3260W,I162 ΣΠΟΤ ΟΡΟΦΗΣ ΕΞΩΤΕΡΙΚΟΥ ΧΩΡΟΥ 120Χ78ΜΜ ΜΕ GU10 5W IP65 ΘΕΡΜΟ,58,"3,0",I162,ΦΩΤΑ,ΦΩΤΑ,image055.png (https://v5.airtableusercontent.com/v3/u/55/55/1785175200000/D2Mab7BA_hinUvedls3_CA/hs5Gafn3YjEuLthbyFZdYOen1DWpejQrcf3iQhQ_bzpyf5EHLkpOUHGuO2jHMenI430VD_ZDBMKp1vXSJwDaurz2BtlPIzPCYL8aJbab9triRogrAuyioJjkEmLYJlBi5DL228UE6Vy1y7SFtkjz2yDpf2gR3utAfIWi0TZ4UvA/nT6azsiAIqJmqUdpyFYXwzUjGW2AEK_ReTIsXEKA2Bg),L3260W,3,3,,3,https://pdh-catalog.softr.app/reservations?prefill_Code_=L3260W,,,
L3261B,I162 ΣΠΟΤ ΟΡΟΦΗΣ ΕΞΩΤΕΡΙΚΟΥ ΧΩΡΟΥ 63Χ160ΜΜ 5W IP65 ΘΕΡΜΟ ΛΕΥΚΟ,42,,I162,ΦΩΤΑ,ΦΩΤΑ,image058.png (https://v5.airtableusercontent.com/v3/u/55/55/1785175200000/y1dU7jZENQWmzqSV2gwS9g/m6w4vq9ErCXjO57LaXtCkDXFFs_Os93JMExun01_yktirbkUPXiFdu2bLZCrCQxUVDae-iIeTU9xOK5PeO3DdBj5gW66oHnQSYtPaL2Q1lONHhpd5zrKL8EYASQb0AL7nty3stmDNbXZ8YuMSAmJ8T3wL72goJBx1zckt9th4oA/-3mgzMRyhYowzRmWLAUdrBCEvWzd6KYdbjICYDyeazc),L3261B,0,0,,0,https://pdh-catalog.softr.app/reservations?prefill_Code_=L3261B,,,
L3261W,I162 ΣΠΟΤ ΟΡΟΦΗΣ ΕΞΩΤΕΡΙΚΟΥ ΧΩΡΟΥ 63Χ160ΜΜ 5W IP65 ΘΕΡΜΟ ΛΕΥΚΟ,42,,I162,ΦΩΤΑ,ΦΩΤΑ,image059.png (https://v5.airtableusercontent.com/v3/u/55/55/1785175200000/mq1sM39BvYBGHTVT-EylnA/-tOxFa8tezMR5XeN_X2y5KY0iff4DWkUg0QtWF3jJRfjyXNdFsWVlmzDAL-APCR30kpNd-OOz0Lf57ikonrTtEdtwnbFaQz8HrheV0V891_IGWXkl2CY182cpUrdplHwkRPYQqYXDSkCSjpue7tB33i18BH-uj1eexp_I-0S4iY/BUSJEWK0VQ5bO79kwmzc2xGH6JgFyaRjKzKfCixc7_I),L3261W,0,0,,0,https://pdh-catalog.softr.app/reservations?prefill_Code_=L3261W,,,
L3262,I211 ΣΠΟΤ ΕΞΩΤΕΡΙΚΟΥ ΧΩΡΟΥ/ΚΗΠΟΥ IP65 ΜΕ ΛΑΜΠΑ LED 5W 3000K,45,"499,0",I211,ΦΩΤΑ,ΦΩΤΑ,image.png (https://v5.airtableusercontent.com/v3/u/55/55/1785175200000/UO8wM9kpcXaxm6WmZETIAw/3I48itJAkrt7ASdPTVzWbQDtieUYU7eXyT5__J3o49MEJb_jleQtNLghCjcM2fadvS3V_MOxJpXI2fg50aCcSGrSCmKbILOxwuj70X8FgNhM_BwfYoBe_AcCv9fKuLSvWDCXbYa7cubHGg_ED96NAg/UWZAwIQCebFQT0n2mi5Arx7ep38Ax8fm7FePE6TB9dY),L3262,499,499,,499,https://pdh-catalog.softr.app/reservations?prefill_Code_=L3262,,,
L3263W,I59 ΣΠΟΤ ΟΡΟΦΗΣ ΑΔΙΑΒΡΟΧΟ (ΟΠΗ 60MM),25,"348,0",I59,ΦΩΤΑ,ΦΩΤΑ,image002.png (https://v5.airtableusercontent.com/v3/u/55/55/1785175200000/CXKA9WZlIYH3mxdR62Y4Og/Q4kIId80R2Ha1qY7iSG6KB09zhfJJYuVcRf87fYPu-wrC1U-vof6sR40RoiO7q7HdCRBIPw8dAuhZX0BAUKSYGiWRAFSXvOCuA5uPZ5MyTiqb7l0qZlLW4I4nFtecJZR7dYJZHfFGUJy-MQE9_JqZIcobvFs-N1oRAiISpu7u_U/U4X5nNFPjhk1HnFgkHOfyK0g6UyVAB8NzvRUsHP0Zfo),L3263W,346,346,,316,https://pdh-catalog.softr.app/reservations?prefill_Code_=L3263W,,"L3263W,L3263W",
L3264,I59 ΣΠΟΤ ΟΡΟΦΗΣ (ΟΠΗ 60MM),0,"30,0",I59,ΦΩΤΑ,ΦΩΤΑ,image003.png (https://v5.airtableusercontent.com/v3/u/55/55/1785175200000/-RV1DB1WYb-DE2scgPpiiA/GaCY8oWGwpu8u8rlK62pw7ldZvF61pls8aZZIaqnuA4Z9NoNCTOhYYhjk9hMy6HCUC3F48hK_BhMs9XLnAgsKnk-EN_GdXi3lxRw9Z7-jAso_V4hzxwWk21cPiGhSz3ru7ZEpk9U5guJcqq24YWGophX-i2oBYB2MHkLNeRgxSU/yohdxRjK9ZrEd_8cPJir-R0Cwe0vIYLinEIthELLuBY),L3264,30,30,,30,https://pdh-catalog.softr.app/reservations?prefill_Code_=L3264,,,
L3265.1B,I59 ΕΞΩΤΕΡΙΚΟ ΣΠΟΤ ΟΡΟΦΗΣ 5W 65Χ88MM IP65 ΘΕΡΜΟ ΛΕΥΚΟ,0,"130,0",I59,ΦΩΤΑ,ΦΩΤΑ,image007.png (https://v5.airtableusercontent.com/v3/u/55/55/1785175200000/4j6xHf-AA9TSv-RpyAY5mQ/CHA2TKtr-YBxsxAHBZJHKwbaiiBkE9huFKHiTir4As9WAa9AHVsLI8qJJ9tPYmXA4eQ4a5bVmY92oaQYy-Vm1qNiMPxtTTpt4Pu_jF1iNgrxEC5KeI857fijt9Wh7i9kaePnvHM262Ah0gKow-D1NikzSdteQgMjP329nGQ4Dfg/M6E-Cy7af4cFw6PCLAKxhBffb1euJW3SYuIqQyRYAkg),L3265.1B,130,130,,129,https://pdh-catalog.softr.app/reservations?prefill_Code_=L3265.1B,,L3265.1B,
L3265.1W,I59 ΕΞΩΤΕΡΙΚΟ ΣΠΟΤ ΟΡΟΦΗΣ 5W 65Χ88MM IP65 ΘΕΡΜΟ ΛΕΥΚΟ,0,"57,0",I59,ΦΩΤΑ,ΦΩΤΑ,image009.png (https://v5.airtableusercontent.com/v3/u/55/55/1785175200000/X4NTnxzjNwNaBix4fg2X0Q/EoWWyRp4daQ07goyr_md_JgmfZkpK3zmNZmH-AmAyNxxpDuGq0Drwtd-4RUkt8-KjNNOOvdVn96K1sIXgzfkNB5thXTWn455f5FyPyTlQybhCICwsjvOmviOe2Qw-kogwnFFElagDrv_h_cboQUIQzsJxgwPzY028Lz6YVuzdV8/5lC9f_d_gi1wTrHPubIHPuPtOxowUHjVwGgKCwPvpMk),L3265.1W,57,57,,57,https://pdh-catalog.softr.app/reservations?prefill_Code_=L3265.1W,,,
L3265.2B,I59 ΕΞΩΤΕΡΙΚΟ ΣΠΟΤ ΟΡΟΦΗΣ 5W 112X90MM IP65 ΘΕΡΜΟ ΛΕΥΚΟ,0,"50,0",I59,ΦΩΤΑ,ΦΩΤΑ,image006.png (https://v5.airtableusercontent.com/v3/u/55/55/1785175200000/edCdHQK2g_lTldeeyy4DSQ/5urxctK1t1LQTSTpJW6lXhh_lbw0yBdpfZ7bWT3ktf7OTtKUpgVi17vyNHtJIaxRToVexnzdNgim-vUJIyYaNWlPo9av6GPH6HlZ1lnDrd7sYMoE4mC_tef5S5xaRvjNVtRy82cic996NS44UJVVeI48xkE9DkLAK_fIBB5zBRk/s0g4zFqlgoyEJx5w5esXM8B3n3S9x0BQ-rvgONXofJ0),L3265.2B,50,50,,50,https://pdh-catalog.softr.app/reservations?prefill_Code_=L3265.2B,,,
L3265.2W,I59 ΕΞΩΤΕΡΙΚΟ ΣΠΟΤ ΟΡΟΦΗΣ 5W 112X90MM IP65 ΘΕΡΜΟ ΛΕΥΚΟ,0,"46,0",I59,ΦΩΤΑ,ΦΩΤΑ,image008.png (https://v5.airtableusercontent.com/v3/u/55/55/1785175200000/4oNg33ClR_AHhMF8ZmKhtw/B0t4WmZswf7UqLaS-iIQvuxjD9V1H-EwdxWcjwp52ovdZInEsTMJ5EYzWekFm-Djzd0fpR_UjuujMkyptFlsbo_G-M3LHiRD_ulVK-R1v3tPUydDQ7UUlZJP_koT0vhD9nBYdch3ezU1R0tU80c1okGGhADhjVgx6b-HHq87cvU/DtFZUaGV5DFpqnYOVZhc_U9cW0YMewOhdTkzNiplZlw),L3265.2W,46,46,,46,https://pdh-catalog.softr.app/reservations?prefill_Code_=L3265.2W,,,
L3266B,I59 ΣΠΟΤ ΟΡΟΦΗΣ ΕΣΩΤΕΡΙΚΟΥ ΧΩΡΟΥ 5W 65Χ88MM ΘΕΡΜΟ ΛΕΥΚΟ,0,"50,0",I59,ΦΩΤΑ,ΦΩΤΑ,image010.png (https://v5.airtableusercontent.com/v3/u/55/55/1785175200000/GPkWEl37cJSztaelTfxMug/kJpr089zepdVVTIY69j3yrCpRkkqoPh7XYfe0aQPScAg1k5jtRsNaoQyojhqqaq0JMPRACwYD-l1PHy4CkUt13T9YaU1udbBEd53vKR3wan9cn1N8f_OCeFGouqQDuf-wAz1A_T8XBKIGM21R9qYT7s-0js5hZqrZ2ybRkTJ6KI/4YjZs9_1kXvxZjmfMF6r3ez6fxiLqNsYsGh8hCXPUbU),L3266B,50,50,,15,https://pdh-catalog.softr.app/reservations?prefill_Code_=L3266B,,L3266B,
L3266W,I59 ΣΠΟΤ ΟΡΟΦΗΣ ΕΣΩΤΕΡΙΚΟΥ ΧΩΡΟΥ 5W 65Χ88MM ΘΕΡΜΟ ΛΕΥΚΟ,0,"47,0",I59,ΦΩΤΑ,ΦΩΤΑ,image011.png (https://v5.airtableusercontent.com/v3/u/55/55/1785175200000/PntW7CoR3vFfolbINF7g_w/Eb1E_vFdgBVJ71mdo1PquYXU-kcgj1OqFjey4ujRYYsEclrqOB4nY_unEsFYfuXTkeiZRC0YtIyyL95uk-6IlgKY78y3G-ShhubPDRJOq5UWEEScYEeLD8YmBIxC0YqgBoRYGMcGDN8kTLYwLSYY8cm8ZPWBER4GwAh-Lh0KVJU/4tJZSaC7hpUVh8DTT098mBMy8JqeXnSWTZqnC-k7BR0),L3266W,47,47,,47,https://pdh-catalog.softr.app/reservations?prefill_Code_=L3266W,,,
L3267W,I59 ΣΠΟΤ ΟΡΟΦΗΣ ΕΣΩΤΕΡΙΚΟΥ ΧΩΡΟΥ 7W 65X75MM IP44 ΘΕΡΜΟ ΛΕΥΚΟ,0,"29,0",I59,ΦΩΤΑ,ΦΩΤΑ,image012.png (https://v5.airtableusercontent.com/v3/u/55/55/1785175200000/PspERiqjeQBwkzMAJa_d7Q/9NMZAbBAfOas1qirpuitKBm-nkqZUHtJ9S1aaZ4OpIamh2Vgm0C0k86RDd5jryz-b_-ZnZ_1atGuUXZUHOpySijzBrO4HKmOs9vXSdt4lk-037h6_hdJhPVyRiu4n-RRQlYB0ESDMncg85QSD-bq55hGUWls1si90DruXxafiMg/Gn6gjZPsHI9Xa-i4CwdSPfaLbf0dsbZs4Fnkd4QXVkw),L3267W,29,29,,3,https://pdh-catalog.softr.app/reservations?prefill_Code_=L3267W,,"L3267W,L3267W",
L3268,I59 ΠΡΟΒΟΛΕΑΣ 20W 20X19.5X27CM ΔΕΣΜΗ: 120ο ΜΠΑΤΑΡΙΑ: 18650 13200MA ΧΡΟΝΟΣ ΛΕΙΤΟΥΡΓΙΑΣ: 3 ΩΡΕΣ ΧΡΟΝΟΣ ΦΟΡΤΙΣΗΣ: 5-6 ΩΡΕΣ IP65,0,"17,0",I59,ΦΩΤΑ,ΦΩΤΑ,image021.png (https://v5.airtableusercontent.com/v3/u/55/55/1785175200000/uyvC0hvKVIB2zLJoxUuPWw/fqootJYORzN6zZoYZcP1pNMpTyH8Ai7ubYvmZ62fI4zkVDY6oCxWDZat3meiKTYsxOWFgn8AtUqloTCSTOzEOkOU24qI1_FSpiwQlBs-8LN3iqwxaDVvljWV7SC-OMclWeY3SAZqS_9f9ugXtS3UYNzfSJ3flVFK2dRo8zWpJgc/kv5wFMjhdiThAH6mB3871TaC1r-l_DcdRZaOEJ6ZzE4),L3268,17,17,,17,https://pdh-catalog.softr.app/reservations?prefill_Code_=L3268,,,
L3269W,I59 ΕΞΩΤΕΡΙΚΗ ΧΩΝΕΥΤΗ ΑΠΛΙΚΑ 2W 105Χ60MM IP66 ΘΕΡΜΟ ΛΕΥΚΟ,0,"11,0",I59,ΦΩΤΑ,ΦΩΤΑ,image022.png (https://v5.airtableusercontent.com/v3/u/55/55/1785175200000/bhwe2SMhWc0eFxux8O60KQ/6ZPJgR6PclFuLCx2LxFNv5AYv_BdAb7trwwj9Jd67OuT4EWOTNZ9Ieb5jzaCaWIXhQywSJrkXC9drq9tqTKZJR4lhXM-A1-WbWI3fW5HvmNHfrZMiJSTMd6nuvjkRFerIcqphwW-2nPhF0aA-uwFkqC7Vz1FFzi79QWuxIVFs38/NuwvhuwYemLhylQDn-5nY80uGkEA35Db74d46WyimVo),L3269W,9,9,,1,https://pdh-catalog.softr.app/reservations?prefill_Code_=L3269W,,L3269W,
L3270W,I59 ΕΞΩΤΕΡΙΚΗ ΧΩΝΕΥΤΗ ΑΠΛΙΚΑ 5W 210Χ60MM IP66 ΘΕΡΜΟ ΛΕΥΚΟ 5W,0,"250,0",I59,ΦΩΤΑ,ΦΩΤΑ,image024.png (https://v5.airtableusercontent.com/v3/u/55/55/1785175200000/EfklFmJTDDPxieFz4WKaiA/P_nO0WXkYsq6W5ZEOSYscQVuODPaK8lu9BgGsUOUmqCI3QK3qVJNFOFgzDYwBUfbHysd7nlSM4UD8sluwjCKH74zv_lYhZI-XtLCXbFJGspQA7XXOxGVLUVfVNeuenGuo45bpEPpxrEKWuITc-GYTi_QzKm2ODA-ITQnTZUyxfk/-E9EIPfsNr3uRqVv0E9YT4g_SI1CI5MXCadFh7EHpVI),L3270W,248,248,,248,https://pdh-catalog.softr.app/reservations?prefill_Code_=L3270W,,,
L3271W,"I59 SOLAR LIGHT ΑΛΟΥΜΙΝΙΟΥ 100W IP65"" ΨΥΧΡΟ ΛΕΥΚΟ",0,,I59,ΦΩΤΑ,ΦΩΤΑ,image026.png (https://v5.airtableusercontent.com/v3/u/55/55/1785175200000/KWTj8ZHUbHLqocHgNpme4A/Gy0DHe7BFR3LNq9x9GXOAhxb8AY5ZHMsw7fqfP_d1BofNzXbX1dn8s-HaJhx23i1Hj__O5AgMPTzblP58UGbgcBXxYjp3wJ6nO5dW2vvvuzZ_kRTo1aQ0quqVn1r8efrMqYTlDFNw6VtbiKxTOONBZ4aMBQZuLTuK9xOCXCya8g/kxui8XOPKRvsvo_klxTajIkY1BJ3bnNd86iyE499wYk),L3271W,0,0,,0,https://pdh-catalog.softr.app/reservations?prefill_Code_=L3271W,,,
L3272.1W,I59 ΠΡΟΒΟΛΕΑΣ ΕΞΩΤΕΡΙΚΟΥ ΧΩΡΟΥ 10W IP65,0,,I59,ΦΩΤΑ,ΦΩΤΑ,image027.png (https://v5.airtableusercontent.com/v3/u/55/55/1785175200000/0wWDdvJlxLTdF5RS0Y_N1A/ToReUC1lnxWRvKZ6OZEUeREQC4roebQ6qHI2HwXc5bIeBLWKIBe09qPZgX1fhkWV9s5D9-Jp5R7RLJq21fcQWoMmyF49PzlEY6WTKNMMbwwkfrv8g_yQLQqZnyEZIoxYBfai7v0aj16SsXbTyC7QXINFtAeBZO5agOjuqYbzuto/H66Tn1VfNfvYon0mxp7SBzRELcSw5bDCXThiqeqqBOM),L3272.1W,0,0,,0,https://pdh-catalog.softr.app/reservations?prefill_Code_=L3272.1W,,,
L3272.2W,I59 ΠΡΟΒΟΛΕΑΣ ΕΞΩΤΕΡΙΚΟΥ ΧΩΡΟΥ 20W IP65,0,,I59,ΦΩΤΑ,ΦΩΤΑ,image029.png (https://v5.airtableusercontent.com/v3/u/55/55/1785175200000/oM32XHHamNpfksmM9WjWeQ/k20yYd7Noe6OhZGXXPRrBWhnD0SrlTK1MIP1ltl4jhPkLumJSz4F4gX_GF1B91trQLZul8Oq-ApccMAYJqLtvG3XFWQ2NnYYtgtyWweJ9NAFQxzdGm_XO76mdlPqRm-Ugex3_UTk6UMl4NMHtzagcLgdbaPuJtDiUGSl5SsHhho/hba1k8V-Qe4KoOURVSW6V7ZBWGRbzY02-_eeNOto13g),L3272.2W,0,0,,0,https://pdh-catalog.softr.app/reservations?prefill_Code_=L3272.2W,,,
L3272.3W,I59 ΠΡΟΒΟΛΕΑΣ ΕΞΩΤΕΡΙΚΟΥ ΧΩΡΟΥ 50W IP65,0,,I59,ΦΩΤΑ,ΦΩΤΑ,image028.png (https://v5.airtableusercontent.com/v3/u/55/55/1785175200000/C5KSw2HIn-wxc_4Cfiu53Q/b7Qz3JckqDR3ipTb1n2sqJjO5c7cQerjuBNxTyMUdTQoj74BeJQxRxFi0zzlIcSCZZ64yRirBdMF0PWziqR34UEl3KkSZ-TKTflcTvZVtycdbLBVaVXDs6C0Z2uKkSN3vZM6splBfBqWE3RZvJNZt-5BZWLmxKP-lGbBWLdz6QA/I_1AkFsKWUSx3RBOlb_kHOiDMy3q_DPW0Bygl-NL_yE),L3272.3W,0,0,,0,https://pdh-catalog.softr.app/reservations?prefill_Code_=L3272.3W,,,
L3273B,I59 SOLAR LIGHT ΚΗΠΟΥ 4W ΜΕ ΚΑΡΦΙ 280Χ330ΜΜ IP65 ΘΕΡΜΟ ΛΕΥΚΟ,0,"474,0",I59,ΦΩΤΑ,ΦΩΤΑ,image034.png (https://v5.airtableusercontent.com/v3/u/55/55/1785175200000/LMKTXvzrDf1X8KdgueGuYA/9rFr674vfzJnqh7I0OfvxQwY60KqOhqIakHhxuFnWSw3ziLDd2rhQ-0WIWkN-9EKQB2AgcZ5gtIjtKiplptSQnD9vp7pG5Bbe6w6-8Njx4kv1u7hSLChzXyln1yu0Z5hS_8kKG85IsUXCifVQ4ktf5dGDDWgeiJgtVJWtumE0Mw/bh8Dclndy4nVALSqhAFDyRGfp-nssSGcSt0jkGHvxEc),L3273B,474,474,,454,https://pdh-catalog.softr.app/reservations?prefill_Code_=L3273B,,L3273B,
L3274,I59 ΗΛΙΑΚΟΣ ΠΡΟΒΟΛΕΑΣ ΑΛΟΥΜΙΝΙΟΥ 360Χ400Χ17ΜM 15W IP65,0,,I59,ΦΩΤΑ,ΦΩΤΑ,image037.png (https://v5.airtableusercontent.com/v3/u/55/55/1785175200000/mDGFM-Q97QUWnuaDe5Kjfw/n_kJB4--eZIVTkPf9rD05F-Yzu9eutucTmdof-BcIu_G8zm0B3f4MeApfCLzlIUp4GDjzzQsMPaljKNbfUl3mgZS2SwadKKIzLEqc8w9gdZPLExKc4piJCaM6LohnX_uK8aA3uGO5Mj_Rj9cZTV5zAuVxwlq6G5RTuegMHBX86w/SFbk1jrppDDLfIXyIIG6XtC-K2kRQfcZPSeWc3VoC0w),L3274,0,0,,-5,https://pdh-catalog.softr.app/reservations?prefill_Code_=L3274,,"L3274,L3274",
L3275,I59 ΗΛΙΑΚΟΣ ΠΡΟΒΟΛΕΑΣ 200Χ390Χ54ΜΜ 20W IP65 ΕΥΡΟΣ ΦΩΤΙΣΜΟΥ 20Μ2/3-4Μ ΥΨΟΣ,0,,I59,ΦΩΤΑ,ΦΩΤΑ,image038.png (https://v5.airtableusercontent.com/v3/u/55/55/1785175200000/LxMBfewROdwLBV_0cm_P8Q/pIexKMV39Z-5dOtT2DSYBjlTVwuoeZK9G8JNDDjdY7Ws9GCyJhQFAyMkOpUEPK5sBiv1rEmUAL49xbeEjXggflfdqSOVxsWGxqYnuiDsBaiKBrLZL5uh040h745QfC7Cn-2zYsNeF1jnV0Bk9xZGi-ObHXHdfGcANByB1DpNh1s/kSK-eQ1XkQCpWblpUiuDHc6tQg1UaNuAWnITrnLOeDI),L3275,0,0,,0,https://pdh-catalog.softr.app/reservations?prefill_Code_=L3275,,,
L3276,I59 ΣΤΗΛΗ ΣΤΗΡΙΞΗΣ ΜΗΚΟΥΣ 50CM ME ΣΥΝΔΕΣΜΟΥΣ,0,,I59,ΦΩΤΑ,ΦΩΤΑ,image039.png (https://v5.airtableusercontent.com/v3/u/55/55/1785175200000/d86OlGvc4DoC16iSCk0a0g/kJklyDfsPig5PJjDZO4fUkjQyZyt5SqD0q3y7_MUj8OUw1a_4c58ipDwLvIIp47Ir0QHcKjnEiEhoSigdLYDZLdZLuD-y0ijKtYXsd7qCZ85QD20dAK8dAU0rWY0wbP6M59zvDtLUGuV_Ec9NgQSOnKvfAF_ZXSDmebypeQbNLA/Kgd8bL6co8PsdpHfd_QAL-oLSJoIV3IloSZv5IzC9UM),L3276,0,0,,0,https://pdh-catalog.softr.app/reservations?prefill_Code_=L3276,,,
L3277,I59 ΗΛΙΑΚΟΣ ΠΡΟΒΟΛΕΑΣ ΑΛΟΥΜΙΝΙΟΥ 500Χ210Χ90ΜM 10W IP65 ΕΥΡΟΣ ΦΩΤΙΣΜΟΥ 120Μ2/4-6Μ ΥΨΟΣ,0,,I59,ΦΩΤΑ,ΦΩΤΑ,image040.png (https://v5.airtableusercontent.com/v3/u/55/55/1785175200000/fgarDo6cKfY_gjXGmdyTVw/Sha9uTRjm1ZNjNTirJMErGg9ImTl9RuwAh7HdR7kdFnoQRI83dQ3rBZcMjnhF0L40nffRuReUWZhuNKqGd7abYssg7ZLuh338icfOx1v0P8vFU6XiwNVoJH1itV_iaPKPdRiJD_bn99PauLPhLd7_PcRMzNHhUMxxg5bFVPdXoo/qt7CqF52wCeKrpO9LFdJ8rGEq2SH6JC0TvADPiKU8gk),L3277,0,0,,0,https://pdh-catalog.softr.app/reservations?prefill_Code_=L3277,,,
L3278,I59 ΣΤΗΛΗ ΣΤΗΡΙΞΗΣ ΜΗΚΟΥΣ 50CM ME ΣΥΝΔΕΣΜΟΥΣ,0,,I59,ΦΩΤΑ,ΦΩΤΑ,image041.png (https://v5.airtableusercontent.com/v3/u/55/55/1785175200000/ozUlCd6DgEhYvB9FG4GcUw/u8ICMVnVSqdM5Ik_k8UBLGoijJ9Ff7fSWG9lkigZPeGGAOUBY7gwfrRTrEgSeam1km2Grh1Q6zfL0Je8zvdCN_MyOOle8RpQ4pvHAjEUFtBvqGMMWsVziCf0SaT5FDmYpvbRN_isxXaI8quhwRwm85xcDm3pXaVGh5AlfdAX1rs/sY2TaQAfIgTTH8Vogo_v5e43U7uvnckJcUp_tas8_KU),L3278,0,0,,0,https://pdh-catalog.softr.app/reservations?prefill_Code_=L3278,,,
L3279W,I59 ΑΠΛΙΚΑ ΕΠΙΤΟΙΧΙΑ ΕΞΩΤΕΡΙΚΟΥ ΧΩΡΟΥ 5W DOWN LIGHT65X82X150MM IP65 ΘΕΡΜΟ ΛΕΥΚΟ,0,"31,0",I59,ΦΩΤΑ,ΦΩΤΑ,image044.png (https://v5.airtableusercontent.com/v3/u/55/55/1785175200000/PJdRwksr-gANkGlQyHZNTA/gf7065Lv0rOH2wpCjhuFB3l7WXUG7unGPLPQX8jRhvCI9ssnogQemSH7rkBN6wiMzf4GnVlrvPmsjsYYtxfMY_rKpZzs2_XBqXhDFMm9VK305GvvHTBqD_bjlD-wC6Z2lMZfeWiUW-xelSQaxhjI7M2A3A5Z-tq0aa5bYT3lMAU/L24o1loR3L9BTZNI_pHHCwfhzTA7NpRIUZoR2JVH2-s),L3279W,27,27,,27,https://pdh-catalog.softr.app/reservations?prefill_Code_=L3279W,,,
L3280B,I59 ΑΠΛΙΚΑ ΕΠΙΤΟΙΧΙΑ ΕΞΩΤΕΡΙΚΟΥ ΧΩΡΟΥ 5W UP AND DOWN LIGHT100X100X80MM IP65 ΘΕΡΜΟ ΛΕΥΚΟ,35,"67,0",I59,ΦΩΤΑ,ΦΩΤΑ,image046.png (https://v5.airtableusercontent.com/v3/u/55/55/1785175200000/GkIhvC5RYfrh4QSekG3tQw/nwCcNxkRA0Zv08zuLiigMhjlFQr2mQ1EWruUAE6CsyjltWb9zNuyKKf4NLXhJmmN337Ck69ODIOZ8DORJVtSrr2ZMrFapHm4BVMOAsdgJLXbxXt_Gp-VQ3kgYBXV2pj7B-USMIcxVkmyMdU2WQVN1BUT4hf2MV1mAto5cxJEkgs/kx0P_qT2xlkc8JWJMRAwkub4Unv8VUIl2Vjfj-IDSSc),L3280B,67,67,,67,https://pdh-catalog.softr.app/reservations?prefill_Code_=L3280B,,,
L3280W,I59 ΑΠΛΙΚΑ ΕΠΙΤΟΙΧΙΑ ΕΞΩΤΕΡΙΚΟΥ ΧΩΡΟΥ 5W UP AND DOWN LIGHT100X100X80MM IP65 ΘΕΡΜΟ ΛΕΥΚΟ,35,"77,0",I59,ΦΩΤΑ,ΦΩΤΑ,image045.png (https://v5.airtableusercontent.com/v3/u/55/55/1785175200000/HHH8jxnTiuAZc5Ghinp45A/XqjgVnXdTJCk8PDcf1RcKRpTOhm9U-i4PTMOkeer6O-y40hLy8Y4-dSbUg1LTDxnC-u0XfwSR9Na9r-p0AT5qq3549wMgR03RFNwy8t13vmYNHvYCXnTpeehtjBJHfK3bHBCURvDyHOdpU6jGwaXj3C-jsHAqE5vjid1EAK9pc4/0gg9LGncrZRoM0dho3i2ttVC034dQunCwuTdXI80j-s),L3280W,77,77,,65,https://pdh-catalog.softr.app/reservations?prefill_Code_=L3280W,,"L3280W,L3280W",
L3281B,I59 ΑΠΛΙΚΑ ΤΟΙΧΟΥ ΕΣΩΤΕΡΙΚΟΥ ΧΩΡΟΥ ΕΝΤΟΙΧΙΣΜΕΝΗ 170Χ70Χ35 IP44 ΘΕΡΜΟ ΛΕΥΚΟ,70,"37,0",I59,ΦΩΤΑ,ΦΩΤΑ,image047.png (https://v5.airtableusercontent.com/v3/u/55/55/1785175200000/EipGLby2W_VV5Gji4VPunA/RUK6udgivkQDZyMFfOZbVgPKEejG1p4teGm8Oxfw5W3j2dOrddiNYuxZH7sNb3MPVxdRgZp9LiD5O4WGVNV01hkh5_2SD_4smy3l1BXsAIpGGgVtmCnG9k1XzeN0FRb56Dyt-kzwAIkM-UTnnkr1DwPFqGQjKw0rpZzYMxGSTd8/g1TshOUAlFVv1sXjrKUY0xbOPAYz4fkaTCJ4VFwGuyc),L3281B,37,37,,37,https://pdh-catalog.softr.app/reservations?prefill_Code_=L3281B,,,
L3282B,I59 ΑΠΛΙΚΑ ΤΟΙΧΟΥ ΕΣΩΤΕΡΙΚΟΥ ΧΩΡΟΥ 240Χ85ΜΜ IP44 ΘΕΡΜΟ ΛΕΥΚΟ,0,"13,0",I59,ΦΩΤΑ,ΦΩΤΑ,image049.png (https://v5.airtableusercontent.com/v3/u/55/55/1785175200000/Syg9P_rEdxQPsyz85vs7cg/0tf72KlafdsJC01nK7lBDo_qnf8b8Ff0XA8r0xABLVslFHt1BRst-SVRy4_GLkSfVDKZMue-dRfsP9vBtt-baBDXp_gAnyfladuaRRBuZ6Aw7b9r8T_YKKUoxerqAw95UO2XeKLVn4AKGlDyKKb183nUzpGa2LmVpxaV7T8N0YU/BQjfKJdQ_RrxzFqaZsjl9TIncrsre2hCBC3vif1VUOk),L3282B,13,13,,13,https://pdh-catalog.softr.app/reservations?prefill_Code_=L3282B,,,
L3283W,I59 ΑΠΛΙΚΑ ΤΟΙΧΟΥ ΕΣΩΤΕΡΙΚΟΥ ΧΩΡΟΥ 240Χ85ΜΜ IP44 ΘΕΡΜΟ ΛΕΥΚΟ,0,"17,0",I59,ΦΩΤΑ,ΦΩΤΑ,image050.png (https://v5.airtableusercontent.com/v3/u/55/55/1785175200000/5X3LLpI3g6HAuku7y7G2bQ/r5iwg9dMOYRSMYSI89bxTq47B1dFlFnb-jUAWn84Hd1LGNdWEArbsix8FueAupbnV_ddgHBgg25k7-C4YEl7-E87tXGaNCrpCRarNFkWLT1TaxBschfvvZ05CvOllaQcKkxe82aw8MA1y9AjNKwJ-rdWGQiXEtXYSZe9Zw-b4o8/eN-lHnrbPlmd2bX1zt7ZB9S8B-B83gvMZlUOngFDFc4),L3283W,17,17,,4,https://pdh-catalog.softr.app/reservations?prefill_Code_=L3283W,,L3283W,
L3284B,I59 ΑΠΛΙΚΑ ΤΟΙΧΟΥ ΕΣΩΤΕΡΙΚΟΥ ΧΩΡΟΥ 6W UP AND DOWN LIGHT 80X60X35MM IP44 ΘΕΡΜΟ ΛΕΥΚΟ,0,"34,0",I59,ΦΩΤΑ,ΦΩΤΑ,image051.png (https://v5.airtableusercontent.com/v3/u/55/55/1785175200000/Ofp7OTUlbevY9lRUBju8aQ/2ihMbJ4hsig-pJe7_bcp_FQyYaLb6ssA5QnId-MSMgamw87V2V5Ife8JqVUiuD85GiPY1bpB7YN6adBEPgY_akWa6DxeOzKixF60uS0I0eP4QcEsWpcQfUMsDf6JqP94Ot5UU1yfP93Qj9tX3sG68f2wCn24V0YkZNak5KpvLAQ/WdfeBHMvaiSpP1XPC3_IJZT-_1T15jrXWGWIflR2gaU),L3284B,34,34,,34,https://pdh-catalog.softr.app/reservations?prefill_Code_=L3284B,,,
L3285B,I59 ΑΠΛΙΚΑ ΤΟΙΧΟΥ ΕΣΩΤΕΡΙΚΟΥ ΧΩΡΟΥ 5W 150X150X50MM IP44 ΘΕΡΜΟ ΛΕΥΚΟ,0,"47,0",I59,ΦΩΤΑ,ΦΩΤΑ,image052.png (https://v5.airtableusercontent.com/v3/u/55/55/1785175200000/H4VR6XqqTH_TcYioX4IVMQ/ASdz7GE6rDqH0fEnDZL1nUVVKwQukGRfbilbFUMmZBwhmzKcXbiPFIDCJXjE-IWRtnD1pD74iu8xOspy8JIVKxRcE1ILMCQfGWgbqj_KXpWxgBFtKSz1z4mUhYaPdPTtZfvTa_Sdp-fNXpnM_pTzxmdoTCD_DM-qMxWhstTcIsw/WX446Ccfc8xZQA-AHCtftJ1ca4lWvOBnL-tdgkAC4Xc),L3285B,47,47,,47,https://pdh-catalog.softr.app/reservations?prefill_Code_=L3285B,,,
L3286G,I162 ΑΠΛΙΚΑ ΕΠΙΤΟΙΧΙΑ ΕΞΩΤΕΡΙΚΟΥ ΧΩΡΟΥ 150ΜΜ 10W IP65 ΘΕΡΜΟ ΛΕΥΚΟ,35,"109,0",I162,ΦΩΤΑ,ΦΩΤΑ,image057.png (https://v5.airtableusercontent.com/v3/u/55/55/1785175200000/4T5Un_gaweFKLyK54V21XA/WFCLYRmio8ZcLGgmcUICCdk-LOlOXDynsx9fey2hY-z0F4cCI3FcdHL1PAJcPHW2JbR6Yn9t63DFewLPcQLlkHzRoQaurM9dF5fYp8ojLL_2tjTVst1dVahqqWa4Fn6B1YOfaqtsinRo75LAcaxl0CpBmUB4DsiXQ20_eiTRzYs/ucpoA2mU_L4Op4hpn_vNotTzt8PNk0VWvKHFeCRhmBU),L3286G,109,109,,83,https://pdh-catalog.softr.app/reservations?prefill_Code_=L3286G,,L3286G,
L3286W,I162 ΑΠΛΙΚΑ ΕΠΙΤΟΙΧΙΑ ΕΞΩΤΕΡΙΚΟΥ ΧΩΡΟΥ 150ΜΜ 10W IP65 ΘΕΡΜΟ ΛΕΥΚΟ,35,"63,0",I162,ΦΩΤΑ,ΦΩΤΑ,image056.png (https://v5.airtableusercontent.com/v3/u/55/55/1785175200000/jX8UIQobTW-4Zu5VAmlqKA/XihTRPkcdAz4Uimi5ZWusRHElPPdrleGmwliTIFqX_SfmcOGgCGTdSLKaYyb_PmRwtcaLML00DXu4QYuMSPNGw3zNwg5jDWsg1KHMuND1NBQHnGPFNk2E4Shi7JbkIInChX9f1we5Gp9jHgmuobMu3cs5TWvM0FqqOWdeuUQZuY/XwzuIoThHuHDIihzPDNpXABGyD2XBEAncchAAwos5GY),L3286W,63,63,,63,https://pdh-catalog.softr.app/reservations?prefill_Code_=L3286W,,,
L3287,I160 ΛΑΜΠΤΗΡΑΣ EDISON E27 40W 2200K DIMMABLE AMBER GLASS,1,"1283,0",I160,ΦΩΤΑ,ΦΩΤΑ,image060.png (https://v5.airtableusercontent.com/v3/u/55/55/1785175200000/PA983S0ehQFmKUA6ZD5TKA/7kSJJY5iqZSl1azU9q0YF0U1ng-bE3MRUzUp5CGG87OCrhZ031jsYrR3OjVYikV-zjvH_Fq3w_UZtOENWtn7TcvGqlTYX6NO7Is-7U5zVWhAQIWdLg35amk2-KzyQjMr_grIWMa9AYAKvjrYavgB_GzcwKNSgvLN7jnl88biMNo/ndMQYa4roi44WgzsRgsG_L5CQ02v476_SITpiwy49yE),L3287,1281,1281,,1268,https://pdh-catalog.softr.app/reservations?prefill_Code_=L3287,,L3287,
L3288,I160 ΛΑΜΠΤΗΡΑΣ EDISON E27 40W 2200K DIMMABLE AMBER GLASS,0,"820,0",I160,ΦΩΤΑ,ΦΩΤΑ,image061.png (https://v5.airtableusercontent.com/v3/u/55/55/1785175200000/wqufXzFDxB9yxvfIGy0wdA/vvKFolQ_xkVGDtVlhjbjYbHct2LMg60cFrpro0wZ9wo-2L2T71Zn7i2hDU0VbV9RY7oiZEQ8dtuIMuWnQ5azLKM_kU2hwO5mTChxsAfbOggMBvfo9BGR4CvKx6UWVivVJyGcTlcJ6de9oPzQ-6rpVlHHaHcX29EFlyv91zwsXR4/KxbKaa58AhhC2dDscbJsrsKozMAY0Rv9LdXl8SOr_KQ),L3288,820,820,,820,https://pdh-catalog.softr.app/reservations?prefill_Code_=L3288,,,
L3289W,I191 ΑΠΛΙΚΑ ΕΠΙΤΟΙΧΙΑ ΕΞΩΤΕΡΙΚΟΥ ΧΩΡΟΥ 230Χ80Χ27ΜΜ 1.8W 3000K IP65,25,"-2,0",I191,ΦΩΤΑ,ΦΩΤΑ,image.png (https://v5.airtableusercontent.com/v3/u/55/55/1785175200000/TGN_nAMEe1c9efj3wjIwDQ/3oBYBqGDwbZkpTmfIhaco56WgAV6x1HE4b0JzoXWLXuOfSvQ9csICw2tmGcFxJZe9vZHY8MlIYjRun1ct-6UHCRRjmMwd1S8dUNiNxKFqi2Ghm6hfgWXagqbhigs5WMjTXqRlESwmhN3d6LbixlCcA/ka9Se7cKD2qdz1fw0D_GeUkCyUCrfvG0Wx9sF4MsVUA),L3289W,-15,-15,,-213,https://pdh-catalog.softr.app/reservations?prefill_Code_=L3289W,,"L3289W,L3289W,L3289W,L3289W,L3289W,L3289W,L3289W,L3289W",
L3290.1,I182 ΠΡΟΦΙΛ ΑΛΟΥΜΙΝΙΟΥ LED ΤΑΙΝΙΑΣ 20Χ23ΜΜ ΜΕ ΚΑΛΥΜΜΑ 1000ΜΜ,0,,I182,ΦΩΤΑ,ΦΩΤΑ,image066.png (https://v5.airtableusercontent.com/v3/u/55/55/1785175200000/0W6SyQnlB5WhATxuKvTDVg/4hL0ZA0U5s2U07A8gnYYEe_tzEYppsrfDev3g-GxthwC0HGK_7MB-vYR-iUKjZPtWHIH1wxU-aiJvDVicXtC9r00eCukHlF7TMHZHjSnJCCKL20a_F_a_XpxjfvjCoR6mX1OhbyFl-YOGOQtZ5CAbZFA6ItLky3kKyfbvFasGzw/Rk1GNJES5mEUpspOSsQ3AC8C8Z90p5i7oAWZtDx8tAU),L3290.1,0,0,,0,https://pdh-catalog.softr.app/reservations?prefill_Code_=L3290.1,,,
L3290.2,I182 ΠΡΟΦΙΛ ΑΛΟΥΜΙΝΙΟΥ LED ΤΑΙΝΙΑΣ 20Χ23ΜΜ ΜΕ ΚΑΛΥΜΜΑ 2000ΜΜ,2,,I182,ΦΩΤΑ,ΦΩΤΑ,image065.png (https://v5.airtableusercontent.com/v3/u/55/55/1785175200000/FJoXKqNaQuCwlLmnveWQSg/ycSRsQfwaB39DfNq04tOreNiINDEauSyFBiYTzmQQs-mcknIll3dk2zWP-S6UY_zrsWmLOPoKM_XagxbWw4tXY6oyIW5RonmvA0bOgiY2utnW5XdmAzSKo604POSdQRi6VqbY8kYQdrbjlsHqpwu3LwcaQ4KnokjweuSRt6POwI/rE5sWEHhYrlZ_WKVKMljffwHfN0zpqVtXZM388fJzuM),L3290.2,0,0,,0,https://pdh-catalog.softr.app/reservations?prefill_Code_=L3290.2,,,
L3291B,I162 ΑΠΛΙΚΑ ΕΠΙΤΟΙΧΙΑ ΕΞΩΤΕΡΙΚΟΥ ΧΩΡΟΥ 10W UP AND DOWN LIGHT100X100X100MM IP65 ΘΕΡΜΟ ΛΕΥΚΟ,0,"162,0",I162,ΦΩΤΑ,ΦΩΤΑ,image067.png (https://v5.airtableusercontent.com/v3/u/55/55/1785175200000/6hj5FS51ibT4cm3Ero2H3A/eNDrODceubCBDdRWRGJYrp5A8CthCDAo_XrNvirTi91YnPDk-Txu8oSNox8a5BVuEPexLZ4qKWXA7VrqpfRu6MKsO7JS4a0HbMvmoScKIIUUrKeYDA9WRIh5NxG4dVmvxL8ywYpIGixTDZgwjbfvuHGQo3iqLd-6KuqcifQsBUQ/Y_RCsDp_m3AklFmK1bTksFtLcw_2oqtwp9P1Oyu07Kk),L3291B,162,162,,162,https://pdh-catalog.softr.app/reservations?prefill_Code_=L3291B,,,
L3291W,I162 ΑΠΛΙΚΑ ΕΠΙΤΟΙΧΙΑ ΕΞΩΤΕΡΙΚΟΥ ΧΩΡΟΥ 10W UP AND DOWN LIGHT100X100X100MM IP65 ΘΕΡΜΟ ΛΕΥΚΟ,0,"71,0",I162,ΦΩΤΑ,ΦΩΤΑ,image068.png (https://v5.airtableusercontent.com/v3/u/55/55/1785175200000/7Fk9Tn8MxA5BeafOWKw9iw/5Lv6PVAXyIZ2glr-fDyDx08IdQpXyiCeAQwK4vyFb3w1BrWn30MoopTXe8MGcP6wNJ-TT8Q07ffWlUOHIEAlTIYutKSiela9_tl8RJTw2UIteWXW07o0HmE18ueaGvYapattAFN2_BGA-NOqF8tjDCyFCSoN1WAoKTqIxF2iFcc/IAmlGkJTwGhrPVE0DrxJ1mIvq18Wh3yS3xbswGluhiY),L3291W,71,71,,67,https://pdh-catalog.softr.app/reservations?prefill_Code_=L3291W,,L3291W,
L3299W,"I59 OUTDOOR LED WALL LIGHT with ajustable angle 
Aluminum Alloy 3.5w gu10 led spotlight inside IP65",65,"-2,0",I59,ΦΩΤΑ,ΦΩΤΑ,L3299W.jpg (https://v5.airtableusercontent.com/v3/u/55/55/1785175200000/zt4yzF64W6IrWmBW2qEPgw/VRfylp3mwMfF1DPTxX0ztmaifugR9VMh_oSjF2H8VxUi1jXtI7dVBsO2OEVnKgkabkIpzwP6l59ghfbYQRZLVPIH2ybqZGOiXMk73Pjyq-auEY1trrp4kl7epRRNuSvnFZLsETfds4opV90j5_yVCiBRIQ3RsTRy6cZsNpPHRx8/l_p0MF2_3yBZMxXQOTufFJoHByFGIVtosUP_JBNSYmA),L3299W,-10,-10,,-10,https://pdh-catalog.softr.app/reservations?prefill_Code_=L3299W,,,
TL033.1,B169 POOL STONE 20x2x40,110,"50,0",B169,TILES,TILES,image.png (https://v5.airtableusercontent.com/v3/u/55/55/1785175200000/8L-8K8hvyb66dDTV0QnLEg/VVV0E0VU6uSZjZdAXlh1RPU_t6E3YoCZfZWVnLGvicg3Iq5KkOeB-Fm4MSwl81YMuNqKhNFJtSmNqKQhguY1sGzx27YBaAPQuVlLPxmJAL_qeGBAZpVYp_rtd0rHCIx3CCpmTlO7UcFVMo1elcJhxg/vWznbcZ3nAbENCyWQgdwr9ZyAGdQGjWWlnjzPFTrgeU),TL033.1,50,50,,50,https://pdh-catalog.softr.app/reservations?prefill_Code_=TL033.1,,,
TL033.2,B169 POOL STONE 20x2x45,130,,B169,TILES,TILES,image.png (https://v5.airtableusercontent.com/v3/u/55/55/1785175200000/8L-8K8hvyb66dDTV0QnLEg/VVV0E0VU6uSZjZdAXlh1RPU_t6E3YoCZfZWVnLGvicg3Iq5KkOeB-Fm4MSwl81YMuNqKhNFJtSmNqKQhguY1sGzx27YBaAPQuVlLPxmJAL_qeGBAZpVYp_rtd0rHCIx3CCpmTlO7UcFVMo1elcJhxg/vWznbcZ3nAbENCyWQgdwr9ZyAGdQGjWWlnjzPFTrgeU),TL033.2,0,0,,0,https://pdh-catalog.softr.app/reservations?prefill_Code_=TL033.2,,,
TL033.3,B169 STEP WALK RIVER STONE 60x30x2,50,"193,0",B169,TILES,TILES,image.png (https://v5.airtableusercontent.com/v3/u/55/55/1785175200000/8L-8K8hvyb66dDTV0QnLEg/VVV0E0VU6uSZjZdAXlh1RPU_t6E3YoCZfZWVnLGvicg3Iq5KkOeB-Fm4MSwl81YMuNqKhNFJtSmNqKQhguY1sGzx27YBaAPQuVlLPxmJAL_qeGBAZpVYp_rtd0rHCIx3CCpmTlO7UcFVMo1elcJhxg/vWznbcZ3nAbENCyWQgdwr9ZyAGdQGjWWlnjzPFTrgeU),TL033.3,193,193,,92,https://pdh-catalog.softr.app/reservations?prefill_Code_=TL033.3,,"TL033.3,TL033.3,TL033.3",
Z90NA1,D199 3M SCOTCHCAST ΜΟΥΦΑ 470W 1,0,"2,0",D199,ΗΛΕΚΤΡΟΛΟΓΙΚΑ,ΗΛΕΚΤΡΟΛΟΓΙΚΑ,,Z90NA1,2,2,,2,https://pdh-catalog.softr.app/reservations?prefill_Code_=Z90NA1,,,
Z90NA2,D199 3M SCOTCHCAST ΜΟΥΦΑ 470W 2,0,"5,0",D199,ΗΛΕΚΤΡΟΛΟΓΙΚΑ,ΗΛΕΚΤΡΟΛΟΓΙΚΑ,,Z90NA2,5,5,,5,https://pdh-catalog.softr.app/reservations?prefill_Code_=Z90NA2,,,
Z092016,D208 ΠΙΝΑΚΙΔΑ ΑΛΟΥΜΙΝΙΟΥ 30Χ40cm,0,,D208,ΧΩΡΟΣΗΜΑΝΣΗ,ΧΩΡΟΣΗΜΑΝΣΗ,,Z092016,0,0,,0,https://pdh-catalog.softr.app/reservations?prefill_Code_=Z092016,,,
ZAG001,I196 Mixer Angle Grinder,50,"4,0",I196,ΕΡΓΑΛΕΙΑ,ΕΡΓΑΛΕΙΑ,image165.png (https://v5.airtableusercontent.com/v3/u/55/55/1785175200000/C43KcF8CA5zGTMZ3OZrPWA/Fb2J-XqOY1wiUjreyvy5eQScUIuzhMBrBeL_2314YvqTNspm70Rox48wY-nPAiTH4zkW5jmfO4voMaBghkvRRSp6T7NhV8mbXndMM0r9M7Zg7ojys9I9Fl4prM9LEfK84MaL-joE8BFmHwC9iEsGZ25B5dK3ZjKOXq7E_zcSkkk/CwD6okLSXnWoAGhuuXElPMFHQRGIRL2xOT18dMieqFc),ZAG001,4,4,,4,https://pdh-catalog.softr.app/reservations?prefill_Code_=ZAG001,,,
ZALUMIN001,D205 ΣΠΙΡΑΛΟΥΜΙΝΙΟ Φ120,7,"8,0",D205,ΣΙΔΗΡΙΚΑ,ΑΡΑΒΑΝΗΣ,,ZALUMIN001,8,8,,8,https://pdh-catalog.softr.app/reservations?prefill_Code_=ZALUMIN001,,,
ZALUMIN002,D205 ΣΠΙΡΑΛΟΥΜΙΝΙΟ Φ125,8,"12,0",D205,ΣΙΔΗΡΙΚΑ,ΑΡΑΒΑΝΗΣ,,ZALUMIN002,11,11,,11,https://pdh-catalog.softr.app/reservations?prefill_Code_=ZALUMIN002,,,
ZALUMIN003,D205 ΣΠΙΡΑΛΟΥΜΙΝΙΟ Φ100,8,"-6,0",D205,ΣΙΔΗΡΙΚΑ,ΑΡΑΒΑΝΗΣ,,ZALUMIN003,-9,-9,,-9,https://pdh-catalog.softr.app/reservations?prefill_Code_=ZALUMIN003,,,
ZALUMIN004,D205 ΣΧΑΡΕΣ ΓΑΛΒΑΝΙΖΕ 100Χ30,0,"20,0",D205,ΣΙΔΗΡΙΚΑ,ΑΡΑΒΑΝΗΣ,,ZALUMIN004,20,20,,20,https://pdh-catalog.softr.app/reservations?prefill_Code_=ZALUMIN004,,,
ZALUMIN004.1,D205 ΣΧΑΡΕΣ ΓΑΛΒΑΝΙΖΕ 100Χ15,0,"11,0",D205,ΣΙΔΗΡΙΚΑ,,,ZALUMIN004.1,8,8,,8,https://pdh-catalog.softr.app/reservations?prefill_Code_=ZALUMIN004.1,,,
ZALUMIN004.2,D205 ΣΧΑΡΕΣ ΓΑΛΒΑΝΙΖΕ 100Χ15,0,"40,0",D205,ΣΙΔΗΡΙΚΑ,ΑΡΑΒΑΝΗΣ,,ZALUMIN004.2,40,40,,40,https://pdh-catalog.softr.app/reservations?prefill_Code_=ZALUMIN004.2,,,
ZALUMIN005,D205 ΛΑΜΑ 40Χ10,26,"60,0",D205,ΣΙΔΗΡΙΚΑ,ΑΡΑΒΑΝΗΣ,,ZALUMIN005,60,60,,60,https://pdh-catalog.softr.app/reservations?prefill_Code_=ZALUMIN005,,,
ZALUMIN006,D205 ΣΧΑΡΑ ΚΑΝΑΛΙΩΝ ΜΕ ΠΛΑΙΣΙΟ 150Χ1003,31,,D205,ΣΙΔΗΡΙΚΑ,ΑΡΑΒΑΝΗΣ,,ZALUMIN006,0,0,,0,https://pdh-catalog.softr.app/reservations?prefill_Code_=ZALUMIN006,,,
ZALUMIN007,D205 ΚΟΙΛΟΔΟΚΟΙ 40Χ20Χ2Χ6,14,"51,0",D205,ΣΙΔΗΡΙΚΑ,ΑΡΑΒΑΝΗΣ,,ZALUMIN007,51,51,,51,https://pdh-catalog.softr.app/reservations?prefill_Code_=ZALUMIN007,,,
ZALUMIN008,D205 ΚΑΛΑΠ 6Χ6Χ8 ΜΑΥΡΗ,1,"174,0",D205,ΣΙΔΗΡΙΚΑ,ΑΡΑΒΑΝΗΣ,,ZALUMIN008,174,174,,174,https://pdh-catalog.softr.app/reservations?prefill_Code_=ZALUMIN008,,,
ZALUMIN009,D205 ΚΟΙΛΟΔΟΚΟΣ 60Χ40Χ2Χ6,24,"96,0",D205,ΣΙΔΗΡΙΚΑ,ΑΡΑΒΑΝΗΣ,,ZALUMIN009,96,96,,96,https://pdh-catalog.softr.app/reservations?prefill_Code_=ZALUMIN009,,,
ZALUMIN010,D205 ΣΩΜΑ ΗΛΕΚΤΡΟΚΟΛΛΗΣΗΣ 400Α,10,,D205,ΣΙΔΗΡΙΚΑ,ΑΡΑΒΑΝΗΣ,,ZALUMIN010,0,0,,0,https://pdh-catalog.softr.app/reservations?prefill_Code_=ZALUMIN010,,,
ZALUMIN011,D205 ΑΚΡΟ ΗΛΕΚΤΡΟΔΙΟΥ,8,,D205,ΣΙΔΗΡΙΚΑ,ΑΡΑΒΑΝΗΣ,,ZALUMIN011,0,0,,0,https://pdh-catalog.softr.app/reservations?prefill_Code_=ZALUMIN011,,,
ZALUMIN012,D205 ΚΑΜΙΝΑΔΑ ΜΟΝΩΜΕΝΗ Φ150-Φ200,43,,D205,ΣΙΔΗΡΙΚΑ,ΑΡΑΒΑΝΗΣ,,ZALUMIN012,0,0,,0,https://pdh-catalog.softr.app/reservations?prefill_Code_=ZALUMIN012,,,
ZALUMIN013,D205 ΠΛΑΣΤΙΚΗ ΤΑΠΑ 40Χ20,0,,D205,ΣΙΔΗΡΙΚΑ,ΑΡΑΒΑΝΗΣ,,ZALUMIN013,0,0,,0,https://pdh-catalog.softr.app/reservations?prefill_Code_=ZALUMIN013,,,
ZALUMIN014,D205 ΑΕΡΑΓΩΓΟΣ ΑΛΟΥΜ ΒΤ Φ125,3,,D205,ΣΙΔΗΡΙΚΑ,ΑΡΑΒΑΝΗΣ,,ZALUMIN014,0,0,,0,https://pdh-catalog.softr.app/reservations?prefill_Code_=ZALUMIN014,,,
ZALUMIN015,D205 ΛΑΜΑΡΙΝΑ ΚΥΜΑΤΟΕΙΔΗ 4ΜΧ0.82ΜΧ0.35Μ,21,,D205,ΣΙΔΗΡΙΚΑ,ΑΡΑΒΑΝΗΣ,,ZALUMIN015,0,0,,0,https://pdh-catalog.softr.app/reservations?prefill_Code_=ZALUMIN015,,,
ZALUMIN016,D205 ΑΕΡΑΓΩΓΟΙ ΑΛΟΥΜΙΝΙΟΥ Φ100,2,,D205,ΣΙΔΗΡΙΚΑ,ΑΡΑΒΑΝΗΣ,,ZALUMIN016,0,0,,0,https://pdh-catalog.softr.app/reservations?prefill_Code_=ZALUMIN016,,,
ZALUMIN025,D205  ΤΡΑΝΤΖΑΡΙΣΤΟ 60Χ40 ΓΑΛΒΑΝΙΖΕ,0,"48,0",D205,ΣΙΔΗΡΙΚΑ,ΑΡΑΒΑΝΗΣ,,ZALUMIN025,48,48,,48,https://pdh-catalog.softr.app/reservations?prefill_Code_=ZALUMIN025,,,
ZALUMIN026,D205 ΣΤΡΑΝΤΖΑΡΙΣΤΟ 40Χ20 ΓΑΛΒΑΝΙΖΕ,0,"40,0",D205,ΣΙΔΗΡΙΚΑ,ΑΡΑΒΑΝΗΣ,,ZALUMIN026,40,40,,40,https://pdh-catalog.softr.app/reservations?prefill_Code_=ZALUMIN026,,,
ZALUMIN027,D205 ΣΤΡΟΓΓΥΛΟ 235JR D010 6M,5,,D205,ΣΙΔΗΡΙΚΑ,ΑΡΑΒΑΝΗΣ,,ZALUMIN027,0,0,,0,https://pdh-catalog.softr.app/reservations?prefill_Code_=ZALUMIN027,,,
ZAM67PWU,D198 ΠΡΙΖΑ ΤΡΟΦΟΔΟΣΙΑΣ USB,0,,D198,ΗΛΕΚΤΡΟΛΟΓΙΚΑ,ΗΛΕΚΤΡΟΛΟΓΙΚΑ,,ZAM67PWU,0,0,,0,https://pdh-catalog.softr.app/reservations?prefill_Code_=ZAM67PWU,,,
ZAM68SBU,D198 ΠΡΙΖΑ ΤΡΟΦΟΔΟΣΙΑΣ USB,0,,D198,ΗΛΕΚΤΡΟΛΟΓΙΚΑ,ΗΛΕΚΤΡΟΛΟΓΙΚΑ,,ZAM68SBU,0,0,,0,https://pdh-catalog.softr.app/reservations?prefill_Code_=ZAM68SBU,,,
ZAQ20PWU,D198 ΚΟΥΤΙ COMBO,4,"34,0",D198,ΗΛΕΚΤΡΟΛΟΓΙΚΑ,ΗΛΕΚΤΡΟΛΟΓΙΚΑ,,ZAQ20PWU,34,34,,34,https://pdh-catalog.softr.app/reservations?prefill_Code_=ZAQ20PWU,,,
ZAQ21PWU,D198 ΚΟΥΤΙ COMBO,0,"92,0",D198,ΗΛΕΚΤΡΟΛΟΓΙΚΑ,ΗΛΕΚΤΡΟΛΟΓΙΚΑ,,ZAQ21PWU,92,92,,92,https://pdh-catalog.softr.app/reservations?prefill_Code_=ZAQ21PWU,,,
ZAQ22PWU,D198 ΚΟΥΤΙ COMBO,0,"16,0",D198,ΗΛΕΚΤΡΟΛΟΓΙΚΑ,ΗΛΕΚΤΡΟΛΟΓΙΚΑ,,ZAQ22PWU,16,16,,16,https://pdh-catalog.softr.app/reservations?prefill_Code_=ZAQ22PWU,,,
ZAQ30PWU,D198 ΚΟΥΤΙ COMBO,0,"50,0",D198,ΗΛΕΚΤΡΟΛΟΓΙΚΑ,ΗΛΕΚΤΡΟΛΟΓΙΚΑ,,ZAQ30PWU,50,50,,50,https://pdh-catalog.softr.app/reservations?prefill_Code_=ZAQ30PWU,,,
ZAQ31PWU,D198 ΚΟΥΤΙ COMBO,0,"66,0",D198,ΗΛΕΚΤΡΟΛΟΓΙΚΑ,ΗΛΕΚΤΡΟΛΟΓΙΚΑ,,ZAQ31PWU,66,66,,66,https://pdh-catalog.softr.app/reservations?prefill_Code_=ZAQ31PWU,,,
ZAQHM70-P,D198 ΚΟΥΤΙ ΓΥΨΟΣΑΝΙΔΑΣ ΗΜ70-P,3,"-80,0",D198,ΗΛΕΚΤΡΟΛΟΓΙΚΑ,ΗΛΕΚΤΡΟΛΟΓΙΚΑ,,ZAQHM70-P,-80,-80,,-80,https://pdh-catalog.softr.app/reservations?prefill_Code_=ZAQHM70-P,,,
ZARMOS03GREY,D201 ΑΡΜΟΣΤΟΚΟΣ ISOMAT MULTIFILL ΑΠΛΟΣ 5kg,0,,D201,ΧΡΩΜΑΤΑ,ΣΚΙΑΔΑΣ ΛΕΥΚΑΔΑ,,ZARMOS03GREY,0,0,,0,https://pdh-catalog.softr.app/reservations?prefill_Code_=ZARMOS03GREY,,,
ZARMOS04GREYBLUE,D201 ΑΡΜΟΣΤΟΚΟΣ ISOMAT MULTIFILL ΑΠΛΟΣ 5kg,8,"-5,0",D201,ΧΡΩΜΑΤΑ,ΣΚΙΑΔΑΣ ΛΕΥΚΑΔΑ,,ZARMOS04GREYBLUE,-9,-9,,-9,https://pdh-catalog.softr.app/reservations?prefill_Code_=ZARMOS04GREYBLUE,,,
ZARMOS05LIGHTGREY,D201 ΑΡΜΟΣΤΟΚΟΣ ISOMAT MULTIFILL ΑΠΛΟΣ 2kg,0,"15,0",D201,ΧΡΩΜΑΤΑ,ΣΚΙΑΔΑΣ ΛΕΥΚΑΔΑ,,ZARMOS05LIGHTGREY,15,15,,15,https://pdh-catalog.softr.app/reservations?prefill_Code_=ZARMOS05LIGHTGREY,,,
ZARMOS08BROWN,D201 ΑΡΜΟΣΤΟΚΟΣ ISOMAT MULTIFILL ΑΠΛΟΣ 5kg,0,,D201,ΧΡΩΜΑΤΑ,ΣΚΙΑΔΑΣ ΛΕΥΚΑΔΑ,,ZARMOS08BROWN,0,0,,0,https://pdh-catalog.softr.app/reservations?prefill_Code_=ZARMOS08BROWN,,,
ZARMOS10DARKGREY,D201 ΑΡΜΟΣΤΟΚΟΣ ISOMAT MULTIFILL ΑΠΛΟΣ 5kg,0,"10,0",D201,ΧΡΩΜΑΤΑ,ΣΚΙΑΔΑΣ ΛΕΥΚΑΔΑ,,ZARMOS10DARKGREY,10,10,,10,https://pdh-catalog.softr.app/reservations?prefill_Code_=ZARMOS10DARKGREY,,,
ZARMOS11IVORY,D201 ΑΡΜΟΣΤΟΚΟΣ ISOMAT MULTIFILL ΑΠΛΟΣ 5kg,0,"-2,0",D201,ΧΡΩΜΑΤΑ,ΣΚΙΑΔΑΣ ΛΕΥΚΑΔΑ,,ZARMOS11IVORY,-3,-3,,-3,https://pdh-catalog.softr.app/reservations?prefill_Code_=ZARMOS11IVORY,,,
ZARMOS15MANHTGREY,D201 ΑΡΜΟΣΤΟΚΟΣ ISOMAT MULTIFILL ΑΠΛΟΣ 5kg,0,"10,0",D201,ΧΡΩΜΑΤΑ,ΣΚΙΑΔΑΣ ΛΕΥΚΑΔΑ,,ZARMOS15MANHTGREY,10,10,,10,https://pdh-catalog.softr.app/reservations?prefill_Code_=ZARMOS15MANHTGREY,,,
ZARMOS17ANEMO,D201 ΑΡΜΟΣΤΟΚΟΣ ISOMAT MULTIFILL ΑΠΛΟΣ 5kg,0,"4,0",D201,ΧΡΩΜΑΤΑ,ΣΚΙΑΔΑΣ ΛΕΥΚΑΔΑ,,ZARMOS17ANEMO,4,4,,4,https://pdh-catalog.softr.app/reservations?prefill_Code_=ZARMOS17ANEMO,,,
ZARMOS29GREYSILVER,D201 ΑΡΜΟΣΤΟΚΟΣ ISOMAT MULTIFILL ΑΠΛΟΣ 5kg,0,,D201,ΧΡΩΜΑΤΑ,ΣΚΙΑΔΑΣ ΛΕΥΚΑΔΑ,,ZARMOS29GREYSILVER,-2,-2,,-2,https://pdh-catalog.softr.app/reservations?prefill_Code_=ZARMOS29GREYSILVER,,,
ZARMOS30GREYCEMENT,D201 ΑΡΜΟΣΤΟΚΟΣ ISOMAT MULTIFILL ΑΠΛΟΣ 5kg,0,"60,0",D201,ΧΡΩΜΑΤΑ,ΣΚΙΑΔΑΣ ΛΕΥΚΑΔΑ,,ZARMOS30GREYCEMENT,58,58,,58,https://pdh-catalog.softr.app/reservations?prefill_Code_=ZARMOS30GREYCEMENT,,,
ZARMOSNo02GRGLUCE,D200 ΑΡΜΟΣΤΟΚΟΣ ΠΛΑΚΙΔΙΩΝ KERAKOLL 5kg,0,"9,0",D200,ΧΡΩΜΑΤΑ,ΜΠΟΤΣΙΟΣ,,ZARMOSNo02GRGLUCE,9,9,,9,https://pdh-catalog.softr.app/reservations?prefill_Code_=ZARMOSNo02GRGLUCE,,,
ZARMOSNo03GRIGPERLA,D200 ΑΡΜΟΣΤΟΚΟΣ ΠΛΑΚΙΔΙΩΝ KERAKOLL 5kg,0,"6,0",D200,ΧΡΩΜΑΤΑ,ΜΠΟΤΣΙΟΣ,,ZARMOSNo03GRIGPERLA,6,6,,6,https://pdh-catalog.softr.app/reservations?prefill_Code_=ZARMOSNo03GRIGPERLA,,,
ZARMOSNo04GRIGFERRO,D200 ΑΡΜΟΣΤΟΚΟΣ ΠΛΑΚΙΔΙΩΝ KERAKOLL 5kg,0,"4,0",D200,ΧΡΩΜΑΤΑ,ΜΠΟΤΣΙΟΣ,,ZARMOSNo04GRIGFERRO,4,4,,4,https://pdh-catalog.softr.app/reservations?prefill_Code_=ZARMOSNo04GRIGFERRO,,,
ZARMOSNo05ANTRACITE,D200 ΑΡΜΟΣΤΟΚΟΣ ΠΛΑΚΙΔΙΩΝ KERAKOLL 5kg,0,"4,0",D200,ΧΡΩΜΑΤΑ,ΜΠΟΤΣΙΟΣ,,ZARMOSNo05ANTRACITE,4,4,,4,https://pdh-catalog.softr.app/reservations?prefill_Code_=ZARMOSNo05ANTRACITE,,,
ZARMOSNo07JASMIN,D200 ΑΡΜΟΣΤΟΚΟΣ ΠΛΑΚΙΔΙΩΝ KERAKOLL 5kg,0,"3,0",D200,ΧΡΩΜΑΤΑ,ΜΠΟΤΣΙΟΣ,,ZARMOSNo07JASMIN,3,3,,3,https://pdh-catalog.softr.app/reservations?prefill_Code_=ZARMOSNo07JASMIN,,,
ZARMOSNo08BAHAMABEIGE,D200 ΑΡΜΟΣΤΟΚΟΣ ΠΛΑΚΙΔΙΩΝ KERAKOLL 5kg,0,"1,0",D200,ΧΡΩΜΑΤΑ,ΜΠΟΤΣΙΟΣ,,ZARMOSNo08BAHAMABEIGE,1,1,,1,https://pdh-catalog.softr.app/reservations?prefill_Code_=ZARMOSNo08BAHAMABEIGE,,,
ZARMOSNo44CEMENTO,D200 ΑΡΜΟΣΤΟΚΟΣ ΠΛΑΚΙΔΙΩΝ KERAKOLL 5kg,0,"4,0",D200,ΧΡΩΜΑΤΑ,ΜΠΟΤΣΙΟΣ,,ZARMOSNo44CEMENTO,4,4,,4,https://pdh-catalog.softr.app/reservations?prefill_Code_=ZARMOSNo44CEMENTO,,,
ZARMOSNo45LIMESTONE,D200 ΑΡΜΟΣΤΟΚΟΣ ΠΛΑΚΙΔΙΩΝ KERAKOLL 5kg,0,"4,0",D200,ΧΡΩΜΑΤΑ,ΜΠΟΤΣΙΟΣ,,ZARMOSNo45LIMESTONE,4,4,,4,https://pdh-catalog.softr.app/reservations?prefill_Code_=ZARMOSNo45LIMESTONE,,,
ZARMOSNo46AVORIO,D200 ΑΡΜΟΣΤΟΚΟΣ ΠΛΑΚΙΔΙΩΝ KERAKOLL 5kg,0,"3,0",D200,ΧΡΩΜΑΤΑ,ΜΠΟΤΣΙΟΣ,,ZARMOSNo46AVORIO,3,3,,3,https://pdh-catalog.softr.app/reservations?prefill_Code_=ZARMOSNo46AVORIO,,,
ZARMOSNo50PERGAMON,D200 ΑΡΜΟΣΤΟΚΟΣ ΠΛΑΚΙΔΙΩΝ KERAKOLL 5kg,0,"4,0",D200,ΧΡΩΜΑΤΑ,ΜΠΟΤΣΙΟΣ,,ZARMOSNo50PERGAMON,4,4,,4,https://pdh-catalog.softr.app/reservations?prefill_Code_=ZARMOSNo50PERGAMON,,,
ZARMOSNo51SILVER,D200 ΑΡΜΟΣΤΟΚΟΣ ΠΛΑΚΙΔΙΩΝ KERAKOLL 5kg,0,"9,0",D200,ΧΡΩΜΑΤΑ,ΜΠΟΤΣΙΟΣ,,ZARMOSNo51SILVER,9,9,,9,https://pdh-catalog.softr.app/reservations?prefill_Code_=ZARMOSNo51SILVER,,,
ZARMOSNo52TORTORA,D200 ΑΡΜΟΣΤΟΚΟΣ ΠΛΑΚΙΔΙΩΝ KERAKOLL 5kg,0,"1,0",D200,ΧΡΩΜΑΤΑ,ΜΠΟΤΣΙΟΣ,,ZARMOSNo52TORTORA,1,1,,1,https://pdh-catalog.softr.app/reservations?prefill_Code_=ZARMOSNo52TORTORA,,,
ZBD,I153 ΚΟΥΔΟΥΝΙ ΕΝΟΣ ΗΧΟΥ 220V,0,"18,0",I153,ΗΛΕΚΤΡΟΜΗΧ/ΚΟΣ ΕΞΟΠΛΙΣΜΟΣ,ΗΛΕΚΤΡΟΜΗΧ/ΚΟΣ ΕΞΟΠΛΙΣΜΟΣ,image.png (https://v5.airtableusercontent.com/v3/u/55/55/1785175200000/qBtQqKzuiwTk0gKcR27yZQ/QljRPOCxG3w6ldGebpkmeDQbCJbRoDXzLqiiy6rZcqJoNupOLRdvQJHQK7gyhj4RL_hyrOHrvCh4M78q81UUwgx5HKZcblFr9jEgn-00R88unAeIO3z0TltU6_UL5BlGrHpHuQbf3eE8b9KYK6iuiA/16TUvQtpWTI276BbRxMfPreb8VC3TalURwPwc0WTUXI),ZBD,18,18,,18,https://pdh-catalog.softr.app/reservations?prefill_Code_=ZBD,,,
ZC03A,D208 ΑΥΤΟΚΟΛΗΤΑ ΣΗΜΑΝΣΗΣ 500Χ700mm,0,"19,0",D208,ΧΩΡΟΣΗΜΑΝΣΗ,ΧΩΡΟΣΗΜΑΝΣΗ,,ZC03A,18,18,,18,https://pdh-catalog.softr.app/reservations?prefill_Code_=ZC03A,,,
ZCD001,"I196 ΔΙΣΚΟΣ ΚΟΠΗΣ 125Χ1,2Χ22,2",1,"1373,0",I196,ΕΡΓΑΛΕΙΑ,ΕΡΓΑΛΕΙΑ,image256.png (https://v5.airtableusercontent.com/v3/u/55/55/1785175200000/hCwmy4IlFpE_b4ylByvR0g/f6q6-ncW1Wy9GInKPyi3MZRkPcD6jGak3iZP3T7_N39AnTZ-RFS0768jpohdDExQSEMlPiSRI6dlIHIyKMFhmvqdfn0FW4ocKd2xO84GXCAEsHuvPdfHm_zK3a7D1SUD4QQeX12v_d2jjGTQuJ_42iBHWx2pd2P3W_4fOG2QIBQ/aydFi5WB8DvdTNqKdtOXuHeqYqxjSTWZGdQtjiuf5EQ),ZCD001,1373,1373,,1373,https://pdh-catalog.softr.app/reservations?prefill_Code_=ZCD001,,,
ZCD002,I196 1200W ΤΡΟΧΟΣ,1,"406,0",I196,ΕΡΓΑΛΕΙΑ,ΕΡΓΑΛΕΙΑ,image257.png (https://v5.airtableusercontent.com/v3/u/55/55/1785175200000/BCcovLAQikBrV7EnRy8Csg/QEnTbidCO4XaU94qJ7vzENUCp2R5s2Gy73w2IDcxx8gztaYI9FPVdOOirQ_gEAuqWrg-v_nVy-mzAMJ0gnD5-trye9ACOtZHHof6lmi4RO9Fnq1x1mwohg68z2XuQ-bWVWpb7-xRGhMQy7hr_7Go4Fphqb8clXHvYrwOSaPBkuw/x8HYb6gHF9PhYTTKxxko8VweAihF53YWg-5qtqEoKIU),ZCD002,143,143,,143,https://pdh-catalog.softr.app/reservations?prefill_Code_=ZCD002,,,
ZCHR001," D201 ΒΕΡΝΙΚΙ ΕΜΠΟΤΙΣΜΟΥ ΔΙΑΛΥΤΟΥ DECOR
  750ml ",0,"31,0",D201,ΧΡΩΜΑΤΑ,ΣΚΙΑΔΑΣ ΛΕΥΚΑΔΑ,,ZCHR001,23,23,,23,https://pdh-catalog.softr.app/reservations?prefill_Code_=ZCHR001,,,
ZCHR002,D201 ΒΕΡΝΙΚΙ ΕΜΠΟΤΙΣΜΟΥ ΠΕΤΡΑΣ DELAC 750ml,0,"9,0",D201,ΧΡΩΜΑΤΑ,ΣΚΙΑΔΑΣ ΛΕΥΚΑΔΑ,,ZCHR002,9,9,,9,https://pdh-catalog.softr.app/reservations?prefill_Code_=ZCHR002,,,
ZCHR003,D201 ISOMAT ΑΡΜΟΣΤΟΚΟΣ ΑΠΛΟΣ #17 2kg,0,"9,0",D201,ΧΡΩΜΑΤΑ,ΣΚΙΑΔΑΣ ΛΕΥΚΑΔΑ,,ZCHR003,9,9,,9,https://pdh-catalog.softr.app/reservations?prefill_Code_=ZCHR003,,,
ZCHR004,D201 ISOMAT ΑΡΜΟΣΤΟΚΟΣ ΑΠΛΟΣ #03 2kg,0,"8,0",D201,ΧΡΩΜΑΤΑ,ΣΚΙΑΔΑΣ ΛΕΥΚΑΔΑ,,ZCHR004,8,8,,8,https://pdh-catalog.softr.app/reservations?prefill_Code_=ZCHR004,,,
ZCHR005,D201 ISOMAT ΑΡΜΟΣΤΟΚΟΣ ΑΠΛΟΣ #01 5kg,0,"1,0",D201,ΧΡΩΜΑΤΑ,ΣΚΙΑΔΑΣ ΛΕΥΚΑΔΑ,,ZCHR005,1,1,,1,https://pdh-catalog.softr.app/reservations?prefill_Code_=ZCHR005,,,
ZCHR006,D201 WHITE SPIRIT KRAFT 750ml,0,"17,0",D201,ΧΡΩΜΑΤΑ,ΣΚΙΑΔΑΣ ΛΕΥΚΑΔΑ,,ZCHR006,17,17,,17,https://pdh-catalog.softr.app/reservations?prefill_Code_=ZCHR006,,,
ZCHR007,D201 ΑΦΡΟΣΤΟΚΟΣ DUROSTICK 2.5L,0,"3,0",D201,ΧΡΩΜΑΤΑ,ΣΚΙΑΔΑΣ ΛΕΥΚΑΔΑ,,ZCHR007,2,2,,2,https://pdh-catalog.softr.app/reservations?prefill_Code_=ZCHR007,,,
ZCHR008,D201 ΑΦΡΟΣΤΟΚΟΣ DUROSTICK 1L,0,"3,0",D201,ΧΡΩΜΑΤΑ,ΣΚΙΑΔΑΣ ΛΕΥΚΑΔΑ,,ZCHR008,0,0,,0,https://pdh-catalog.softr.app/reservations?prefill_Code_=ZCHR008,,,
ZCHR009,D201 ΑΦΡΟΣΤΟΚΟΣ DUROSTICK 0.5L,0,"5,0",D201,ΧΡΩΜΑΤΑ,ΣΚΙΑΔΑΣ ΛΕΥΚΑΔΑ,,ZCHR009,4,4,,4,https://pdh-catalog.softr.app/reservations?prefill_Code_=ZCHR009,,,
ZCHR010,D201 DUROSTIK ΙΝΕΣ 900gr,0,"8,0",D201,ΧΡΩΜΑΤΑ,ΣΚΙΑΔΑΣ ΛΕΥΚΑΔΑ,,ZCHR010,0,0,,0,https://pdh-catalog.softr.app/reservations?prefill_Code_=ZCHR010,,,
ZCHR011,D203 ΧΑΛΑΖΙΟ ΑΣΤΑΡΙ ISOMIX 15Lt,0,"8,0",D203,ΧΡΩΜΑΤΑ,ΓΚΕΣΟΥΛΗΣ,,ZCHR011,-4,-4,,-4,https://pdh-catalog.softr.app/reservations?prefill_Code_=ZCHR011,,,
ZCHR012,D203 ΧΑΛΑΖΙΟ ΑΣΤΑΡΙ MARMOLIN 5Lt,0,"4,0",D203,ΧΡΩΜΑΤΑ,ΓΚΕΣΟΥΛΗΣ,,ZCHR012,1,1,,1,https://pdh-catalog.softr.app/reservations?prefill_Code_=ZCHR012,,,
ZCHR013,D203 PENETRON 25kg,0,"24,0",D203,ΧΡΩΜΑΤΑ,ΓΚΕΣΟΥΛΗΣ,,ZCHR013,24,24,,24,https://pdh-catalog.softr.app/reservations?prefill_Code_=ZCHR013,,,
ZCHR014,"D203 PENETRON MORTAR 22,700kg",0,"12,0",D203,ΧΡΩΜΑΤΑ,ΓΚΕΣΟΥΛΗΣ,,ZCHR014,12,12,,12,https://pdh-catalog.softr.app/reservations?prefill_Code_=ZCHR014,,,
ZCHR015,D203 PENETRON ADMIX 18kg,0,"13,0",D203,ΧΡΩΜΑΤΑ,ΓΚΕΣΟΥΛΗΣ,,ZCHR015,8,8,,8,https://pdh-catalog.softr.app/reservations?prefill_Code_=ZCHR015,,,
ZCHR016,"D203 PENETRON SEAL COAT 22,700kg",0,"8,0",D203,ΧΡΩΜΑΤΑ,ΓΚΕΣΟΥΛΗΣ,,ZCHR016,-10,-10,,-10,https://pdh-catalog.softr.app/reservations?prefill_Code_=ZCHR016,,,
ZCHR017,D203 PENETRON ELASTIC 12kg,0,"3,0",D203,ΧΡΩΜΑΤΑ,ΓΚΕΣΟΥΛΗΣ,,ZCHR017,-14,-14,,-14,https://pdh-catalog.softr.app/reservations?prefill_Code_=ZCHR017,,,
ZCHR018,D203 PENETRON LATEX 20kg,0,"13,0",D203,ΧΡΩΜΑΤΑ,ΓΚΕΣΟΥΛΗΣ,,ZCHR018,13,13,,13,https://pdh-catalog.softr.app/reservations?prefill_Code_=ZCHR018,,,
ZCHR019,D202 ΒΕΡΝΙΚΙ BONDEX TEAK 729 750ml,0,"10,0",D202,ΧΡΩΜΑΤΑ,ΣΚΙΑΔΑΣ ΑΓΡΙΝΙΟ,,ZCHR019,8,8,,8,https://pdh-catalog.softr.app/reservations?prefill_Code_=ZCHR019,,,
ZCHR020,D203 VIVECHROME ELASTIC 240-30YR 10Lt,0,"13,0",D203,ΧΡΩΜΑΤΑ,ΓΚΕΣΟΥΛΗΣ,,ZCHR020,13,13,,13,https://pdh-catalog.softr.app/reservations?prefill_Code_=ZCHR020,,,
ZCHR021,D203 VIVECHROME ELASTIC 900-20Y 10Lt,0,"9,0",D203,ΧΡΩΜΑΤΑ,ΓΚΕΣΟΥΛΗΣ,,ZCHR021,6,6,,6,https://pdh-catalog.softr.app/reservations?prefill_Code_=ZCHR021,,,
ZCHR022,D203 VIVECHROME ELASTIC CL85 10Lt,0,"-13,0",D203,ΧΡΩΜΑΤΑ,ΓΚΕΣΟΥΛΗΣ,,ZCHR022,-20,-20,,-20,https://pdh-catalog.softr.app/reservations?prefill_Code_=ZCHR022,,,
ZCHR023,D203 VIVECHROME NEOPAL ΛΕΥΚΟ 10Lt,0,"3,0",D203,ΧΡΩΜΑΤΑ,ΓΚΕΣΟΥΛΗΣ,,ZCHR023,3,3,,3,https://pdh-catalog.softr.app/reservations?prefill_Code_=ZCHR023,,,
ZCHR024,D203 VIVECHROME ELASTIC 9000 10Lt,0,"2,0",D203,ΧΡΩΜΑΤΑ,ΓΚΕΣΟΥΛΗΣ,,ZCHR024,2,2,,2,https://pdh-catalog.softr.app/reservations?prefill_Code_=ZCHR024,,,
ZCHR025,D202 VITEX ELASTIC ΛΕΥΚΟ 10Lt,0,"4,0",D202,ΧΡΩΜΑΤΑ,ΣΚΙΑΔΑΣ ΑΓΡΙΝΙΟ,,ZCHR025,4,4,,4,https://pdh-catalog.softr.app/reservations?prefill_Code_=ZCHR025,,,
ZCHR026,D203 ISOMAT PRIMER ΘΕΡΜΟΠΡΟΣΩΨΗ ΛΕΥΚΟ 3Lt,0,"8,0",D203,ΧΡΩΜΑΤΑ,ΓΚΕΣΟΥΛΗΣ,,ZCHR026,8,8,,8,https://pdh-catalog.softr.app/reservations?prefill_Code_=ZCHR026,,,
ZCHR027,"D203 ΒΕΛΑΤΟΥΡΑ ΝΕΡΟΥ 2,5Lt",0,"2,0",D203,ΧΡΩΜΑΤΑ,ΓΚΕΣΟΥΛΗΣ,,ZCHR027,2,2,,2,https://pdh-catalog.softr.app/reservations?prefill_Code_=ZCHR027,,,
ZCHR028,"D203 ΒΕΛΑΤΟΥΡΑ ΔΙΑΛΥΤΟΥ 2,5Lt",0,"7,0",D203,ΧΡΩΜΑΤΑ,ΓΚΕΣΟΥΛΗΣ,,ZCHR028,3,3,,3,https://pdh-catalog.softr.app/reservations?prefill_Code_=ZCHR028,,,
ZCHR029,D203 ΒΕΛΑΤΟΥΡΑ ΔΙΑΛΥΤΟΥ 750ml,0,"2,0",D203,ΧΡΩΜΑΤΑ,ΓΚΕΣΟΥΛΗΣ,,ZCHR029,2,2,,2,https://pdh-catalog.softr.app/reservations?prefill_Code_=ZCHR029,,,
ZCHR030,D203 ΡΙΠΟΥΛΙΝΗ ΝΕΡΟΥ 750ml,0,"5,0",D203,ΧΡΩΜΑΤΑ,ΓΚΕΣΟΥΛΗΣ,,ZCHR030,5,5,,5,https://pdh-catalog.softr.app/reservations?prefill_Code_=ZCHR030,,,
ZCHR031,"D203 ΡΙΠΟΥΛΙΝΗ ΔΙΑΛΥΤΟΥ 2,5Lt",0,"3,0",D203,ΧΡΩΜΑΤΑ,ΓΚΕΣΟΥΛΗΣ,,ZCHR031,3,3,,3,https://pdh-catalog.softr.app/reservations?prefill_Code_=ZCHR031,,,
ZCHR032,D203 ΡΙΠΟΥΛΙΝΗ ΔΙΑΛΥΤΟΥ 750ml,0,"6,0",D203,ΧΡΩΜΑΤΑ,ΓΚΕΣΟΥΛΗΣ,,ZCHR032,6,6,,6,https://pdh-catalog.softr.app/reservations?prefill_Code_=ZCHR032,,,
ZCHR033,D202 VITEX ΑΝΤΙΣΚΟΥΡΙΑΚΟ ΧΡΩΜΑ ΣΑΣΙ 750ml,0,"13,0",D202,ΧΡΩΜΑΤΑ,ΣΚΙΑΔΑΣ ΑΓΡΙΝΙΟ,,ZCHR033,13,13,,13,https://pdh-catalog.softr.app/reservations?prefill_Code_=ZCHR033,,,
ZCHR034,D203 VITEX ΝΤΟΥΚΟΧΡΩΜΑ ΜΑΥΡΟ ΜΑΤ 750ml,0,"11,0",D203,ΧΡΩΜΑΤΑ,ΓΚΕΣΟΥΛΗΣ,,ZCHR034,9,9,,9,https://pdh-catalog.softr.app/reservations?prefill_Code_=ZCHR034,,,
ZCHR035,D203 ADHEX A+B ΑΣΤΑΡΙ ΠΡΟΕΡΓΑΣΙΑΣ ΜΕΤΑΛΛΩΝ 600ml,0,"5,0",D203,ΧΡΩΜΑΤΑ,ΓΚΕΣΟΥΛΗΣ,,ZCHR035,5,5,,5,https://pdh-catalog.softr.app/reservations?prefill_Code_=ZCHR035,,,
ZCHR036,D202 PELLACHROME METAL-X ΜΑΥΡΟ ΜΑΤ No207 750ml,0,"5,0",D202,ΧΡΩΜΑΤΑ,ΣΚΙΑΔΑΣ ΑΓΡΙΝΙΟ,,ZCHR036,5,5,,5,https://pdh-catalog.softr.app/reservations?prefill_Code_=ZCHR036,,,
ZCHR038,"D200 KERAKOLL ΣΑΜΠΟΥΑΝ ΠΛΑΚΙΔΙΩΝ 1,5Lt",0,"1,0",D200,ΧΡΩΜΑΤΑ,ΜΠΟΤΣΙΟΣ,,ZCHR038,0,0,,0,https://pdh-catalog.softr.app/reservations?prefill_Code_=ZCHR038,,,
ZCHR039,D201 SIKAFLEX ALL IN ONE -11FC ΜΑΥΡΟ 300ml,0,"4,0",D201,ΧΡΩΜΑΤΑ,ΣΚΙΑΔΑΣ ΛΕΥΚΑΔΑ,,ZCHR039,4,4,,4,https://pdh-catalog.softr.app/reservations?prefill_Code_=ZCHR039,,,
ZCHR040,D201 SIKABOOM ΑΦΡΟΣ ΧΕΡΙΟΥ,0,"168,0",D201,ΧΡΩΜΑΤΑ,ΣΚΙΑΔΑΣ ΛΕΥΚΑΔΑ,,ZCHR040,168,168,,168,https://pdh-catalog.softr.app/reservations?prefill_Code_=ZCHR040,,,
ZCHR041,D201 SIKA ANCHORFIX -1N ΡΙΤΙΝΗ,0,"4,0",D201,ΧΡΩΜΑΤΑ,ΣΚΙΑΔΑΣ ΛΕΥΚΑΔΑ,,ZCHR041,4,4,,4,https://pdh-catalog.softr.app/reservations?prefill_Code_=ZCHR041,,,
ZCHR042,D203 REVINEX ΒΕΛΤΙΩΤΙΚΟ ΚΟΝΙΑΜΑΤΩΝ 18kg,0,"5,0",D203,ΧΡΩΜΑΤΑ,ΓΚΕΣΟΥΛΗΣ,,ZCHR042,1,1,,1,https://pdh-catalog.softr.app/reservations?prefill_Code_=ZCHR042,,,
ZCHR043,D203 REVINEX ΒΕΛΤΙΩΤΙΚΟ ΚΟΝΙΑΜΑΤΩΝ 5kg,0,"4,0",D203,ΧΡΩΜΑΤΑ,ΓΚΕΣΟΥΛΗΣ,,ZCHR043,2,2,,2,https://pdh-catalog.softr.app/reservations?prefill_Code_=ZCHR043,,,
ZCHR044,D203 PRIMER WBPU A+ ΠΑΤΩΜΑ ΡΟΜΠΟΤΕ 10kg,0,"8,0",D203,ΧΡΩΜΑΤΑ,ΓΚΕΣΟΥΛΗΣ,,ZCHR044,8,8,,8,https://pdh-catalog.softr.app/reservations?prefill_Code_=ZCHR044,,,
ZCHR045,D200 KERAKOLL ΣΦΟΥΓΓΑΡΙ ΚΕΤΑΡΙΝΗΣ,0,"9,0",D200,ΧΡΩΜΑΤΑ,ΜΠΟΤΣΙΟΣ,,ZCHR045,9,9,,9,https://pdh-catalog.softr.app/reservations?prefill_Code_=ZCHR045,,,
ZCHR046,D200 KERAKOLL ΣΦΟΥΓΓΑΡΙ ΚΕΡΑΤΙΝΗΣ ΜΕ ΒΑΣΗ,0,"4,0",D200,ΧΡΩΜΑΤΑ,ΜΠΟΤΣΙΟΣ,,ZCHR046,4,4,,4,https://pdh-catalog.softr.app/reservations?prefill_Code_=ZCHR046,,,
ZCHR047,D201 PENETRON PENEBAR SW-45 RAPID,0,"30,0",D201,ΧΡΩΜΑΤΑ,ΣΚΙΑΔΑΣ ΛΕΥΚΑΔΑ,,ZCHR047,30,30,,30,https://pdh-catalog.softr.app/reservations?prefill_Code_=ZCHR047,,,
ZCHR048,D201 TUBAX ΜΟΥΡΕΛΑ 20cm,0,"400,0",D201,ΧΡΩΜΑΤΑ,ΣΚΙΑΔΑΣ ΛΕΥΚΑΔΑ,,ZCHR048,400,400,,400,https://pdh-catalog.softr.app/reservations?prefill_Code_=ZCHR048,,,
ZCHR049,D201 PENEBAR PRIMER 750ml,0,"6,0",D201,ΧΡΩΜΑΤΑ,ΣΚΙΑΔΑΣ ΛΕΥΚΑΔΑ,,ZCHR049,6,6,,6,https://pdh-catalog.softr.app/reservations?prefill_Code_=ZCHR049,,,
ZCHROM0001,D201 ISOMAT MEGACROUT 100 25kg,18,"2737,0",D201,ΧΡΩΜΑΤΑ,ΣΚΙΑΔΑΣ ΛΕΥΚΑΔΑ,,ZCHROM0001,2711,2711,,2711,https://pdh-catalog.softr.app/reservations?prefill_Code_=ZCHROM0001,,,
ZCHROM0002,D201 ISOMAT MEGACRET 40 25kg,21,"8076,0",D201,ΧΡΩΜΑΤΑ,ΣΚΙΑΔΑΣ ΛΕΥΚΑΔΑ,,ZCHROM0002,8017,8017,,8017,https://pdh-catalog.softr.app/reservations?prefill_Code_=ZCHROM0002,,,
ZCHROM0003,D201 ISOMAT DUROCRET ΓΚΡΙ 25kg,15,"55,0",D201,ΧΡΩΜΑΤΑ,ΣΚΙΑΔΑΣ ΛΕΥΚΑΔΑ,,ZCHROM0003,31,31,,31,https://pdh-catalog.softr.app/reservations?prefill_Code_=ZCHROM0003,,,
ZCHROM0004,D201 ISOMAT DUROCRET ΛΕΥΚΟ 25kg,0,"21,0",D201,ΧΡΩΜΑΤΑ,ΣΚΙΑΔΑΣ ΛΕΥΚΑΔΑ,,ZCHROM0004,19,19,,19,https://pdh-catalog.softr.app/reservations?prefill_Code_=ZCHROM0004,,,
ZCHROM0005,D201 ISOMAT AQUAMAT 25kg,29,"29,0",D201,ΧΡΩΜΑΤΑ,ΣΚΙΑΔΑΣ ΛΕΥΚΑΔΑ,,ZCHROM0005,25,25,,25,https://pdh-catalog.softr.app/reservations?prefill_Code_=ZCHROM0005,,,
ZCHROM0006,D201 ISOMAT AQUAMAT ELASTIC A 25kg,60,"-3,0",D201,ΧΡΩΜΑΤΑ,ΣΚΙΑΔΑΣ ΛΕΥΚΑΔΑ,,ZCHROM0006,-16,-16,,-16,https://pdh-catalog.softr.app/reservations?prefill_Code_=ZCHROM0006,,,
ZCHROM0007,D201 ISOMAT AQUAMAT ELASTIC B 10kg,31,"-6,0",D201,ΧΡΩΜΑΤΑ,ΣΚΙΑΔΑΣ ΛΕΥΚΑΔΑ,,ZCHROM0007,-19,-19,,-19,https://pdh-catalog.softr.app/reservations?prefill_Code_=ZCHROM0007,,,
ZCHROM0008,D201 ISOMAT ΚΟΛΛΑ ΑΚ9 25kg,7,"7,0",D201,ΧΡΩΜΑΤΑ,ΣΚΙΑΔΑΣ ΛΕΥΚΑΔΑ,,ZCHROM0008,-4,-4,,-4,https://pdh-catalog.softr.app/reservations?prefill_Code_=ZCHROM0008,,,
ZCHROM0009,D201 INTERMIX 30kg,8,"2926,0",D201,ΧΡΩΜΑΤΑ,ΣΚΙΑΔΑΣ ΛΕΥΚΑΔΑ,,ZCHROM0009,2825,2825,,2825,https://pdh-catalog.softr.app/reservations?prefill_Code_=ZCHROM0009,,,
ZCHROM0010,D201 DUROSTICK  STOKOFIX 20kg,8,"86,0",D201,ΧΡΩΜΑΤΑ,ΣΚΙΑΔΑΣ ΛΕΥΚΑΔΑ,,ZCHROM0010,47,47,,47,https://pdh-catalog.softr.app/reservations?prefill_Code_=ZCHROM0010,,,
ZCHROM0011,D201 DUROSTICK  ΚΟΛΛΑ GOLD 25kg,15,,D201,ΧΡΩΜΑΤΑ,ΣΚΙΑΔΑΣ ΛΕΥΚΑΔΑ,,ZCHROM0011,0,0,,0,https://pdh-catalog.softr.app/reservations?prefill_Code_=ZCHROM0011,,,
ZCHROM0012,D201 ISOMAT ΙΝΕΣ 600gr,8,"26,0",D201,ΧΡΩΜΑΤΑ,ΣΚΙΑΔΑΣ ΛΕΥΚΑΔΑ,,ZCHROM0012,26,26,,26,https://pdh-catalog.softr.app/reservations?prefill_Code_=ZCHROM0012,,,
ZCHROM0013,D201 ISOLAC  BT 17kg,83,"127,0",D201,ΧΡΩΜΑΤΑ,ΣΚΙΑΔΑΣ ΛΕΥΚΑΔΑ,,ZCHROM0013,123,123,,123,https://pdh-catalog.softr.app/reservations?prefill_Code_=ZCHROM0013,,,
ZCHROM0014,D201 ISOMAC ΑΣΦΑΛΤΙΚΗ ΜΑΣΤΙΧΗ 20kg,91,"5,0",D201,ΧΡΩΜΑΤΑ,ΣΚΙΑΔΑΣ ΛΕΥΚΑΔΑ,,ZCHROM0014,5,5,,5,https://pdh-catalog.softr.app/reservations?prefill_Code_=ZCHROM0014,,,
ZCHROM0015,D201 ISOMAC ΑΣΦΑΛΤΙΚΗ ΜΑΣΤΙΧΗ 5kg,24,,D201,ΧΡΩΜΑΤΑ,ΣΚΙΑΔΑΣ ΛΕΥΚΑΔΑ,,ZCHROM0015,0,0,,0,https://pdh-catalog.softr.app/reservations?prefill_Code_=ZCHROM0015,,,
ZCHROM0016,D201 PAVA PROOF ΑΣΦΑΛΤΙΚΗ ΜΑΣΤΙΧΗ 5kg,0,,D201,ΧΡΩΜΑΤΑ,ΣΚΙΑΔΑΣ ΛΕΥΚΑΔΑ,,ZCHROM0016,0,0,,0,https://pdh-catalog.softr.app/reservations?prefill_Code_=ZCHROM0016,,,
ZCHROM0017,D201 TUBAX-ΜΟΥΡΕΛΑ 25cm,0,"1100,0",D201,ΧΡΩΜΑΤΑ,ΣΚΙΑΔΑΣ ΛΕΥΚΑΔΑ,,ZCHROM0017,700,700,,700,https://pdh-catalog.softr.app/reservations?prefill_Code_=ZCHROM0017,,,
ZCHROM0018,D201 TUBAX-ΜΟΥΡΕΛΑ 30cm,0,"1400,0",D201,ΧΡΩΜΑΤΑ,ΣΚΙΑΔΑΣ ΛΕΥΚΑΔΑ,,ZCHROM0018,1400,1400,,1400,https://pdh-catalog.softr.app/reservations?prefill_Code_=ZCHROM0018,,,
ZCHROM0019,"D201 ΑΔΙΑΒΡΟΧΟ ΒΕΡΝΙΚΙ ΝΕΡΟΥ DÉCOR 2,5lit",0,"-5,0",D201,ΧΡΩΜΑΤΑ,ΣΚΙΑΔΑΣ ΛΕΥΚΑΔΑ,,ZCHROM0019,-5,-5,,-5,https://pdh-catalog.softr.app/reservations?prefill_Code_=ZCHROM0019,,,
ZCHROM0020,"D201 ΒΕΡΝΙΚΙ ΕΜΠΟΤΙΣΟΥ ΔΙΑΛΥΤΟΥ DÉCOR 2,5lit",8,"4,0",D201,ΧΡΩΜΑΤΑ,ΣΚΙΑΔΑΣ ΛΕΥΚΑΔΑ,,ZCHROM0020,3,3,,3,https://pdh-catalog.softr.app/reservations?prefill_Code_=ZCHROM0020,,,
ZCHROM0021,"D201 ΒΕΡΝΙΚΙ ΕΜΠΟΤΙΣΜΟΥ ΠΕΤΡΑΣ DELAC 2,5lit",22,"4,0",D201,ΧΡΩΜΑΤΑ,ΣΚΙΑΔΑΣ ΛΕΥΚΑΔΑ,,ZCHROM0021,4,4,,4,https://pdh-catalog.softr.app/reservations?prefill_Code_=ZCHROM0021,,,
ZCHROM0022,D201 ΑΦΡΟΣ ΠΟΛΥΟΥΡΕΘΑΝΗΣ ΠΙΣΤΟΛΙΟΥ,4,"7,0",D201,ΧΡΩΜΑΤΑ,ΣΚΙΑΔΑΣ ΛΕΥΚΑΔΑ,,ZCHROM0022,-7,-7,,-7,https://pdh-catalog.softr.app/reservations?prefill_Code_=ZCHROM0022,,,
ZCHROM0023,D201 ΑΣΤΑΡΙ ΑΛΟΥΜΙΝΙΟΥ&ΓΑΛΒΑΝΙΖΕ DUROSTIC 750ml,10,"-1,0",D201,ΧΡΩΜΑΤΑ,ΣΚΙΑΔΑΣ ΛΕΥΚΑΔΑ,,ZCHROM0023,-7,-7,,-7,https://pdh-catalog.softr.app/reservations?prefill_Code_=ZCHROM0023,,,
ZCHROM0024,D201 ΚΑΘΑΡΙΣΤΙΚΟ ΑΦΡΟΥ ΠΟΛΥΟΥΡΕΘΑΝΗΣ ISOMAT 400ml,5,"3,0",D201,ΧΡΩΜΑΤΑ,ΣΚΙΑΔΑΣ ΛΕΥΚΑΔΑ,,ZCHROM0024,1,1,,1,https://pdh-catalog.softr.app/reservations?prefill_Code_=ZCHROM0024,,,
ZCHROM0025,D201 TEAK OIL MERCOLA 1lit,0,"3,0",D201,ΧΡΩΜΑΤΑ,ΣΚΙΑΔΑΣ ΛΕΥΚΑΔΑ,,ZCHROM0025,3,3,,3,https://pdh-catalog.softr.app/reservations?prefill_Code_=ZCHROM0025,,,
ZCHROM0026,D201 ΣΙΛΙΚΟΝΗ MERCOLA ΒΑΦΗΣ,2,"99,0",D201,ΧΡΩΜΑΤΑ,ΣΚΙΑΔΑΣ ΛΕΥΚΑΔΑ,,ZCHROM0026,78,78,,78,https://pdh-catalog.softr.app/reservations?prefill_Code_=ZCHROM0026,,,
ZCHROM0027,D201 ΣΙΛΙΚΟΝΗ MERCOLA ΓΙΑ ΞΥΛΟ 280ml,0,"1,0",D201,ΧΡΩΜΑΤΑ,ΣΚΙΑΔΑΣ ΛΕΥΚΑΔΑ,,ZCHROM0027,1,1,,1,https://pdh-catalog.softr.app/reservations?prefill_Code_=ZCHROM0027,,,
ZCHROM0028,D201 MENTOR ΞΥΛΟΚΟΛΛΑ 5kg,0,"2,0",D201,ΧΡΩΜΑΤΑ,ΣΚΙΑΔΑΣ ΛΕΥΚΑΔΑ,,ZCHROM0028,2,2,,2,https://pdh-catalog.softr.app/reservations?prefill_Code_=ZCHROM0028,,,
ZCHROM0029,D201 ΣΠΡΕΥ ΚΟΚΚΙΝΟ FAST ACRYLIC,4,"17,0",D201,ΧΡΩΜΑΤΑ,ΣΚΙΑΔΑΣ ΛΕΥΚΑΔΑ,,ZCHROM0029,13,13,,13,https://pdh-catalog.softr.app/reservations?prefill_Code_=ZCHROM0029,,,
ZCHROM0030,D201 ΣΠΡΕΥ ΜΑΥΡΟ  FAST ACRYLIC,3,"5,0",D201,ΧΡΩΜΑΤΑ,ΣΚΙΑΔΑΣ ΛΕΥΚΑΔΑ,,ZCHROM0030,5,5,,5,https://pdh-catalog.softr.app/reservations?prefill_Code_=ZCHROM0030,,,
ZCHROM0031,D201 ΣΠΡΕΥ ΛΕΥΚΟ  FAST ACRYLIC,3,"4,0",D201,ΧΡΩΜΑΤΑ,ΣΚΙΑΔΑΣ ΛΕΥΚΑΔΑ,,ZCHROM0031,4,4,,4,https://pdh-catalog.softr.app/reservations?prefill_Code_=ZCHROM0031,,,
ZCHROM0032,D201 ΣΠΡΕΥ ΓΑΛΒΑΝΙΖΕ,3,"16,0",D201,ΧΡΩΜΑΤΑ,ΣΚΙΑΔΑΣ ΛΕΥΚΑΔΑ,,ZCHROM0032,14,14,,14,https://pdh-catalog.softr.app/reservations?prefill_Code_=ZCHROM0032,,,
ZCHROM0033,D201 ΡΑΜΜΑ ΟΙΚΟΔΟΜΗΣ,1,"228,0",D201,ΧΡΩΜΑΤΑ,ΣΚΙΑΔΑΣ ΛΕΥΚΑΔΑ,,ZCHROM0033,189,189,,189,https://pdh-catalog.softr.app/reservations?prefill_Code_=ZCHROM0033,,,
ZCHROM0034,D201 ΓΥΑΛΟΧΑΡΤΟ ΠΛΑΚΑ Νο100,0,"-30,0",D201,ΧΡΩΜΑΤΑ,ΣΚΙΑΔΑΣ ΛΕΥΚΑΔΑ,,ZCHROM0034,-30,-30,,-30,https://pdh-catalog.softr.app/reservations?prefill_Code_=ZCHROM0034,,,
ZCHROM0035,D201 ΓΥΑΛΟΧΑΡΤΟ ΠΛΑΚΑ Νο120,0,"-79,0",D201,ΧΡΩΜΑΤΑ,ΣΚΙΑΔΑΣ ΛΕΥΚΑΔΑ,,ZCHROM0035,-146,-146,,-146,https://pdh-catalog.softr.app/reservations?prefill_Code_=ZCHROM0035,,,
ZCHROM0036,D201 ΓΥΑΛΟΧΑΡΤΟ ΠΛΑΚΑ Νο150,1,"398,0",D201,ΧΡΩΜΑΤΑ,ΣΚΙΑΔΑΣ ΛΕΥΚΑΔΑ,,ZCHROM0036,383,383,,383,https://pdh-catalog.softr.app/reservations?prefill_Code_=ZCHROM0036,,,
ZCHROM0037,D201 ΓΥΑΛΟΧΑΡΤΟ ΠΛΑΚΑ Νο180,0,,D201,ΧΡΩΜΑΤΑ,ΣΚΙΑΔΑΣ ΛΕΥΚΑΔΑ,,ZCHROM0037,-10,-10,,-10,https://pdh-catalog.softr.app/reservations?prefill_Code_=ZCHROM0037,,,
ZCHROM0038,D201 WHITE SPIRIT KRAFT 1lit,0,"34,0",D201,ΧΡΩΜΑΤΑ,ΣΚΙΑΔΑΣ ΛΕΥΚΑΔΑ,,ZCHROM0038,34,34,,34,https://pdh-catalog.softr.app/reservations?prefill_Code_=ZCHROM0038,,,
ZCHROM0039,D201 WHITE SPIRIT KRAFT 375ml,3,,D201,ΧΡΩΜΑΤΑ,ΣΚΙΑΔΑΣ ΛΕΥΚΑΔΑ,,ZCHROM0039,0,0,,0,https://pdh-catalog.softr.app/reservations?prefill_Code_=ZCHROM0039,,,
ZCHROM0040,"D202 ΒΕΛΑΤΟΥΡΑ ΑΣΤΑΡΙ ΝΕΡΟΥ 2,5lit",24,,D202,ΧΡΩΜΑΤΑ,ΣΚΙΑΔΑΣ ΑΓΡΙΝΙΟ,,ZCHROM0040,0,0,,0,https://pdh-catalog.softr.app/reservations?prefill_Code_=ZCHROM0040,,,
ZCHROM0041,D202 METAL PRIMER GREY 750ml,0,"3,0",D202,ΧΡΩΜΑΤΑ,ΣΚΙΑΔΑΣ ΑΓΡΙΝΙΟ,,ZCHROM0041,3,3,,3,https://pdh-catalog.softr.app/reservations?prefill_Code_=ZCHROM0041,,,
ZCHROM0042,D202 METAL PRIMER  ΛΕΥΚΟ 750ml,5,,D202,ΧΡΩΜΑΤΑ,ΣΚΙΑΔΑΣ ΑΓΡΙΝΙΟ,,ZCHROM0042,-1,-1,,-1,https://pdh-catalog.softr.app/reservations?prefill_Code_=ZCHROM0042,,,
ZCHROM0043,"D202 ΡΙΠΟΥΛΙΝΗ PLATINUM  ΛΕΥΟ ΣΑΤΙΝΕ 2,5lit",29,,D202,ΧΡΩΜΑΤΑ,ΣΚΙΑΔΑΣ ΑΓΡΙΝΙΟ,,ZCHROM0043,0,0,,0,https://pdh-catalog.softr.app/reservations?prefill_Code_=ZCHROM0043,,,
ZCHROM0044,D202 ΡΙΠΟΥΛΙΝΗ ΝΕΡΟΥ AQUA VIT ΛΕΥΚΟ ΣΑΤΙΝΕ 750lit,11,,D202,ΧΡΩΜΑΤΑ,ΣΚΙΑΔΑΣ ΑΓΡΙΝΙΟ,,ZCHROM0044,0,0,,0,https://pdh-catalog.softr.app/reservations?prefill_Code_=ZCHROM0044,,,
ZCHROM0045,D202 TEAK OIL 750lit (ΛΑΔΙ ΕΜΠΟΤΙΣΜΟΥ),0,"13,0",D202,ΧΡΩΜΑΤΑ,ΣΚΙΑΔΑΣ ΑΓΡΙΝΙΟ,,ZCHROM0045,13,13,,13,https://pdh-catalog.softr.app/reservations?prefill_Code_=ZCHROM0045,,,
ZCHROM0046,D202 ΑΝΤΙΣΚΟΥΡΙΑΚΟ ΜΑΥΡΟ 750lit,0,,D202,ΧΡΩΜΑΤΑ,ΣΚΙΑΔΑΣ ΑΓΡΙΝΙΟ,,ZCHROM0046,0,0,,0,https://pdh-catalog.softr.app/reservations?prefill_Code_=ZCHROM0046,,,
ZCHROM0047,D202 ΑΦΡΟΣΤΟΚΟΣ KNAUF 4lit,0,,D202,ΧΡΩΜΑΤΑ,ΣΚΙΑΔΑΣ ΑΓΡΙΝΙΟ,,ZCHROM0047,0,0,,0,https://pdh-catalog.softr.app/reservations?prefill_Code_=ZCHROM0047,,,
ZCHROM0048,D202 ΧΑΛΑΖΙΑΚΟ ΑΣΤΑΡΙ VITEX 10lit,26,"-2,0",D202,ΧΡΩΜΑΤΑ,ΣΚΙΑΔΑΣ ΑΓΡΙΝΙΟ,,ZCHROM0048,-2,-2,,-2,https://pdh-catalog.softr.app/reservations?prefill_Code_=ZCHROM0048,,,
ZCHROM0049,D202 ΧΑΛΑΖΙΑΚΟ ΑΣΤΑΡΙ VITEX 3lit,0,,D202,ΧΡΩΜΑΤΑ,ΣΚΙΑΔΑΣ ΑΓΡΙΝΙΟ,,ZCHROM0049,0,0,,0,https://pdh-catalog.softr.app/reservations?prefill_Code_=ZCHROM0049,,,
ZCHROM0050,D202 T300 ΔΥΑΛΙΤΙΚΟ ΠΙΝΕΛΟΥ VITEX 5lit,2,"3,0",D202,ΧΡΩΜΑΤΑ,ΣΚΙΑΔΑΣ ΑΓΡΙΝΙΟ,,ZCHROM0050,-1,-1,,-1,https://pdh-catalog.softr.app/reservations?prefill_Code_=ZCHROM0050,,,
ZCHROM0051,D202 T300 ΔΥΑΛΙΤΙΚΟ ΠΙΝΕΛΟΥ VITEX  15lit,0,"3,0",D202,ΧΡΩΜΑΤΑ,ΣΚΙΑΔΑΣ ΑΓΡΙΝΙΟ,,ZCHROM0051,3,3,,3,https://pdh-catalog.softr.app/reservations?prefill_Code_=ZCHROM0051,,,
ZCHROM0052,D202 VIVECHROME ΔΥΑΛΙΤΙΚΟ ΠΙΣΤΟΛΙΟΥ 4lit,0,"3,0",D202,ΧΡΩΜΑΤΑ,ΣΚΙΑΔΑΣ ΑΓΡΙΝΙΟ,,ZCHROM0052,3,3,,3,https://pdh-catalog.softr.app/reservations?prefill_Code_=ZCHROM0052,,,
ZCHROM0053,D202 ΑΣΤΑΡΙ KNAUF  ΝΕΡΟΥ 15lit,0,"12,0",D202,ΧΡΩΜΑΤΑ,ΣΚΙΑΔΑΣ ΑΓΡΙΝΙΟ,,ZCHROM0053,12,12,,12,https://pdh-catalog.softr.app/reservations?prefill_Code_=ZCHROM0053,,,
ZCHROM0054,D203 ΒΕΛΑΤΟΥΡΑ ΛΕΥΚΟ 750ml,5,"6,0",D203,ΧΡΩΜΑΤΑ,ΓΚΕΣΟΥΛΗΣ,,ZCHROM0054,6,6,,6,https://pdh-catalog.softr.app/reservations?prefill_Code_=ZCHROM0054,,,
ZCHROM0055,"D203 ΒΕΛΑΤΟΥΡΑ ΛΕΥΚΟ 2,5lit",0,,D203,ΧΡΩΜΑΤΑ,ΓΚΕΣΟΥΛΗΣ,,ZCHROM0055,0,0,,0,https://pdh-catalog.softr.app/reservations?prefill_Code_=ZCHROM0055,,,
ZCHROM0056,"D203 ΡΙΠΟΥΛΙΝΗ ΝΕΡΟΥ 2,5lit",0,"3,0",D203,ΧΡΩΜΑΤΑ,ΓΚΕΣΟΥΛΗΣ,,ZCHROM0056,3,3,,3,https://pdh-catalog.softr.app/reservations?prefill_Code_=ZCHROM0056,,,
ZCHROM0057,D203 ΝΤΟΥΚΟΧΡΩΜΑ ΜΑΥΡΟ ΣΑΤΙΝΕ 750ml,0,"14,0",D203,ΧΡΩΜΑΤΑ,ΓΚΕΣΟΥΛΗΣ,,ZCHROM0057,14,14,,14,https://pdh-catalog.softr.app/reservations?prefill_Code_=ZCHROM0057,,,
ZCHROM0058,D203 ΝΤΟΥΚΟΧΡΩΜΑ ΛΕΥΚΟ  ΣΑΤΙΝΕ 750ml,7,"12,0",D203,ΧΡΩΜΑΤΑ,ΓΚΕΣΟΥΛΗΣ,,ZCHROM0058,12,12,,12,https://pdh-catalog.softr.app/reservations?prefill_Code_=ZCHROM0058,,,
ZCHROM0059,"D203 ΝΤΟΥΚΟΧΡΩΜΑ ΜΑΥΡΟ ΣΑΤΙΝΕ 2,5lit",0,"2,0",D203,ΧΡΩΜΑΤΑ,ΓΚΕΣΟΥΛΗΣ,,ZCHROM0059,2,2,,2,https://pdh-catalog.softr.app/reservations?prefill_Code_=ZCHROM0059,,,
ZCHROM0060,"D203 ΝΤΟΥΚΟΧΡΩΜΑ ΛΕΥΚΟ ΣΑΤΙΝΕ 2,5lit",20,"7,0",D203,ΧΡΩΜΑΤΑ,ΓΚΕΣΟΥΛΗΣ,,ZCHROM0060,7,7,,7,https://pdh-catalog.softr.app/reservations?prefill_Code_=ZCHROM0060,,,
ZCHROM0061,"D203 ΑΣΤΑΡΙ ΑΛΟΥΜΙΝΙΟΥ & ΓΑΛΒΑΝΙΖΕ 2,5lit",19,"1,0",D203,ΧΡΩΜΑΤΑ,ΓΚΕΣΟΥΛΗΣ,,ZCHROM0061,1,1,,1,https://pdh-catalog.softr.app/reservations?prefill_Code_=ZCHROM0061,,,
ZCHROM0062,"D203 ΑΣΤΑΡΙ ΜΕΤΑΛΛΩΝ ΛΕΥΚΟ 2,5lit",20,"3,0",D203,ΧΡΩΜΑΤΑ,ΓΚΕΣΟΥΛΗΣ,,ZCHROM0062,3,3,,3,https://pdh-catalog.softr.app/reservations?prefill_Code_=ZCHROM0062,,,
ZCHROM0063,D203 ΑΣΤΑΡΙ ΜΕΤΑΛΛΩΝ ΛΕΥΚΟ 750ml,7,"3,0",D203,ΧΡΩΜΑΤΑ,ΓΚΕΣΟΥΛΗΣ,,ZCHROM0063,-2,-2,,-2,https://pdh-catalog.softr.app/reservations?prefill_Code_=ZCHROM0063,,,
ZCHROM0064,D203 ΧΡΩΤΕΧ PRIME ΑΣΤΑΡΙ 3lit,12,"5,0",D203,ΧΡΩΜΑΤΑ,ΓΚΕΣΟΥΛΗΣ,,ZCHROM0064,1,1,,1,https://pdh-catalog.softr.app/reservations?prefill_Code_=ZCHROM0064,,,
ZCHROM0065,D203 ΧΡΩΤΕΧ PRIME ΑΣΤΑΡΙ 10lit,32,"-3,0",D203,ΧΡΩΜΑΤΑ,ΓΚΕΣΟΥΛΗΣ,,ZCHROM0065,-7,-7,,-7,https://pdh-catalog.softr.app/reservations?prefill_Code_=ZCHROM0065,,,
ZCHROM0066,D203 ΧΡΩΤΕΧ MOBILAC ΜΑΥΡΟ 750ml,0,,D203,ΧΡΩΜΑΤΑ,ΓΚΕΣΟΥΛΗΣ,,ZCHROM0066,0,0,,0,https://pdh-catalog.softr.app/reservations?prefill_Code_=ZCHROM0066,,,
ZCHROM0067,D203 ΧΡΩΤΕΧ MOBILAC ΛΕΥΚΟ ΜΑΤ  750ml,0,,D203,ΧΡΩΜΑΤΑ,ΓΚΕΣΟΥΛΗΣ,,ZCHROM0067,0,0,,0,https://pdh-catalog.softr.app/reservations?prefill_Code_=ZCHROM0067,,,
ZCHROM0068,D203 ΧΡΩΤΕΧ ADHEX ΑΣΤΑΡΙ ΠΡΟΕΡΓΑΣΙΑΣ ΜΕΤΑΛΛΩΝ Α 600ml,0,"5,0",D203,ΧΡΩΜΑΤΑ,ΓΚΕΣΟΥΛΗΣ,,ZCHROM0068,5,5,,5,https://pdh-catalog.softr.app/reservations?prefill_Code_=ZCHROM0068,,,
ZCHROM0069,D203 ΧΡΩΤΕΧ ADHEX ΑΣΤΑΡΙ ΠΡΟΕΡΓΑΣΙΑΣ ΜΕΤΑΛΛΩΝ B 150ml,0,"5,0",D203,ΧΡΩΜΑΤΑ,ΓΚΕΣΟΥΛΗΣ,,ZCHROM0069,5,5,,5,https://pdh-catalog.softr.app/reservations?prefill_Code_=ZCHROM0069,,,
ZCHROM0070,D203 ΧΡΩΤΕΧ ΒΕΡΝΙΚΙ ΘΑΛΑΣΣΗΣ 750ml,0,"-3,0",D203,ΧΡΩΜΑΤΑ,ΓΚΕΣΟΥΛΗΣ,,ZCHROM0070,-3,-3,,-3,https://pdh-catalog.softr.app/reservations?prefill_Code_=ZCHROM0070,,,
ZCHROM0071,D203 ΒΕΡΝΙΚΙ ΠΑΤΩΜΑΤΟΣ ER-LAC ΔΙΑΦΑΝΕΣ Α 1lit,0,"11,0",D203,ΧΡΩΜΑΤΑ,ΓΚΕΣΟΥΛΗΣ,,ZCHROM0071,11,11,,11,https://pdh-catalog.softr.app/reservations?prefill_Code_=ZCHROM0071,,,
ZCHROM0072,D203 ER-LAC ΣΚΛΗΡΥΝΤΗΣ Β 1lit,0,"11,0",D203,ΧΡΩΜΑΤΑ,ΓΚΕΣΟΥΛΗΣ,,ZCHROM0072,11,11,,11,https://pdh-catalog.softr.app/reservations?prefill_Code_=ZCHROM0072,,,
ZCHROM0073,D203 ΠΙΝΕΛΟ ΣΠΑΣΤΟ 2-1/2,0,"4,0",D203,ΧΡΩΜΑΤΑ,ΓΚΕΣΟΥΛΗΣ,,ZCHROM0073,4,4,,4,https://pdh-catalog.softr.app/reservations?prefill_Code_=ZCHROM0073,,,
ZCHROM0074,D203 ΒΑΣΕΙΣ ΡΟΛΟΥ ΒΑΦΗΣ,0,"23,0",D203,ΧΡΩΜΑΤΑ,ΓΚΕΣΟΥΛΗΣ,,ZCHROM0074,21,21,,21,https://pdh-catalog.softr.app/reservations?prefill_Code_=ZCHROM0074,,,
ZCHROM0075,D203 ΒΑΣΕΙΣ ΡΟΛΟΥ ΜΙΚΡΕΣ,0,"3,0",D203,ΧΡΩΜΑΤΑ,ΓΚΕΣΟΥΛΗΣ,,ZCHROM0075,3,3,,3,https://pdh-catalog.softr.app/reservations?prefill_Code_=ZCHROM0075,,,
ZCHROM0076,D203 ΡΟΛΟ ΒΑΦΗΣ ΧΩΡΙΣ ΒΑΣΗ 25cm,0,"5,0",D203,ΧΡΩΜΑΤΑ,ΓΚΕΣΟΥΛΗΣ,,ZCHROM0076,5,5,,5,https://pdh-catalog.softr.app/reservations?prefill_Code_=ZCHROM0076,,,
ZCHROM0077,"D203 ΠΙΝΕΛΟ ΒΑΦΗΣ Νο 1,5",2,"-14,0",D203,ΧΡΩΜΑΤΑ,ΓΚΕΣΟΥΛΗΣ,,ZCHROM0077,-14,-14,,-14,https://pdh-catalog.softr.app/reservations?prefill_Code_=ZCHROM0077,,,
ZCHROM0078,D203 ΡΟΛΑΚΙ ΒΑΦΗΣ ΜΙΚΡΟ 10cm,1,"47,0",D203,ΧΡΩΜΑΤΑ,ΓΚΕΣΟΥΛΗΣ,,ZCHROM0078,22,22,,22,https://pdh-catalog.softr.app/reservations?prefill_Code_=ZCHROM0078,,,
ZCHROM0079,D203 MICROFIBER No16 Φ30,3,"22,0",D203,ΧΡΩΜΑΤΑ,ΓΚΕΣΟΥΛΗΣ,,ZCHROM0079,22,22,,22,https://pdh-catalog.softr.app/reservations?prefill_Code_=ZCHROM0079,,,
ZCHROM0080,D203 ΑΝΤ/ΚΟ MICROFIBER 10cm,2,"283,0",D203,ΧΡΩΜΑΤΑ,ΓΚΕΣΟΥΛΗΣ,,ZCHROM0080,283,283,,283,https://pdh-catalog.softr.app/reservations?prefill_Code_=ZCHROM0080,,,
ZCHROM0081,D203 ΧΕΙΡΟΛΑΒΗ 16cm,1,,D203,ΧΡΩΜΑΤΑ,ΓΚΕΣΟΥΛΗΣ,,ZCHROM0081,0,0,,0,https://pdh-catalog.softr.app/reservations?prefill_Code_=ZCHROM0081,,,
ZCHROM0082,D203 ΧΕΙΡΟΛΑΒΗ ΓΙΑ 7cm & 10cm,1,"28,0",D203,ΧΡΩΜΑΤΑ,ΓΚΕΣΟΥΛΗΣ,,ZCHROM0082,28,28,,28,https://pdh-catalog.softr.app/reservations?prefill_Code_=ZCHROM0082,,,
ZCHROM0083,D203 CHARMER,13,,D203,ΧΡΩΜΑΤΑ,ΓΚΕΣΟΥΛΗΣ,,ZCHROM0083,0,0,,0,https://pdh-catalog.softr.app/reservations?prefill_Code_=ZCHROM0083,,,
ZCHROM0085,D203 ΚΟΝΤΑΡΟΠΙΝΕΛΑ Νο 2.5'',5,"7,0",D203,ΧΡΩΜΑΤΑ,ΓΚΕΣΟΥΛΗΣ,,ZCHROM0085,7,7,,7,https://pdh-catalog.softr.app/reservations?prefill_Code_=ZCHROM0085,,,
ZCHROM0086,D203 ISOMAT AK-T35 ΓΚΡΙ Σ25 GR,8,"49,0",D203,ΧΡΩΜΑΤΑ,ΓΚΕΣΟΥΛΗΣ,,ZCHROM0086,49,49,,49,https://pdh-catalog.softr.app/reservations?prefill_Code_=ZCHROM0086,,,
ZCHROM0087,D203 ISOMAT AK-T35 ΛΕΥΚΗ Σ25 GR,8,"-6,0",D203,ΧΡΩΜΑΤΑ,ΓΚΕΣΟΥΛΗΣ,,ZCHROM0087,-6,-6,,-6,https://pdh-catalog.softr.app/reservations?prefill_Code_=ZCHROM0087,,,
ZCHROM0088,D203 ΧΕΙΡΟΛΑΒΗ 5cm,1,,D203,ΧΡΩΜΑΤΑ,ΓΚΕΣΟΥΛΗΣ,,ZCHROM0088,0,0,,0,https://pdh-catalog.softr.app/reservations?prefill_Code_=ZCHROM0088,,,
ZCHROM0089,D203 AQUACHROM ECO SATINE 30 WHITE 2.5LIT,37,,D203,ΧΡΩΜΑΤΑ,ΓΚΕΣΟΥΛΗΣ,,ZCHROM0089,0,0,,0,https://pdh-catalog.softr.app/reservations?prefill_Code_=ZCHROM0089,,,
ZCHROM0090,D203 SIKADUR-31+ (AB) PI 6KG,72,"11,0",D203,ΧΡΩΜΑΤΑ,ΓΚΕΣΟΥΛΗΣ,,ZCHROM0090,5,5,,5,https://pdh-catalog.softr.app/reservations?prefill_Code_=ZCHROM0090,,,
ZCHROM0091,D203 SIKA FLOUR 3 QUARTZ TOP 25KG,15,"1183,0",D203,ΧΡΩΜΑΤΑ,ΓΚΕΣΟΥΛΗΣ,,ZCHROM0091,1171,1171,,1171,https://pdh-catalog.softr.app/reservations?prefill_Code_=ZCHROM0091,,,
ZCHROM0092,D203 SIKADUR COMBIFLEX SG-10 P200,200,"8,0",D203,ΧΡΩΜΑΤΑ,ΓΚΕΣΟΥΛΗΣ,,ZCHROM0092,6,6,,6,https://pdh-catalog.softr.app/reservations?prefill_Code_=ZCHROM0092,,,
ZCHROM0093,D203 KNAUF READY FIX 28kg,21,"9,0",D203,ΧΡΩΜΑΤΑ,ΓΚΕΣΟΥΛΗΣ,,ZCHROM0093,9,9,,9,https://pdh-catalog.softr.app/reservations?prefill_Code_=ZCHROM0093,,,
ZCHROM0094G,D203 SIKA FLEX FC11 GREY 600gr,0,"380,0",D203,ΧΡΩΜΑΤΑ,ΓΚΕΣΟΥΛΗΣ,,ZCHROM0094G,295,295,,295,https://pdh-catalog.softr.app/reservations?prefill_Code_=ZCHROM0094G,,,
ZCHROM0094W,D203 SIKA FLEX FC11 WHITE600gr,0,"139,0",D203,ΧΡΩΜΑΤΑ,ΓΚΕΣΟΥΛΗΣ,,ZCHROM0094W,107,107,,107,https://pdh-catalog.softr.app/reservations?prefill_Code_=ZCHROM0094W,,,
ZCHROM0099,D203 ROLLEX No180 Φ50 ΠΛΗΡΗ,23,"6,0",D203,ΧΡΩΜΑΤΑ,ΓΚΕΣΟΥΛΗΣ,,ZCHROM0099,6,6,,6,https://pdh-catalog.softr.app/reservations?prefill_Code_=ZCHROM0099,,,
ZCHROM0100,D203 ΠΙΝΕΛΟ ΛΕΥΚΗ ΤΡΙΧΑ Νο 1.5'',2,"33,0",D203,ΧΡΩΜΑΤΑ,ΓΚΕΣΟΥΛΗΣ,,ZCHROM0100,32,32,,32,https://pdh-catalog.softr.app/reservations?prefill_Code_=ZCHROM0100,,,
ZCHROM0101,D201 ΑΣΦΑΛΤΙΚΗ ΠΑΣΤΑ,5,"20,0",D201,ΧΡΩΜΑΤΑ,ΣΚΙΑΔΑΣ ΛΕΥΚΑΔΑ,,ZCHROM0101,20,20,,20,https://pdh-catalog.softr.app/reservations?prefill_Code_=ZCHROM0101,,,
ZCHROM0102,D201 ΛΟΥΚΑΝΙΚΟ,9,,D201,ΧΡΩΜΑΤΑ,ΣΚΙΑΔΑΣ ΛΕΥΚΑΔΑ,,ZCHROM0102,0,0,,0,https://pdh-catalog.softr.app/reservations?prefill_Code_=ZCHROM0102,,,
ZCHROM103,D203 SIKASIL ΣΙΛΙΚΟΝΗ ΔΙΑΦΑΝΗ,4,"24,0",D203,ΧΡΩΜΑΤΑ,ΓΚΕΣΟΥΛΗΣ,,ZCHROM103,24,24,,24,https://pdh-catalog.softr.app/reservations?prefill_Code_=ZCHROM103,,,
ZCHROM104,D203 VIVEMETAL SATIN 30 WHITE 2.5L,23,,D203,ΧΡΩΜΑΤΑ,ΓΚΕΣΟΥΛΗΣ,,ZCHROM104,0,0,,0,https://pdh-catalog.softr.app/reservations?prefill_Code_=ZCHROM104,,,
ZCHROM105,D203 VIVEMETAL SATIN 30 WHITE 750ml,9,,D203,ΧΡΩΜΑΤΑ,ΓΚΕΣΟΥΛΗΣ,,ZCHROM105,0,0,,0,https://pdh-catalog.softr.app/reservations?prefill_Code_=ZCHROM105,,,
ZCHROM106,D203 ΓΥΑΛΟΧΑΡΤΟ Φ125,0,"-30,0",D203,ΧΡΩΜΑΤΑ,ΓΚΕΣΟΥΛΗΣ,,ZCHROM106,-30,-30,,-30,https://pdh-catalog.softr.app/reservations?prefill_Code_=ZCHROM106,,,
ZCHROM107,D203 PRIMEX A-300 3lit,15,"28,0",D203,ΧΡΩΜΑΤΑ,ΓΚΕΣΟΥΛΗΣ,,ZCHROM107,28,28,,28,https://pdh-catalog.softr.app/reservations?prefill_Code_=ZCHROM107,,,
ZCHROM108,D203 PRIMEX A-300 10lit,42,"20,0",D203,ΧΡΩΜΑΤΑ,ΓΚΕΣΟΥΛΗΣ,,ZCHROM108,20,20,,20,https://pdh-catalog.softr.app/reservations?prefill_Code_=ZCHROM108,,,
ZCHROM115,D203 ΣΠΡΕΙ QUANTUM ΛΙΠΑΝΤΙΚΟ,0,,D203,ΧΡΩΜΑΤΑ,ΓΚΕΣΟΥΛΗΣ,,ZCHROM115,0,0,,0,https://pdh-catalog.softr.app/reservations?prefill_Code_=ZCHROM115,,,
ZCHROM116,D203 WD-40 SMART STRAW 450ml,0,,D203,ΧΡΩΜΑΤΑ,ΓΚΕΣΟΥΛΗΣ,,ZCHROM116,0,0,,0,https://pdh-catalog.softr.app/reservations?prefill_Code_=ZCHROM116,,,
ZCHROM117,D203 SIKACRYL UNIVERSAL PRO WHITE 300ml,0,"50,0",D203,ΧΡΩΜΑΤΑ,ΓΚΕΣΟΥΛΗΣ,,ZCHROM117,50,50,,50,https://pdh-catalog.softr.app/reservations?prefill_Code_=ZCHROM117,,,
ZCHROM118,D203 OPB 350 BASE C 1kg,9,,D203,ΧΡΩΜΑΤΑ,ΓΚΕΣΟΥΛΗΣ,,ZCHROM118,0,0,,0,https://pdh-catalog.softr.app/reservations?prefill_Code_=ZCHROM118,,,
ZCHROM207,D202 PELLACHROME MATT ΜΑΥΡΟ 750lit,0,,D202,ΧΡΩΜΑΤΑ,ΣΚΙΑΔΑΣ ΑΓΡΙΝΙΟ,,ZCHROM207,0,0,,0,https://pdh-catalog.softr.app/reservations?prefill_Code_=ZCHROM207,,,
ZCHROM900-20Y,D203 NEOPAL 10lit,37,"7,0",D203,ΧΡΩΜΑΤΑ,ΓΚΕΣΟΥΛΗΣ,,ZCHROM900-20Y,6,6,,6,https://pdh-catalog.softr.app/reservations?prefill_Code_=ZCHROM900-20Y,,,
ZCHROM910-10Y,D203 SUPER NEOPAL 10lit,0,"-3,0",D203,ΧΡΩΜΑΤΑ,ΓΚΕΣΟΥΛΗΣ,,ZCHROM910-10Y,-3,-3,,-3,https://pdh-catalog.softr.app/reservations?prefill_Code_=ZCHROM910-10Y,,,
ZCHROM910-10Y.1,D203 VIVECRYL ELASTIC 10L,0,"2,0",D203,ΧΡΩΜΑΤΑ,ΓΚΕΣΟΥΛΗΣ,,ZCHROM910-10Y.1,2,2,,2,https://pdh-catalog.softr.app/reservations?prefill_Code_=ZCHROM910-10Y.1,,,
ZCHROM20530YR,D203 VIVECRYL ELASTIC ECO BASE P 10LIT 205-30YR,58,,D203,ΧΡΩΜΑΤΑ,ΓΚΕΣΟΥΛΗΣ,,ZCHROM20530YR,0,0,,0,https://pdh-catalog.softr.app/reservations?prefill_Code_=ZCHROM20530YR,,,
ZCHROM20570YR,D202 ACRYLAN ELASTIC 10lit,0,,D202,ΧΡΩΜΑΤΑ,ΣΚΙΑΔΑΣ ΑΓΡΙΝΙΟ,,ZCHROM20570YR,0,0,,0,https://pdh-catalog.softr.app/reservations?prefill_Code_=ZCHROM20570YR,,,
ZCHROM21010YR,D202 VIVECRYL ELASTIC 10lit,58,,D202,ΧΡΩΜΑΤΑ,ΣΚΙΑΔΑΣ ΑΓΡΙΝΙΟ,,ZCHROM21010YR,0,0,,0,https://pdh-catalog.softr.app/reservations?prefill_Code_=ZCHROM21010YR,,,
ZCHROM21020YR,D202 ACRYLAN ELASTIC 10lit,0,,D202,ΧΡΩΜΑΤΑ,ΣΚΙΑΔΑΣ ΑΓΡΙΝΙΟ,,ZCHROM21020YR,0,0,,0,https://pdh-catalog.softr.app/reservations?prefill_Code_=ZCHROM21020YR,,,
ZCHROM21030YR,D202 ACRYLAN ELASTIC 10lit,0,,D202,ΧΡΩΜΑΤΑ,ΣΚΙΑΔΑΣ ΑΓΡΙΝΙΟ,,ZCHROM21030YR,0,0,,0,https://pdh-catalog.softr.app/reservations?prefill_Code_=ZCHROM21030YR,,,
ZCHROM24030YR,D202 VIVECRYL ELASTIC 10lit,0,,D202,ΧΡΩΜΑΤΑ,ΣΚΙΑΔΑΣ ΑΓΡΙΝΙΟ,,ZCHROM24030YR,0,0,,0,https://pdh-catalog.softr.app/reservations?prefill_Code_=ZCHROM24030YR,,,
ZCHROM24070YR,D203 VIVECRYL ELASTIC BASE 10L 210-70YR,0,"1,0",D203,ΧΡΩΜΑΤΑ,ΓΚΕΣΟΥΛΗΣ,,ZCHROM24070YR,1,1,,1,https://pdh-catalog.softr.app/reservations?prefill_Code_=ZCHROM24070YR,,,
ZCHROM90020Y,D202 VIVECRYL ELASTIC 10lit,0,"-1,0",D202,ΧΡΩΜΑΤΑ,ΣΚΙΑΔΑΣ ΑΓΡΙΝΙΟ,,ZCHROM90020Y,-1,-1,,-1,https://pdh-catalog.softr.app/reservations?prefill_Code_=ZCHROM90020Y,,,
ZCHROM90530Y,D202 ACRYLAN ELASTIC 10lit,0,,D202,ΧΡΩΜΑΤΑ,ΣΚΙΑΔΑΣ ΑΓΡΙΝΙΟ,,ZCHROM90530Y,0,0,,0,https://pdh-catalog.softr.app/reservations?prefill_Code_=ZCHROM90530Y,,,
ZCHROMCL82,D203 NEOPAL 10lit,37,"11,0",D203,ΧΡΩΜΑΤΑ,ΓΚΕΣΟΥΛΗΣ,,ZCHROMCL82,8,8,,8,https://pdh-catalog.softr.app/reservations?prefill_Code_=ZCHROMCL82,,,
ZCHROMCL82.1,D203 VIVECRYL ELASTIC 10L,0,"6,0",D203,ΧΡΩΜΑΤΑ,ΓΚΕΣΟΥΛΗΣ,,ZCHROMCL82.1,6,6,,6,https://pdh-catalog.softr.app/reservations?prefill_Code_=ZCHROMCL82.1,,,
ZCHROMCL85,D203 NEOPAL 10lit,37,"5,0",D203,ΧΡΩΜΑΤΑ,ΓΚΕΣΟΥΛΗΣ,,ZCHROMCL85,-18,-18,,-18,https://pdh-catalog.softr.app/reservations?prefill_Code_=ZCHROMCL85,,,
ZCHROMECO30,D203 SUPER NEOPAL ECO 30 WHITE 10L,37,"2,0",D203,ΧΡΩΜΑΤΑ,ΓΚΕΣΟΥΛΗΣ,,ZCHROMECO30,2,2,,2,https://pdh-catalog.softr.app/reservations?prefill_Code_=ZCHROMECO30,,,
ZCHROMECO9003,D203 VIVECRYL ELASTIC ECO RAL9003,0,,D203,ΧΡΩΜΑΤΑ,ΓΚΕΣΟΥΛΗΣ,,ZCHROMECO9003,0,0,,0,https://pdh-catalog.softr.app/reservations?prefill_Code_=ZCHROMECO9003,,,
ZCHROMECORAL8014,D203 SUPER NEOPAL ECO BASE RAL8014 9.7L,0,,D203,ΧΡΩΜΑΤΑ,ΓΚΕΣΟΥΛΗΣ,,ZCHROMECORAL8014,0,0,,0,https://pdh-catalog.softr.app/reservations?prefill_Code_=ZCHROMECORAL8014,,,
ZCHROMN0729,D203 TEAK OIL 750ml,0,,D203,ΧΡΩΜΑΤΑ,ΓΚΕΣΟΥΛΗΣ,,ZCHROMN0729,0,0,,0,https://pdh-catalog.softr.app/reservations?prefill_Code_=ZCHROMN0729,,,
ZCHROMP,D203 SUPER NEOPLA ECO BASE P 10L,37,"48,0",D203,ΧΡΩΜΑΤΑ,ΓΚΕΣΟΥΛΗΣ,,ZCHROMP,48,48,,48,https://pdh-catalog.softr.app/reservations?prefill_Code_=ZCHROMP,,,
ZCHROMPRIMER,D203 ML-PRIMER,39,,D203,ΧΡΩΜΑΤΑ,ΓΚΕΣΟΥΛΗΣ,,ZCHROMPRIMER,0,0,,0,https://pdh-catalog.softr.app/reservations?prefill_Code_=ZCHROMPRIMER,,,
ZCHROMRAL8014,D203 SUPER NEOPAL ECO BASE RAL8014 2.9L,0,,D203,ΧΡΩΜΑΤΑ,ΓΚΕΣΟΥΛΗΣ,,ZCHROMRAL8014,0,0,,0,https://pdh-catalog.softr.app/reservations?prefill_Code_=ZCHROMRAL8014,,,
ZCHROMRAL9003,D203 SUPER NEOPAL ECO BASE P 10LIT RAL9003,52,"2,0",D203,ΧΡΩΜΑΤΑ,ΓΚΕΣΟΥΛΗΣ,,ZCHROMRAL9003,2,2,,2,https://pdh-catalog.softr.app/reservations?prefill_Code_=ZCHROMRAL9003,,,
ZCHROMS86,D203 ΧΡΩΜΑ ΒΕΡΝΙΚΙ ER-LAC ΛΕΥΚΟ ΣΑΤΙΝΕ A  4lit,0,,D203,ΧΡΩΜΑΤΑ,ΓΚΕΣΟΥΛΗΣ,,ZCHROMS86,0,0,,0,https://pdh-catalog.softr.app/reservations?prefill_Code_=ZCHROMS86,,,
ZCHROMS86SKL,D203 ΧΡΩΜΑ ΒΕΡΝΙΚΙ ER- LAC ΣΚΛΥΡΗΝΤΗΣ Β  2lit,0,"4,0",D203,ΧΡΩΜΑΤΑ,ΓΚΕΣΟΥΛΗΣ,,ZCHROMS86SKL,4,4,,4,https://pdh-catalog.softr.app/reservations?prefill_Code_=ZCHROMS86SKL,,,
ZCHROMS1000-N,D203 VIVECRYL ELASTIC ECO BASE P 10LIT,52,"16,0",D203,ΧΡΩΜΑΤΑ,ΓΚΕΣΟΥΛΗΣ,,ZCHROMS1000-N,16,16,,16,https://pdh-catalog.softr.app/reservations?prefill_Code_=ZCHROMS1000-N,,,
ZCHROMVERN0001,D204 ΒΕΡΝΙΚΙ BONDEX 20lit,0,,D204,ΧΡΩΜΑΤΑ,ΣΤΑΥΡΑΚΑΣ,,ZCHROMVERN0001,0,0,,0,https://pdh-catalog.softr.app/reservations?prefill_Code_=ZCHROMVERN0001,,,
ZCHROMWHITE,D202 ACRYLAN ELASTIC 10lit,0,,D202,ΧΡΩΜΑΤΑ,ΣΚΙΑΔΑΣ ΑΓΡΙΝΙΟ,,ZCHROMWHITE,0,0,,0,https://pdh-catalog.softr.app/reservations?prefill_Code_=ZCHROMWHITE,,,
ZCHROMΝο55,D202 ΝΤΟΥΚΟΧΡΩΜΑ ΜΑΥΡΟ ΓΥΑΛΙΣΤΕΡΟ 750lit,0,,D202,ΧΡΩΜΑΤΑ,ΣΚΙΑΔΑΣ ΑΓΡΙΝΙΟ,,ZCHROMΝο55,0,0,,0,https://pdh-catalog.softr.app/reservations?prefill_Code_=ZCHROMΝο55,,,
ZCM22PWU,D198 ΣΕΤ ΔΙΑΚΟΠΤΩΝ,0,,D198,ΗΛΕΚΤΡΟΛΟΓΙΚΑ,ΗΛΕΚΤΡΟΛΟΓΙΚΑ,,ZCM22PWU,0,0,,0,https://pdh-catalog.softr.app/reservations?prefill_Code_=ZCM22PWU,,,
ZCM23SB-U,D198 ΣΕΤ ΠΡΙΖΩΝ,0,"18,0",D198,ΗΛΕΚΤΡΟΛΟΓΙΚΑ,ΗΛΕΚΤΡΟΛΟΓΙΚΑ,,ZCM23SB-U,18,18,,18,https://pdh-catalog.softr.app/reservations?prefill_Code_=ZCM23SB-U,,,
ZCN005,I151 ΑΤΣΑΛΟΚΑΡΦΑ 3.5Χ70ΜΜ,0,"800,0",I151,ΟΙΚΟΔΟΜΙΚΑ ΥΛΙΚΑ,ΟΙΚΟΔΟΜΙΚΑ ΥΛΙΚΑ,image.png (https://v5.airtableusercontent.com/v3/u/55/55/1785175200000/riA4Q9gKfIgTWNnv0-Ms4w/EIAtsgK1ufjquQQPZ1Fl4nZYZ4H3YYMZddKEi3TRMQOSlHixaKBXdV6T_9RDSlD591wrKyaGTsRBu6-E8Il6IWN43S-SSbZezsha9He7--HKaf1Q_GuyGSIz9YpvVVYbxVxDx8BEQE8_gXMzCVzpNg/neXuUB44ZWTsN0-SbQe7f5eHP8e-v85aTvqrdpJQhOQ),ZCN005,-6930,-6930,,-6930,https://pdh-catalog.softr.app/reservations?prefill_Code_=ZCN005,,,
ZCN007,I151 ΑΤΣΑΛΟΚΑΡΦΑ 3.5Χ70ΜΜ,0,"5800,0",I151,ΟΙΚΟΔΟΜΙΚΑ ΥΛΙΚΑ,ΟΙΚΟΔΟΜΙΚΑ ΥΛΙΚΑ,image.png (https://v5.airtableusercontent.com/v3/u/55/55/1785175200000/maO8buuOrt-6zIFab4VK_w/2SGekm1SXNDWAlOivJ-LoDHF_S5uyXpfK_b8w3g29D8nkuV1f6mWyQIVbGKu3-_yConQLzYasbWEGdzIHJgaBKNaVtmAkQgfr7z5RlHyTgmjXG1rDmQceppG8hQd8iqVoY7kMh27tMI7XmATz8jgXA/UOxG6d85xhFfIHLRNiqmGy7GEjdvsZdYmhH0S6HTx4k),ZCN007,2200,2200,,2200,https://pdh-catalog.softr.app/reservations?prefill_Code_=ZCN007,,,
ZCN1307AGREY,D209 ΚΑΝΑΛΙ 13Χ100,0,,D209,ΣΙΔΗΡΙΚΑ,ΣΙΑΓΚΡΗΣ,,ZCN1307AGREY,0,0,,0,https://pdh-catalog.softr.app/reservations?prefill_Code_=ZCN1307AGREY,,,
ZDB001,I140 ΑΠΟΣΤΡΑΓΓΙΣΤΙΚΗ ΜΕΜΒΡΑΝΗ 400gr/m2 2Χ20Μ/ROLL,10,"803,0",I140,ΟΙΚΟΔΟΜΙΚΑ ΥΛΙΚΑ,ΟΙΚΟΔΟΜΙΚΑ ΥΛΙΚΑ,image.png (https://v5.airtableusercontent.com/v3/u/55/55/1785175200000/alIOP7ZthHENfswLjl-phQ/gqSNZMS7Z75nOLgvnR7UbsN0logDYp148-whnmoCmGfuv4C3XyGLjPAXMZdboPTifdeKTkeq93PszqRmVkDlHt8kNKFPpBSL49OBEgTaBAr5_pdGYYdhj3LGlvzunxtjKWUR11_dN8SoUStjqgpKyg/dw5nbIPPTqwEhaa7nNQI2aOCqW_PxGM2yeWQEDA72mI),ZDB001,803,803,,803,https://pdh-catalog.softr.app/reservations?prefill_Code_=ZDB001,,,
ZDF001,I134 ΕΞΑΕΡΙΣΜΟΣ ΓΙΑ ΜΗΧΑΝΟΣΤΑΣΙΟ Φ100 220V,70,"30,0",I134,ΜΠΑΝΙΟ,ΜΠΑΝΙΟ,image.png (https://v5.airtableusercontent.com/v3/u/55/55/1785175200000/QwBacn3bGUF26O2koCQP0A/nrcbKYzRdlO6Co2Z7PRKxm7efa-byZhJhON59aCS_tk6tGI5ToAjp2WA3nK_7cf40Om7Lp9NkFtIV3TJEgNk1mUPHVubtMBfh0EELB92Sit_Ph6xuNGUfxre8FBQVRYTzB8MDLYZOLEE_cXyw6CwhA/VFOtuMPOd4KFHEigki-m5xSpYqkgSPejUKFsF7-E5yU),ZDF001,30,30,,30,https://pdh-catalog.softr.app/reservations?prefill_Code_=ZDF001,,,
ZDF002,D200 ΑΥΤΟΜΑΤΟ ΕΞΑΕΡΙΣΜΟΥ ΔΙΚΤΥΟΥ,7,,D200,ΧΡΩΜΑΤΑ,ΜΠΟΤΣΙΟΣ,,ZDF002,0,0,,0,https://pdh-catalog.softr.app/reservations?prefill_Code_=ZDF002,,,
ZDG8,I188 ΓΕΝΝΗΤΡΙΑ ΑΝΟΙΧΤΟΥ ΤΥΠΟΥ 8KVA ΜΟΝΟΦΑΣΙΚΗ 50HZ 220V ΜΕ ΠΕΤΡΕΛΑΙΟΚΙΝΗΤΗΡΑ,0,"2,0",I188,ΗΛΕΚΤΡΟΜΗΧ/ΚΟΣ ΕΞΟΠΛΙΣΜΟΣ,ΗΛΕΚΤΡΟΜΗΧ/ΚΟΣ ΕΞΟΠΛΙΣΜΟΣ,,ZDG8,2,2,,2,https://pdh-catalog.softr.app/reservations?prefill_Code_=ZDG8,,,
ZDG22,I166 ΓΕΝΝΗΤΡΙΑ ΚΛΕΙΣΤΟΥ ΤΥΠΟΥ 22KVA ΜΕ AVR ΤΡΙΦΑΣΙΚΗ 50Hz 400/230V ΜΕ ΠΕΤΡΕΛΑΙΟΚΙΝΗΤΗΡΑ,0,"3,0",I166,ΗΛΕΚΤΡΟΜΗΧ/ΚΟΣ ΕΞΟΠΛΙΣΜΟΣ,ΗΛΕΚΤΡΟΜΗΧ/ΚΟΣ ΕΞΟΠΛΙΣΜΟΣ,image.png (https://v5.airtableusercontent.com/v3/u/55/55/1785175200000/Y6w-A5q0GojSbf_IILmJZA/Le6SZLCbk2AAZ1kNMYb_sSZER8URanJlPM2PGDCZRCFeh3pFjqJgHU7J7C1m8ZkUJI2nYfqnd9-tl26ynOpgstvK22vQWXuIuCs3EGAfAZlyMDRnLtdX5XuQ4wCPPBDqiifGdQoFaDtH-zOBNURZtA/97TKhWYU44Ydz3vbmZbRloH2V9o0DbnwX07d19yYXig),ZDG22,3,3,,3,https://pdh-catalog.softr.app/reservations?prefill_Code_=ZDG22,,,
ZDG22AF,I166 ΦΙΛΤΡΟ ΑΕΡΑ ΓΕΝΝΗΤΡΙΑΣ DG22,0,"1,0",I166,ΗΛΕΚΤΡΟΜΗΧ/ΚΟΣ ΕΞΟΠΛΙΣΜΟΣ,ΗΛΕΚΤΡΟΜΗΧ/ΚΟΣ ΕΞΟΠΛΙΣΜΟΣ,,ZDG22AF,1,1,,1,https://pdh-catalog.softr.app/reservations?prefill_Code_=ZDG22AF,,,
ZDG22B,I166 ΙΜΑΝΤΑΣ ΓΕΝΝΗΤΡΙΑΣ DG22,0,"1,0",I166,ΗΛΕΚΤΡΟΜΗΧ/ΚΟΣ ΕΞΟΠΛΙΣΜΟΣ,ΗΛΕΚΤΡΟΜΗΧ/ΚΟΣ ΕΞΟΠΛΙΣΜΟΣ,,ZDG22B,1,1,,1,https://pdh-catalog.softr.app/reservations?prefill_Code_=ZDG22B,,,
ZDG22FF,I166 ΦΙΛΤΡΟ ΚΑΥΣΙΜΟΥ ΓΕΝΝΗΤΡΙΑΣ DG22,0,"1,0",I166,ΗΛΕΚΤΡΟΜΗΧ/ΚΟΣ ΕΞΟΠΛΙΣΜΟΣ,ΗΛΕΚΤΡΟΜΗΧ/ΚΟΣ ΕΞΟΠΛΙΣΜΟΣ,,ZDG22FF,1,1,,1,https://pdh-catalog.softr.app/reservations?prefill_Code_=ZDG22FF,,,
ZDG22OF,I166 ΦΙΛΤΡΟ ΛΑΔΙΟΥ ΓΕΝΝΗΤΡΙΑΣ DG22,0,"1,0",I166,ΗΛΕΚΤΡΟΜΗΧ/ΚΟΣ ΕΞΟΠΛΙΣΜΟΣ,ΗΛΕΚΤΡΟΜΗΧ/ΚΟΣ ΕΞΟΠΛΙΣΜΟΣ,,ZDG22OF,1,1,,1,https://pdh-catalog.softr.app/reservations?prefill_Code_=ZDG22OF,,,
ZDG75,"Ι188 ΓΕΝΝΗΤΡΙΑ ΑΝΟΙΧΤΟΥ ΤΥΠΟΥ 7,5KVA ΜΟΝΟΦΑΣΙΚΗ 50HZ 230V ΜΕ ΠΕΤΡΕΛΑΙΟΚΙΝΗΤΗΡΑ",1150,,Ι188,ΗΛΕΚΤΡΟΜΗΧ/ΚΟΣ ΕΞΟΠΛΙΣΜΟΣ,ΗΛΕΚΤΡΟΜΗΧ/ΚΟΣ ΕΞΟΠΛΙΣΜΟΣ,,ZDG75,0,0,,0,https://pdh-catalog.softr.app/reservations?prefill_Code_=ZDG75,,,
ZEF001,I134 ΕΞΑΕΡΙΣΤΗΡΑΣ WC Φ100,15,"78,0",I134,ΜΠΑΝΙΟ,ΜΠΑΝΙΟ,image.png (https://v5.airtableusercontent.com/v3/u/55/55/1785175200000/fRJswbW0Day-evkjCUiAJQ/ewsSTuj7cFrTO8b5PMhnE53OzfEXxmHvi6E0sDTEgicCrWAb6zforwm6OQ7S66YYVie6kztTCqM0tCDPkDosjwp4Hm4y8iRMpNze7W1oVCRKou0Zd8w5Sh8t6IN0D5euC4eaPJZCGcunQ8_-vOQp9A/B6Gai62DbO7s2vh85Cp2Orq708lvdg4GZ-oBTWWZo-g),ZEF001,72,72,,69,https://pdh-catalog.softr.app/reservations?prefill_Code_=ZEF001,,"ZEF001,ZEF001",
ZEHN011,D199 ΧΡΟΝ/ΠΤΗΣ ΑΝΑΛ.ΗΜΕΡ 230V HAGER-EHN,42,,D199,ΗΛΕΚΤΡΟΛΟΓΙΚΑ,ΗΛΕΚΤΡΟΛΟΓΙΚΑ,,ZEHN011,-1,-1,,-1,https://pdh-catalog.softr.app/reservations?prefill_Code_=ZEHN011,,,
ZEM11PW-U,D198 ΠΕΡΙΣΤΡΟΦΙΚΟΣ ΡΕΟΣΤΑΤΗΣ ΑΛΕΡΕΤΟΥΡ,0,"3,0",D198,ΗΛΕΚΤΡΟΛΟΓΙΚΑ,ΗΛΕΚΤΡΟΛΟΓΙΚΑ,,ZEM11PW-U,3,3,,3,https://pdh-catalog.softr.app/reservations?prefill_Code_=ZEM11PW-U,,,
ZEM12PWU,D198 ΠΕΡΙΣΤΡΟΦΙΚΟΣ ΡΟΟΣΤΑΤΗΣ ALERETOUR 3000W,0,"3,0",D198,ΗΛΕΚΤΡΟΛΟΓΙΚΑ,ΗΛΕΚΤΡΟΛΟΓΙΚΑ,,ZEM12PWU,3,3,,3,https://pdh-catalog.softr.app/reservations?prefill_Code_=ZEM12PWU,,,
ZEM13PWU,D198 ΠΕΡΙΣΤΡΟΦΙΚΟΣ ΡΟΟΣΤΑΤΗΣ ALERETOUR 60W,0,"1,0",D198,ΗΛΕΚΤΡΟΛΟΓΙΚΑ,ΗΛΕΚΤΡΟΛΟΓΙΚΑ,,ZEM13PWU,0,0,,0,https://pdh-catalog.softr.app/reservations?prefill_Code_=ZEM13PWU,,,
ZEM14PWU,D198 ΠΕΡΙΣΤΡΟΦΙΚΟΣ ΡΟΟΣΤΑΤΗΣ ALERETOUR,0,"4,0",D198,ΗΛΕΚΤΡΟΛΟΓΙΚΑ,ΗΛΕΚΤΡΟΛΟΓΙΚΑ,,ZEM14PWU,4,4,,4,https://pdh-catalog.softr.app/reservations?prefill_Code_=ZEM14PWU,,,
ZEM14SBU,D198 ΠΕΡΙΣΤΡΟΦΙΚΟΣ ΡΟΟΣΤΑΤΗΣ ALERETOUR,0,"4,0",D198,ΗΛΕΚΤΡΟΛΟΓΙΚΑ,ΗΛΕΚΤΡΟΛΟΓΙΚΑ,,ZEM14SBU,4,4,,4,https://pdh-catalog.softr.app/reservations?prefill_Code_=ZEM14SBU,,,
ZEM31PW-U,D198 ΔΙΑΚΟΠΤΗΣ IR,0,"2,0",D198,ΗΛΕΚΤΡΟΛΟΓΙΚΑ,ΗΛΕΚΤΡΟΛΟΓΙΚΑ,,ZEM31PW-U,2,2,,2,https://pdh-catalog.softr.app/reservations?prefill_Code_=ZEM31PW-U,,,
ZEM67PWU,D198 ΠΡΙΖΑ ΤΡΟΦΟΔΟΣΙΑΣ USB,0,,D198,ΗΛΕΚΤΡΟΛΟΓΙΚΑ,ΗΛΕΚΤΡΟΛΟΓΙΚΑ,,ZEM67PWU,0,0,,0,https://pdh-catalog.softr.app/reservations?prefill_Code_=ZEM67PWU,,,
ZEM68SBU,D198 ΠΡΙΖΑ ΤΡΟΦΟΔΟΣΙΑΣ USB,0,"2,0",D198,ΗΛΕΚΤΡΟΛΟΓΙΚΑ,ΗΛΕΚΤΡΟΛΟΓΙΚΑ,,ZEM68SBU,2,2,,2,https://pdh-catalog.softr.app/reservations?prefill_Code_=ZEM68SBU,,,
ZEPOXY03GREY,D201 ΕΠΟΞΕΙΔΙΚΟΣ ΑΡΜΟΣΤΟΚΟΣ ISOMAT MULTIFILL 3kg,0,"4,0",D201,ΧΡΩΜΑΤΑ,ΣΚΙΑΔΑΣ ΛΕΥΚΑΔΑ,,ZEPOXY03GREY,4,4,,4,https://pdh-catalog.softr.app/reservations?prefill_Code_=ZEPOXY03GREY,,,
ZEPOXY04GREYBLUE,D201 ΕΠΟΞΕΙΔΙΚΟΣ ΑΡΜΟΣΤΟΚΟΣ ISOMAT MULTIFILL 3kg,0,"3,0",D201,ΧΡΩΜΑΤΑ,ΣΚΙΑΔΑΣ ΛΕΥΚΑΔΑ,,ZEPOXY04GREYBLUE,2,2,,2,https://pdh-catalog.softr.app/reservations?prefill_Code_=ZEPOXY04GREYBLUE,,,
ZEPOXY10DARKGREY,D201 ΕΠΟΞΕΙΔΙΚΟΣ ΑΡΜΟΣΤΟΚΟΣ ISOMAT MULTIFILL 3kg,0,"14,0",D201,ΧΡΩΜΑΤΑ,ΣΚΙΑΔΑΣ ΛΕΥΚΑΔΑ,,ZEPOXY10DARKGREY,14,14,,14,https://pdh-catalog.softr.app/reservations?prefill_Code_=ZEPOXY10DARKGREY,,,
ZEPOXY11IVORY,D201 ΕΠΟΞΕΙΔΙΚΟΣ ΑΡΜΟΣΤΟΚΟΣ ISOMAT MULTIFILL 3kg,0,"5,0",D201,ΧΡΩΜΑΤΑ,ΣΚΙΑΔΑΣ ΛΕΥΚΑΔΑ,,ZEPOXY11IVORY,5,5,,5,https://pdh-catalog.softr.app/reservations?prefill_Code_=ZEPOXY11IVORY,,,
ZEPOXY15MANHTGREY,D201 ΕΠΟΞΕΙΔΙΚΟΣ ΑΡΜΟΣΤΟΚΟΣ ISOMAT MULTIFILL 3kg,0,"-1,0",D201,ΧΡΩΜΑΤΑ,ΣΚΙΑΔΑΣ ΛΕΥΚΑΔΑ,,ZEPOXY15MANHTGREY,-2,-2,,-2,https://pdh-catalog.softr.app/reservations?prefill_Code_=ZEPOXY15MANHTGREY,,,
ZEPOXY30GREYCEMENT,D201 ΕΠΟΞΕΙΔΙΚΟΣ ΑΡΜΟΣΤΟΚΟΣ ISOMAT MULTIFILL 3kg,0,"5,0",D201,ΧΡΩΜΑΤΑ,ΣΚΙΑΔΑΣ ΛΕΥΚΑΔΑ,,ZEPOXY30GREYCEMENT,3,3,,3,https://pdh-catalog.softr.app/reservations?prefill_Code_=ZEPOXY30GREYCEMENT,,,
ZEPOXYNo02GRIGLUCE,D200 ΕΠΟΞΕΙΔΙΚΟΣ ΣΤΟΚΟΣ ΠΛΑΚΙΔΙΩΝ KERAKOLL 3 kg,0,"7,0",D200,ΧΡΩΜΑΤΑ,ΜΠΟΤΣΙΟΣ,,ZEPOXYNo02GRIGLUCE,7,7,,7,https://pdh-catalog.softr.app/reservations?prefill_Code_=ZEPOXYNo02GRIGLUCE,,,
ZEPOXYNo3GREY,D201 ΕΠΟΞΕΙΔΙΚΟΣ ΑΡΜΟΣΤΟΚΟΣ ISOMAT MULTIFILL 3kg,0,,D201,ΧΡΩΜΑΤΑ,ΣΚΙΑΔΑΣ ΛΕΥΚΑΔΑ,,ZEPOXYNo3GREY,-3,-3,,-3,https://pdh-catalog.softr.app/reservations?prefill_Code_=ZEPOXYNo3GREY,,,
ZEPOXYNo03GRIGPERLA,D200 ΕΠΟΞΕΙΔΙΚΟΣ ΣΤΟΚΟΣ ΠΛΑΚΙΔΙΩΝ KERAKOLL 3 kg,0,"19,0",D200,ΧΡΩΜΑΤΑ,ΜΠΟΤΣΙΟΣ,,ZEPOXYNo03GRIGPERLA,19,19,,19,https://pdh-catalog.softr.app/reservations?prefill_Code_=ZEPOXYNo03GRIGPERLA,,,
ZEPOXYNo05ANTRACITE,D200 ΕΠΟΞΕΙΔΙΚΟΣ ΣΤΟΚΟΣ ΠΛΑΚΙΔΙΩΝ KERAKOLL 3 kg,0,"7,0",D200,ΧΡΩΜΑΤΑ,ΜΠΟΤΣΙΟΣ,,ZEPOXYNo05ANTRACITE,7,7,,7,https://pdh-catalog.softr.app/reservations?prefill_Code_=ZEPOXYNo05ANTRACITE,,,
ZEPOXYNo07JASMINE,D200 ΕΠΟΞΕΙΔΙΚΟΣ ΣΤΟΚΟΣ ΠΛΑΚΙΔΙΩΝ KERAKOLL 3kg,0,"4,0",D200,ΧΡΩΜΑΤΑ,ΜΠΟΤΣΙΟΣ,,ZEPOXYNo07JASMINE,4,4,,4,https://pdh-catalog.softr.app/reservations?prefill_Code_=ZEPOXYNo07JASMINE,,,
ZEPOXYNo08BAHAMABEIGE,D200 ΕΠΟΞΕΙΔΙΚΟΣ ΣΤΟΚΟΣ ΠΛΑΚΙΔΙΩΝ KERAKOLL 3 kg,0,,D200,ΧΡΩΜΑΤΑ,ΜΠΟΤΣΙΟΣ,,ZEPOXYNo08BAHAMABEIGE,0,0,,0,https://pdh-catalog.softr.app/reservations?prefill_Code_=ZEPOXYNo08BAHAMABEIGE,,,
ZEPOXYNo44CEMENTO,D200 ΕΠΟΞΕΙΔΙΚΟΣ ΣΤΟΚΟΣ ΠΛΑΚΙΔΙΩΝ KERAKOLL 3 kg,0,"11,0",D200,ΧΡΩΜΑΤΑ,ΜΠΟΤΣΙΟΣ,,ZEPOXYNo44CEMENTO,11,11,,11,https://pdh-catalog.softr.app/reservations?prefill_Code_=ZEPOXYNo44CEMENTO,,,
ZEPOXYNo45LIMESTONE,D200 ΕΠΟΞΕΙΔΙΚΟΣ ΣΤΟΚΟΣ ΠΛΑΚΙΔΙΩΝ KERAKOLL 3 kg,0,"10,0",D200,ΧΡΩΜΑΤΑ,ΜΠΟΤΣΙΟΣ,,ZEPOXYNo45LIMESTONE,10,10,,10,https://pdh-catalog.softr.app/reservations?prefill_Code_=ZEPOXYNo45LIMESTONE,,,
ZEPOXYNo46AVORIO,D200 ΕΠΟΞΕΙΔΙΚΟΣ ΣΤΟΚΟΣ ΠΛΑΚΙΔΙΩΝ KERAKOLL 3 kg,0,"4,0",D200,ΧΡΩΜΑΤΑ,ΜΠΟΤΣΙΟΣ,,ZEPOXYNo46AVORIO,4,4,,4,https://pdh-catalog.softr.app/reservations?prefill_Code_=ZEPOXYNo46AVORIO,,,
ZEPOXYNo50PERGAMON,D200 ΕΠΟΞΕΙΔΙΚΟΣ ΣΤΟΚΟΣ ΠΛΑΚΙΔΙΩΝ KERAKOLL 3 kg,0,"1,0",D200,ΧΡΩΜΑΤΑ,ΜΠΟΤΣΙΟΣ,,ZEPOXYNo50PERGAMON,1,1,,1,https://pdh-catalog.softr.app/reservations?prefill_Code_=ZEPOXYNo50PERGAMON,,,
ZEPOXYNo51SILVER,D200 ΕΠΟΞΕΙΔΙΚΟΣ ΣΤΟΚΟΣ ΠΛΑΚΙΔΙΩΝ KERAKOLL 3 kg,13,"9,0",D200,ΧΡΩΜΑΤΑ,ΜΠΟΤΣΙΟΣ,,ZEPOXYNo51SILVER,9,9,,9,https://pdh-catalog.softr.app/reservations?prefill_Code_=ZEPOXYNo51SILVER,,,
ZEPOXYNo52TORTORA,D200 ΕΠΟΞΕΙΔΙΚΟΣ ΣΤΟΚΟΣ ΠΛΑΚΙΔΙΩΝ KERAKOLL 3 kg,0,"5,0",D200,ΧΡΩΜΑΤΑ,ΜΠΟΤΣΙΟΣ,,ZEPOXYNo52TORTORA,5,5,,5,https://pdh-catalog.softr.app/reservations?prefill_Code_=ZEPOXYNo52TORTORA,,,
ZEPOXYΝο3GREY,D201 ΑΡΜΟΣΤΟΚΟΣ ISOMAT MULTIFILL ΑΠΛΟΣ 5kg,0,,D201,ΧΡΩΜΑΤΑ,ΣΚΙΑΔΑΣ ΛΕΥΚΑΔΑ,,ZEPOXYΝο3GREY,0,0,,0,https://pdh-catalog.softr.app/reservations?prefill_Code_=ZEPOXYΝο3GREY,,,
ZEPOXYΝο4GREYBLUE,D201 ΑΡΜΟΣΤΟΚΟΣ ISOMAT MULTIFILL ΑΠΛΟΣ 5kg,0,,D201,ΧΡΩΜΑΤΑ,ΣΚΙΑΔΑΣ ΛΕΥΚΑΔΑ,,ZEPOXYΝο4GREYBLUE,0,0,,0,https://pdh-catalog.softr.app/reservations?prefill_Code_=ZEPOXYΝο4GREYBLUE,,,
ZEPOXYΝο5LIGHTGREY,D201 ΑΡΜΟΣΤΟΚΟΣ ISOMAT MULTIFILL ΑΠΛΟΣ 2kg,0,,D201,ΧΡΩΜΑΤΑ,ΣΚΙΑΔΑΣ ΛΕΥΚΑΔΑ,,ZEPOXYΝο5LIGHTGREY,0,0,,0,https://pdh-catalog.softr.app/reservations?prefill_Code_=ZEPOXYΝο5LIGHTGREY,,,
ZEPOXYΝο8BROWN,D201 ΑΡΜΟΣΤΟΚΟΣ ISOMAT MULTIFILL ΑΠΛΟΣ 5kg,0,,D201,ΧΡΩΜΑΤΑ,ΣΚΙΑΔΑΣ ΛΕΥΚΑΔΑ,,ZEPOXYΝο8BROWN,0,0,,0,https://pdh-catalog.softr.app/reservations?prefill_Code_=ZEPOXYΝο8BROWN,,,
ZEPOXYΝο10DARKGREY,D201 ΑΡΜΟΣΤΟΚΟΣ ISOMAT MULTIFILL ΑΠΛΟΣ 5kg,0,,D201,ΧΡΩΜΑΤΑ,ΣΚΙΑΔΑΣ ΛΕΥΚΑΔΑ,,ZEPOXYΝο10DARKGREY,0,0,,0,https://pdh-catalog.softr.app/reservations?prefill_Code_=ZEPOXYΝο10DARKGREY,,,
ZEPOXYΝο11IVORY,D201 ΑΡΜΟΣΤΟΚΟΣ ISOMAT MULTIFILL ΑΠΛΟΣ 5kg,0,,D201,ΧΡΩΜΑΤΑ,ΣΚΙΑΔΑΣ ΛΕΥΚΑΔΑ,,ZEPOXYΝο11IVORY,0,0,,0,https://pdh-catalog.softr.app/reservations?prefill_Code_=ZEPOXYΝο11IVORY,,,
ZEPOXYΝο15MANHTGREY,D201 ΑΡΜΟΣΤΟΚΟΣ ISOMAT MULTIFILL ΑΠΛΟΣ 5kg,0,,D201,ΧΡΩΜΑΤΑ,ΣΚΙΑΔΑΣ ΛΕΥΚΑΔΑ,,ZEPOXYΝο15MANHTGREY,0,0,,0,https://pdh-catalog.softr.app/reservations?prefill_Code_=ZEPOXYΝο15MANHTGREY,,,
ZEPOXYΝο17ANEMON,D201 ΑΡΜΟΣΤΟΚΟΣ ISOMAT MULTIFILL ΑΠΛΟΣ 5kg,0,,D201,ΧΡΩΜΑΤΑ,ΣΚΙΑΔΑΣ ΛΕΥΚΑΔΑ,,ZEPOXYΝο17ANEMON,0,0,,0,https://pdh-catalog.softr.app/reservations?prefill_Code_=ZEPOXYΝο17ANEMON,,,
ZEPOXYΝο29GREYSILVER,D201 ΑΡΜΟΣΤΟΚΟΣ ISOMAT MULTIFILL ΑΠΛΟΣ 5kg,0,,D201,ΧΡΩΜΑΤΑ,ΣΚΙΑΔΑΣ ΛΕΥΚΑΔΑ,,ZEPOXYΝο29GREYSILVER,0,0,,0,https://pdh-catalog.softr.app/reservations?prefill_Code_=ZEPOXYΝο29GREYSILVER,,,
ZEPOXYΝο30GREYCEMENT,D201 ΕΠΟΞΕΙΔΙΚΟΣ ΑΡΜΟΣΤΟΚΟΣ ISOMAT MULTIFILL 3kg,0,,D201,ΧΡΩΜΑΤΑ,ΣΚΙΑΔΑΣ ΛΕΥΚΑΔΑ,,ZEPOXYΝο30GREYCEMENT,0,0,,0,https://pdh-catalog.softr.app/reservations?prefill_Code_=ZEPOXYΝο30GREYCEMENT,,,
ZEV001,I170 ΦΟΡΤΙΣΤΗΣ ΜΠΑΤΑΡΙΑΣ ΗΛΕΚΤΡΙΚΟΥ ΑΥΤΟΚΙΝΗΤΟΥ ΕΠΙΤΟΙΧΟ ΜΕ 5Μ ΚΑΛΩΔΙΟ 7KW,0,"3,0",I170,ΗΛΕΚΤΡΟΜΗΧ/ΚΟΣ ΕΞΟΠΛΙΣΜΟΣ,ΗΛΕΚΤΡΟΜΗΧ/ΚΟΣ ΕΞΟΠΛΙΣΜΟΣ,image.png (https://v5.airtableusercontent.com/v3/u/55/55/1785175200000/5tt98WH6acAGBEayD1EzwA/1WPgonMUaOypsFtJ1jpe6eyxOqxg1ARXLwF2A3YGjgMGrEkJjHTNh7GuLZNBFZWyA1uoAjvac61BzmKjWgXkiXj2_WXll_ugqEkm74i9mH7ERa-MngAyio6Gvl8Qb80Lga2UGP0tkOIV2tKQUrsMuw/Wdzj2fFOq1QlZjNi6MrAGDgZJdOamEwsDV6tpcJvgEY),ZEV001,3,3,,3,https://pdh-catalog.softr.app/reservations?prefill_Code_=ZEV001,,,
ZEV002,I170 ΦΟΡΤΙΣΤΗΣ ΜΠΑΤΑΡΙΑΣ ΗΛΕΚΤΡΙΚΟΥ ΑΥΤΟΚΙΝΗΤΟΥ ΣΕ ΣΤΗΛΗ ΜΕ 5Μ ΚΑΛΩΔΙΟ 7KW,0,"2,0",I170,ΗΛΕΚΤΡΟΜΗΧ/ΚΟΣ ΕΞΟΠΛΙΣΜΟΣ,ΗΛΕΚΤΡΟΜΗΧ/ΚΟΣ ΕΞΟΠΛΙΣΜΟΣ,image.png (https://v5.airtableusercontent.com/v3/u/55/55/1785175200000/I01X5l9BX22JF0_2smnIiA/d4B2apKo75sfrAFsEnEbhEa9EnSm1lhZFciYOEDE6LjlD-KKtRseKfLeOqI40yxCwlDwJwGO-WIEYN7lBC69LdDo36STBT7Mi875hrKtdGT7WbE10icu69V9JEZe3u6JpIZzCrKOhMqcGBzfgUaFKw/j6OAF5YXtpuzrNbrwsfxe-mlrDmnWPAkpTfGaHNPszs),ZEV002,2,2,,2,https://pdh-catalog.softr.app/reservations?prefill_Code_=ZEV002,,,
ZEV003,I170 ΦΟΡΤΙΣΤΗΣ ΜΠΑΤΑΡΙΑΣ ΗΛΕΚΤΡΙΚΟΥ ΑΥΤΟΚΙΝΗΤΟΥ ΕΠΙΤΟΙΧΟ ΜΕ 5Μ ΚΑΛΩΔΙΟ 22KW,0,"1,0",I170,ΗΛΕΚΤΡΟΜΗΧ/ΚΟΣ ΕΞΟΠΛΙΣΜΟΣ,ΗΛΕΚΤΡΟΜΗΧ/ΚΟΣ ΕΞΟΠΛΙΣΜΟΣ,image.png (https://v5.airtableusercontent.com/v3/u/55/55/1785175200000/BMe0wx1jlPwIz9UGax0PTg/_bl4EMkUSYuIonzvyXsH5jAroyrADpzbg1pQ2CrNQd40_OX_hM6PEj1T3lYIRvImQ7YOI-t_RbT6KmQlpkkz1YOY-cCcgkyk7LPf-Zv_Edxy33IzieDx5TlYmGDFElQHBoEyojpy-m217o2oj2glOQ/jg5n3q1AEi_OIQkNL7uxC_ppg4bm2FftBYTsDfk2ZrM),ZEV003,1,1,,1,https://pdh-catalog.softr.app/reservations?prefill_Code_=ZEV003,,,
ZEV004,I192 ΦΟΡΤΙΣΤΗΣ ΜΠΑΤΑΡΙΑΣ ΗΛΕΚΤΡΙΚΟΥ ΑΥΤΟΚΙΝΗΤΟΥ ΕΠΙΤΟΙΧΟ ΜΕ 5Μ ΚΑΛΩΔΙΟ 11KW,0,,I192,ΗΛΕΚΤΡΟΜΗΧ/ΚΟΣ ΕΞΟΠΛΙΣΜΟΣ,ΗΛΕΚΤΡΟΜΗΧ/ΚΟΣ ΕΞΟΠΛΙΣΜΟΣ,image.png (https://v5.airtableusercontent.com/v3/u/55/55/1785175200000/HO5DtKBd9Vcg_XzOB_pwDA/u0lqdj1ztzm4IahN5w9KCNjJ-TcAiNxpp_l8zLFbUQtFvn-qPZk3t4Pq_Krs2rLwePv18Boxc5WpHHofCrle66kd9dvscGjLyQEYxFRW1LEV_Qm0nHTIgKOt3eOAe2qeFwBLoSZ-5xVCvBrjAEcSkw/dBfXpMFGRynnKSCFn24Yfpzs6kTi2AEaCIrinCiCxBA),ZEV004,0,0,,0,https://pdh-catalog.softr.app/reservations?prefill_Code_=ZEV004,,,
ZEV11,I192 ΦΟΡΤΙΣΤΗΣ ΜΠΑΤΑΡΙΑΣ ΗΛΕΚΤΡΙΚΟΥ ΑΥΤΟΚΙΝΗΤΟΥ ΕΠΙΤΟΙΧΟ ΜΕ 5Μ ΚΑΛΩΔΙΟ 11KW,1475,"4,0",I192,ΗΛΕΚΤΡΟΜΗΧ/ΚΟΣ ΕΞΟΠΛΙΣΜΟΣ,ΗΛΕΚΤΡΟΜΗΧ/ΚΟΣ ΕΞΟΠΛΙΣΜΟΣ,image.png (https://v5.airtableusercontent.com/v3/u/55/55/1785175200000/lngixcPImZdV4LocWeK53w/pNycdVMij3hbxGVw2UgmlI__I8uHkeEwNiWVfxgatQLPPHFgjvJ-8rzFNHkWykL8STEo2kPBWHYjqmtp_cFsZ7JsN57oXs3pkIAtRxnDFQ7oKQM4452i7ZRWf8KUAVFQjVKX6iyK5etCUtmNy6q5RA/A6tTJo2odc0ubUNV_orCJqw-E2zM8UJcKj4O_yScVIk),ZEV11,4,4,,4,https://pdh-catalog.softr.app/reservations?prefill_Code_=ZEV11,,,
ZEXITIP42,D199 ΦΩΤΙΣΤΙΚΟ ΕΞΟΔΟΥ ΚΙΝΔΥΝΟΥ EXIT IP42,0,"3,0",D199,ΗΛΕΚΤΡΟΛΟΓΙΚΑ,ΗΛΕΚΤΡΟΛΟΓΙΚΑ,,ZEXITIP42,3,3,,3,https://pdh-catalog.softr.app/reservations?prefill_Code_=ZEXITIP42,,,
ZFREAT001,D209 ΕΠΙΓΕΜΙΖΟΜΕΝΟ ΚΑΠΑΚΙ ΑΛΟΥΜΙΝΙΟΥ ΦΡΕΑΤΙΟΥ 30Χ30,0,"1,0",D209,ΣΙΔΗΡΙΚΑ,ΣΙΑΓΚΡΗΣ,,ZFREAT001,1,1,,1,https://pdh-catalog.softr.app/reservations?prefill_Code_=ZFREAT001,,,
ZFREAT002,D209 ΕΠΙΓΕΜΙΖΟΜΕΝΟ ΚΑΠΑΚΙ ΑΛΟΥΜΙΝΙΟΥ ΦΡΕΑΤΙΟΥ 25Χ25,0,"13,0",D209,ΣΙΔΗΡΙΚΑ,ΣΙΑΓΚΡΗΣ,,ZFREAT002,11,11,,11,https://pdh-catalog.softr.app/reservations?prefill_Code_=ZFREAT002,,,
ZFREAT003,D209 ΕΠΙΓΕΜΙΖΟΜΕΝΟ ΚΑΠΑΚΙ ΑΛΟΥΜΙΝΙΟΥ ΦΡΕΑΤΙΟΥ 60Χ60,0,"2,0",D209,ΣΙΔΗΡΙΚΑ,ΣΙΑΓΚΡΗΣ,,ZFREAT003,2,2,,2,https://pdh-catalog.softr.app/reservations?prefill_Code_=ZFREAT003,,,
ZFREAT004,D209 ΕΠΙΓΕΜΙΖΟΜΕΝΟ ΚΑΠΑΚΙ ΑΛΟΥΜΙΝΙΟΥ ΦΡΕΑΤΙΟΥ 80Χ80,171,"5,0",D209,ΣΙΔΗΡΙΚΑ,ΣΙΑΓΚΡΗΣ,,ZFREAT004,5,5,,5,https://pdh-catalog.softr.app/reservations?prefill_Code_=ZFREAT004,,,
ZFREAT005,D209 ΕΠΙΓΕΜΙΖΟΜΕΝΟ ΚΑΠΑΚΙ ΑΛΟΥΜΙΝΙΟΥ ΦΡΕΑΤΙΟΥ 100Χ100,284,"4,0",D209,ΣΙΔΗΡΙΚΑ,ΣΙΑΓΚΡΗΣ,,ZFREAT005,4,4,,4,https://pdh-catalog.softr.app/reservations?prefill_Code_=ZFREAT005,,,
ZGB001,"I145 ΓΑΛΒΑΝΙΖΕ ΠΛΕΓΜΑ ΕΓΚΙΒΩΤΙΣΜΟΥ ΕΞΩΤΕΡΙΚΕΣ ΔΙΑΣΤΑΣΕΙΣ: 200Χ45Χ150CM, ΕΞΩΤΕΡΙΚΕΣ ΔΙΑΣΤΑΣΕΙΣ: 180Χ25Χ150CM, ΔΙΑΣΤΑΣΕΙΣ ΒΑΣΗΣ: 200Χ45CM, ΟΠΕΣ ΠΛΕΓΜΑΤΟΣ: 5Χ5CM, ΔΙΑΜΕΤΡΟΣ ΠΛΕΓΜΑΤΟΣ: 4ΜΜ",0,"10,0",I145,ΟΙΚΟΔΟΜΙΚΑ ΥΛΙΚΑ,ΟΙΚΟΔΟΜΙΚΑ ΥΛΙΚΑ,image.png (https://v5.airtableusercontent.com/v3/u/55/55/1785175200000/MI8xXMqXwpXD9TRcU33LXQ/PFsEvb1XHQ2LRwEwIA0Z0StBHlMPs7rf0Zht8vaBoMVaYlJ_uFenFJ5DpzNMRwhV4ehjRclZieZWFSM8h2cmkr0zVaaPOzV_dxMWU6tSq4SLyL_WI9koMABvUGobLGPTPiTjrmcTgNNDhgTnW19tlw/U_ysKlayZpa74r1yih9NDuf29PCasobj3DmV3akhchA),ZGB001,10,10,,10,https://pdh-catalog.softr.app/reservations?prefill_Code_=ZGB001,,,
ZGE001,I140 ΓΕΩΥΦΑΣΜΑ 200gr/m2 2Χ100Μ/ROLL,0,,I140,ΟΙΚΟΔΟΜΙΚΑ ΥΛΙΚΑ,ΟΙΚΟΔΟΜΙΚΑ ΥΛΙΚΑ,image.png (https://v5.airtableusercontent.com/v3/u/55/55/1785175200000/nDVhbcLiQE8oPLecweV6AQ/xbcaDRngEx-vTzBJYaILgM3bx-OO_Ve2rjbOKwXZKhwfAr60BSo8RYYBcZZ8ODpb0TXKn5z1t7Ns-i9icOnrD30NU1GwpYlRIbuHfw2mOU90X4BdcuN3lb7Bsk_MrgUIkNI_44XvwUzXl4TcBAmXeQ/6CNpnrvNGMFeldKLKLO0uGfYM6eSzFO5A_u9Jz7HX9s),ZGE001,0,0,,0,https://pdh-catalog.softr.app/reservations?prefill_Code_=ZGE001,,,
ZGL001,I196 ΓΑΝΤΙΑ ΕΡΓΑΣΙΑΣ,1,"328,0",I196,ΕΡΓΑΛΕΙΑ,ΕΡΓΑΛΕΙΑ,image259.png (https://v5.airtableusercontent.com/v3/u/55/55/1785175200000/AqvH06WVEbBrCiAO2BiXZw/g8n2D5gM42spEThbUg_bIu51Xs7nphyxDjd-GbgsfBUgWBWKiDmMupenkoYr7gsU5CcNLLsQxCZYAuxmGNGzlxHz4B-dpi1SRXueMF_Swy-Yj0a7-TKbWGAuA4bemcrYppWOp0Kk01PGR-SXmcj_0xMzUjDfeL9ju3D3iQezgeQ/plZ9l6b8O8VyD30yPcuvIbdkXLhHnZ5w8MUy45L7i0M),ZGL001,328,328,,328,https://pdh-catalog.softr.app/reservations?prefill_Code_=ZGL001,,,
ZHDR001,I196 ΑΡΙΔΑ 6Χ160ΜΜ,1,"270,0",I196,ΕΡΓΑΛΕΙΑ,ΕΡΓΑΛΕΙΑ,image178.png (https://v5.airtableusercontent.com/v3/u/55/55/1785175200000/TRh81MUAeBYEIl0Rv6f8_w/MFfeHCD1RbgY1RNoyKrYPWZ8PvdVEJICjZrMNBsI5RtpAlR-UScoi1VGADHbpRfn7eIfAE6aBv7uqo9zva19vPLlfWV31kKs7b0GbWaJlOIPhRr51wPafNnA6SisQbKnHh8EErS9HvMsOOdUSmgI8plZFOudd87pL7e7dtwl10g/RGjSPbO8qyNFAPrktrJ7k6otS-RwSjqsLQ3aQTcim7Y),ZHDR001,270,270,,270,https://pdh-catalog.softr.app/reservations?prefill_Code_=ZHDR001,,,
ZHDR002,I196 ΑΡΙΔΑ 8Χ160ΜΜ,1,"270,0",I196,ΕΡΓΑΛΕΙΑ,ΕΡΓΑΛΕΙΑ,image179.png (https://v5.airtableusercontent.com/v3/u/55/55/1785175200000/WOyAaMasZ1rb3_dvUamfzQ/rMP9ZIOs5o5B8wU3kvT_qc78pEgya9-zhl2xRWLd8DvN5MBz6fO7TbNe_5deojLzl1kBZYxElYsuDTSXAXQ8pV7Ebih4tdGP4oQw8P-GJILMRI5OBwAUjGp0EFjC_tpHF-5RZIsxY6ccTKgRGYx6xIjjsdjw874em-hkoaQyvo8/DPV8cvHjKcTgZxUQ8KhPeCRQjIGYVJG57qKdlnoq0Ts),ZHDR002,270,270,,270,https://pdh-catalog.softr.app/reservations?prefill_Code_=ZHDR002,,,
ZHDR003,I196 ΑΡΙΔΑ 10Χ160ΜΜ,1,"270,0",I196,ΕΡΓΑΛΕΙΑ,ΕΡΓΑΛΕΙΑ,image180.png (https://v5.airtableusercontent.com/v3/u/55/55/1785175200000/BZwR7mGDUTSYXKXxcUXlpw/q-3OC_VgC0pKOT2erjUDQvtYX8GsTnEsfmcBFEyekgCeFTyTgjirR7AgrWuj0sK41i6_escrZcfxMHPAh1WaiWYmlIP7qbMcg7O3bvTo2C7gYG-mrj4gtNYxBxWrXiDIvXmnOvKl6SkNH_eVIZc2P4X1CYaedpOQJxQdKqNMasM/ucg95RoOYCDtb2BM3F5DlSK_Lx-YPSdtrOlTpmDjz1g),ZHDR003,270,270,,270,https://pdh-catalog.softr.app/reservations?prefill_Code_=ZHDR003,,,
ZHDR004,I196 ΑΡΙΔΑ 12Χ160ΜΜ,1,"260,0",I196,ΕΡΓΑΛΕΙΑ,ΕΡΓΑΛΕΙΑ,image181.png (https://v5.airtableusercontent.com/v3/u/55/55/1785175200000/U48b5UPs9EwDFGL99tHSKw/IRCIqg1J4l_L0-DMjbXwmDA0bdm-b8b17kKOTY7tzGZKbJLeOVd-88r02i89DnIzUAeW7I5i3gCZIcwjSCjgDPxajRIcj0Z2OvQ_SOCtMOjZRURz_lBs6Qpjj32oDnxURAgcxV9U13dbpk9AtMNdE_xra7OGb9JjqRAfv4d8sEc/--bk2Xz6Y4b_a-cZZPZzZZf686hwDMRW10oEeeIXw4s),ZHDR004,260,260,,260,https://pdh-catalog.softr.app/reservations?prefill_Code_=ZHDR004,,,
ZHDR005,I196 ΑΡΙΔΑ 6Χ260ΜΜ,2,"160,0",I196,ΕΡΓΑΛΕΙΑ,ΕΡΓΑΛΕΙΑ,image182.png (https://v5.airtableusercontent.com/v3/u/55/55/1785175200000/auEq_1UNGE2rSTjJkyWrXQ/5_ZPqFznNC_jff6FSSK7MS_GdxxfeOzz94_x58zIZq6RKaB4b5WN7fWR5nmrDu-uJhBHZrajKj2COofbg2wvpu5NwW_yJFTUAaoVuU3A07dasi1O5zn7sJAwmEQMvzkyiQbbfoP_5_MC73kU-sIaLqfV8XctbnRf0cqYm5Dt7iQ/a2Zi4aO6j7CTul-4FcVIZ2lUWiI5P3dTEP35ps1LtOM),ZHDR005,160,160,,160,https://pdh-catalog.softr.app/reservations?prefill_Code_=ZHDR005,,,
ZHDR006,I196 ΑΡΙΔΑ 8Χ260ΜΜ,2,"120,0",I196,ΕΡΓΑΛΕΙΑ,ΕΡΓΑΛΕΙΑ,image183.png (https://v5.airtableusercontent.com/v3/u/55/55/1785175200000/Z5aGAN1pT-cFkDQTZu3Adg/r7nWSTnC8O7foOU_mjG6QnPR83cgSwLBJWp90j0NxLQsr6SwZpZA5ZSAruLKiL9gx7XWuzjHHxpzwKpL5uXRCOk5mn5TS8x8Mkh7wdsGQEnP0C4sWLVy4gS66onr7xd5LjLdhpM-kn195UspOoUdoZdy5JptbQ2dhzr4hRZgS0E/BLKM7btj75zAHO-aizDgVO6qxyZTnlt-8wfv8hFJlf0),ZHDR006,120,120,,120,https://pdh-catalog.softr.app/reservations?prefill_Code_=ZHDR006,,,
ZHDR007,I196 ΑΡΙΔΑ 10Χ260ΜΜ,2,"160,0",I196,ΕΡΓΑΛΕΙΑ,ΕΡΓΑΛΕΙΑ,image184.png (https://v5.airtableusercontent.com/v3/u/55/55/1785175200000/Y5lkabh9BslqFDjA_x6Uaw/orBHF3pzWVnK0342Run5wbod0VUe4Ey-2H9g99jvVm2OXGqr5oUng3MvqyHoqviDPQsIbwEY9MK7kiS7ZcwwBVj2TpvI_0f8EtJ2wpgrgKl5DUFJi4Y4QvEZgH9zNF9zh080bZvRjdTnsnKz2r91i1uvZ-apxQEJBHu8VWZZHIA/bbaIewwCo6bFKVZ1ObN5Cgl6UfhUVz_TJh0pQYjE8Ww),ZHDR007,156,156,,156,https://pdh-catalog.softr.app/reservations?prefill_Code_=ZHDR007,,,
ZHDR008,I196 ΑΡΙΔΑ 12Χ260ΜΜ,2,"160,0",I196,ΕΡΓΑΛΕΙΑ,ΕΡΓΑΛΕΙΑ,image185.png (https://v5.airtableusercontent.com/v3/u/55/55/1785175200000/h5GNLbrAVgn8Xz9F5nGr8A/lbWAZviRDhsfyfP_4gM-Jdy0LMQbO0HTjjgm5nipcY-SRJuGaumHrHWVRcvjrKNqSZrcpMwPgBIDV16Zob97KGB9UWfwjrgqB7Fsh4aV6X8q0mS1OyxndiiIKZFu9-2zUFM-_lA3NjYDo9zfXQsYiR-rb2c7FlTekgrDvxJakKc/zwR9LDNHEMsGC7f1X4QIAKebH72es7yBnNdktsfRMsY),ZHDR008,160,160,,160,https://pdh-catalog.softr.app/reservations?prefill_Code_=ZHDR008,,,
ZHP001,I178 ΜΟΝΑΔΑ ΕΠΕΞΕΡΓΑΣΙΑΣ ΝΕΡΟΥ ΑΝΤΙΣΤΡΟΦΗΣ ΩΣΜΩΣΗΣ ΜΕ UV,0,"1,0",I178,ΗΛΕΚΤΡΟΜΗΧ/ΚΟΣ ΕΞΟΠΛΙΣΜΟΣ,ΗΛΕΚΤΡΟΜΗΧ/ΚΟΣ ΕΞΟΠΛΙΣΜΟΣ,image.png (https://v5.airtableusercontent.com/v3/u/55/55/1785175200000/C9agBdluLA0mlDuNLvrbMg/GKpivaSTkdiXeE_Ma2JYKXIzZbf9GIFlwVDe0oaWtKyKe2goaHzg-NYsLQZaY21smqOd37iwETJ3hlbUaD2UqqSfo89KYZFcLQOgBvQc1maG59WV8S3PN6XD_v3K48bSXjeornpinWtF3l9hswIwag/hwZxOwxqxd5lv1Q32Xdxstn44-dho-1M33f5yuCCNW0),ZHP001,1,1,,1,https://pdh-catalog.softr.app/reservations?prefill_Code_=ZHP001,,,
ZHSCO,I113 ΑΝΙΧΝΕΥΤΗΣ ΔΙΟΞΕΙΔΙΟΥ ΤΟΥ ΑΝΘΡΑΚΑ ΜΠΑΤΑΡΙΑΣ 50X50X50MM,0,"15,0",I113,ΑΣΦΑΛΕΙΑ,ΑΣΦΑΛΕΙΑ,image.png (https://v5.airtableusercontent.com/v3/u/55/55/1785175200000/OXBfBjfQfl-WlCcsqY6txA/R9P-A7Vf4iMycH7UCKGjN-LfdRsSuyK_V2S1Jgd8fmnaWyTGrS9t1MNn9Jqi51X4A3Sw8dr9OptOfxUyqts9qkimu6BQtRQWNBMIYwfmgFPGizAzkhn9U2y9Luew7Tg0VHut_stCcY2LPyjPANqpMQ/DO2eMVR4ZhaRvCmHn0jdO8BO3EwjXBYcdAUW9BNX8Lk),ZHSCO,15,15,,15,https://pdh-catalog.softr.app/reservations?prefill_Code_=ZHSCO,,,
ZHSSMOKE,I113 ΑΝΙΧΝΕΥΤΗΣ ΚΑΠΝΟΥ ΜΠΑΤΑΡΙΑΣ 50X50X50MM,35,"185,0",I113,ΑΣΦΑΛΕΙΑ,ΑΣΦΑΛΕΙΑ,image.png (https://v5.airtableusercontent.com/v3/u/55/55/1785175200000/mF6aWO71O6veJnj7fWWRbg/Rx-Jd8nlFtA5HW6To339k8wkO9xRFhohAsFte1YURL4tKGQg4qVtRkktt5i86XAsGNkkyZtmuBcWOqhf5ELFUlsSRrdyg5nBXVAhlc9VzjwJv4XzRAQzFCTP5FUorsCjhA1NbF4dgkQgG_egJb0goQ/fQuR8irijq7FPE_NT8s0DvVkhrBVoa0ItbQR303gdhQ),ZHSSMOKE,185,185,,146,https://pdh-catalog.softr.app/reservations?prefill_Code_=ZHSSMOKE,,ZHSSMOKE,
ZIA22WH-U,D198 ΛΑΜΠΑΚΙ LED,0,"15,0",D198,ΗΛΕΚΤΡΟΛΟΓΙΚΑ,ΗΛΕΚΤΡΟΛΟΓΙΚΑ,,ZIA22WH-U,15,15,,15,https://pdh-catalog.softr.app/reservations?prefill_Code_=ZIA22WH-U,,,
ZK-10,D199 ΦΙΣ ΣΟΥΚΟ ΑΡΣΕΝΙΚΟ 16Α ΛΕΥΚΟ ΓΩΝΙΑΚΟ,1,"5,0",D199,ΗΛΕΚΤΡΟΛΟΓΙΚΑ,ΗΛΕΚΤΡΟΛΟΓΙΚΑ,,ZK-10,5,5,,5,https://pdh-catalog.softr.app/reservations?prefill_Code_=ZK-10,,,
ZK1ZB0-BLACK,D199 ΤΑΙΝΙΑ PVC ΜΟΝΩΤΙΚΗ 19Χ0.13mm 18.29m ΜΑΥΡΗ,3,"27,0",D199,ΗΛΕΚΤΡΟΛΟΓΙΚΑ,ΗΛΕΚΤΡΟΛΟΓΙΚΑ,,ZK1ZB0-BLACK,27,27,,27,https://pdh-catalog.softr.app/reservations?prefill_Code_=ZK1ZB0-BLACK,,,
ZK1ZB0-WHITE,D199 ΤΑΙΝΙΑ PVC ΜΟΝΩΤΙΚΗ 19Χ0.13mm 18.29m ΛΕΥΚΗ,1,,D199,ΗΛΕΚΤΡΟΛΟΓΙΚΑ,ΗΛΕΚΤΡΟΛΟΓΙΚΑ,,ZK1ZB0-WHITE,0,0,,0,https://pdh-catalog.softr.app/reservations?prefill_Code_=ZK1ZB0-WHITE,,,
ZKB-001,I158 ΔΙΠΛΟΣ ΣΥΡΟΜΕΝΟΣ ΚΑΔΟΣ ΣΚΟΥΠΙΔΙΩΝ 562-8x506x570CM,0,,I158,ΚΟΥΖΙΝΑ,ΚΟΥΖΙΝΑ,image.png (https://v5.airtableusercontent.com/v3/u/55/55/1785175200000/ZyB--JUU97uLgKtq1Pc6xQ/GgD_TILpVOH_araToXlxN_BAjIcEKLnqPRC2Rkxm2Ic-pMAfUiFqjgzdtDHHki8hrJo7gLub0rCmYYetPr69DTXkxprFyqB43aCOGuDNjeShHFeNYTY8FtQHGbqSg8gzJebQeTMs61HxViCVFk5LpA/b_QfRzhK9xydQzmKkyQbkLdZIbU_BVnT-rt8rCF7Rek),ZKB-001,0,0,,0,https://pdh-catalog.softr.app/reservations?prefill_Code_=ZKB-001,,,
ZKB001,I158 ΔΙΠΛΟΣ ΣΥΡΟΜΕΝΟΣ ΚΑΔΟΣ ΣΚΟΥΠΙΔΙΩΝ 562-8x506x570CM,215,"26,0",I158,ΚΟΥΖΙΝΑ,ΚΟΥΖΙΝΑ,image.png (https://v5.airtableusercontent.com/v3/u/55/55/1785175200000/ZyB--JUU97uLgKtq1Pc6xQ/GgD_TILpVOH_araToXlxN_BAjIcEKLnqPRC2Rkxm2Ic-pMAfUiFqjgzdtDHHki8hrJo7gLub0rCmYYetPr69DTXkxprFyqB43aCOGuDNjeShHFeNYTY8FtQHGbqSg8gzJebQeTMs61HxViCVFk5LpA/b_QfRzhK9xydQzmKkyQbkLdZIbU_BVnT-rt8rCF7Rek),ZKB001,25,25,,25,https://pdh-catalog.softr.app/reservations?prefill_Code_=ZKB001,,,
ZKD190B,D199 ΓΕΦΥΡΑ ΦΑΣΗΣ 1P 57X20mm 100A (HAGER-KDN100),17,,D199,ΗΛΕΚΤΡΟΛΟΓΙΚΑ,ΗΛΕΚΤΡΟΛΟΓΙΚΑ,,ZKD190B,0,0,,0,https://pdh-catalog.softr.app/reservations?prefill_Code_=ZKD190B,,,
ZKM11PWU,D198 ΠΡΙΖΑ TV ΤΕΡΜΑΤΙΣΜΟΥ,0,"14,0",D198,ΗΛΕΚΤΡΟΛΟΓΙΚΑ,ΗΛΕΚΤΡΟΛΟΓΙΚΑ,,ZKM11PWU,14,14,,14,https://pdh-catalog.softr.app/reservations?prefill_Code_=ZKM11PWU,,,
ZKM11SBU,D198 ΠΡΙΖΑ TV ΤΕΡΜΑΤΙΣΜΟΥ,0,"3,0",D198,ΗΛΕΚΤΡΟΛΟΓΙΚΑ,ΗΛΕΚΤΡΟΛΟΓΙΚΑ,,ZKM11SBU,3,3,,3,https://pdh-catalog.softr.app/reservations?prefill_Code_=ZKM11SBU,,,
ZKM12PWU,D198 ΠΡΙΖΑ TV ΔΙΕΛΕΥΣΗΣ,0,"7,0",D198,ΗΛΕΚΤΡΟΛΟΓΙΚΑ,ΗΛΕΚΤΡΟΛΟΓΙΚΑ,,ZKM12PWU,7,7,,7,https://pdh-catalog.softr.app/reservations?prefill_Code_=ZKM12PWU,,,
ZKM12SBU,D198 ΠΡΙΖΑ TV ΔΙΕΛΕΥΣΗΣ,0,"6,0",D198,ΗΛΕΚΤΡΟΛΟΓΙΚΑ,ΗΛΕΚΤΡΟΛΟΓΙΚΑ,,ZKM12SBU,6,6,,6,https://pdh-catalog.softr.app/reservations?prefill_Code_=ZKM12SBU,,,
ZKM16PWU,D198 ΠΡΙΖΑ SAT ΤΕΡΜΑΤΙΣΜΟΥ,0,"5,0",D198,ΗΛΕΚΤΡΟΛΟΓΙΚΑ,ΗΛΕΚΤΡΟΛΟΓΙΚΑ,,ZKM16PWU,5,5,,5,https://pdh-catalog.softr.app/reservations?prefill_Code_=ZKM16PWU,,,
ZKM16SBU,D198 ΠΡΙΖΑ SAT ΤΕΡΜΑΤΙΣΜΟΥ,0,"1,0",D198,ΗΛΕΚΤΡΟΛΟΓΙΚΑ,ΗΛΕΚΤΡΟΛΟΓΙΚΑ,,ZKM16SBU,1,1,,1,https://pdh-catalog.softr.app/reservations?prefill_Code_=ZKM16SBU,,,
ZKM30PWU,D198 ΠΡΙΖΑ ΤΗΛΕΦΩΝΟΥ,0,"28,0",D198,ΗΛΕΚΤΡΟΛΟΓΙΚΑ,ΗΛΕΚΤΡΟΛΟΓΙΚΑ,,ZKM30PWU,28,28,,28,https://pdh-catalog.softr.app/reservations?prefill_Code_=ZKM30PWU,,,
ZKM39PWU,D198 ΠΡΙΖΑ KS CAT6 SCH,0,"12,0",D198,ΗΛΕΚΤΡΟΛΟΓΙΚΑ,ΗΛΕΚΤΡΟΛΟΓΙΚΑ,,ZKM39PWU,12,12,,12,https://pdh-catalog.softr.app/reservations?prefill_Code_=ZKM39PWU,,,
ZKM39SBU,D198 ΠΡΙΖΑ KS CAT6 SCH,0,"3,0",D198,ΗΛΕΚΤΡΟΛΟΓΙΚΑ,ΗΛΕΚΤΡΟΛΟΓΙΚΑ,,ZKM39SBU,3,3,,3,https://pdh-catalog.softr.app/reservations?prefill_Code_=ZKM39SBU,,,
ZKOLPLAK001,D200 KERAKOLL ΣΑΜΠΟΥΑΝ ΠΛΑΚΙΔΙΩΝ 1 ΛΙΤΡΟΥ,0,"6,0",D200,ΧΡΩΜΑΤΑ,ΜΠΟΤΣΙΟΣ,,ZKOLPLAK001,6,6,,6,https://pdh-catalog.softr.app/reservations?prefill_Code_=ZKOLPLAK001,,,
ZKOLPLAK002,D200 ΑΠΟΣΤΑΤΕΣ ΠΛΑΚΙΔΙΩΝ 1.5ΜΜ (100ΤΕΜ),4,"139,0",D200,ΧΡΩΜΑΤΑ,ΜΠΟΤΣΙΟΣ,,ZKOLPLAK002,94,94,,94,https://pdh-catalog.softr.app/reservations?prefill_Code_=ZKOLPLAK002,,,
ZKOLPLAK003,D200 ΣΦΗΝΕΣ ΠΛΑΚΙΔΙΩΝ (100ΤΕΜ),9,"57,0",D200,ΧΡΩΜΑΤΑ,ΜΠΟΤΣΙΟΣ,,ZKOLPLAK003,47,47,,47,https://pdh-catalog.softr.app/reservations?prefill_Code_=ZKOLPLAK003,,,
ZKOLPLAK004,D200 KERAKOLL H30 ΚΟΛΛΑ ΠΛΑΚΙΔΙΩΝ 25kg,1,"-7041,0",D200,ΧΡΩΜΑΤΑ,ΜΠΟΤΣΙΟΣ,,ZKOLPLAK004,-7138,-7138,,-7138,https://pdh-catalog.softr.app/reservations?prefill_Code_=ZKOLPLAK004,,,
ZKOLPLAK005,D200 KERAKOLL ΚΟΛΛΑ ΠΛΑΚΙΔΙΩΝ H40 25kg,1,"7906,0",D200,ΧΡΩΜΑΤΑ,ΜΠΟΤΣΙΟΣ,,ZKOLPLAK005,7824,7824,,7824,https://pdh-catalog.softr.app/reservations?prefill_Code_=ZKOLPLAK005,,,
ZKOLPLAK006,D201 ISOMAT ΚΟΛΛΑ ΠΛΑΚΙΔΙΩΝ ΑΚ20,12,"15,0",D201,ΧΡΩΜΑΤΑ,ΣΚΙΑΔΑΣ ΛΕΥΚΑΔΑ,,ZKOLPLAK006,-23,-23,,-23,https://pdh-catalog.softr.app/reservations?prefill_Code_=ZKOLPLAK006,,,
ZLAMP001,D199 ΛΑΜΠΑ LED PAR 16 6.2W GU10,8,,D199,ΗΛΕΚΤΡΟΛΟΓΙΚΑ,ΗΛΕΚΤΡΟΛΟΓΙΚΑ,,ZLAMP001,0,0,,0,https://pdh-catalog.softr.app/reservations?prefill_Code_=ZLAMP001,,,
ZLAMP002,D199 ΛΑΜΠΑ LED 7W E14 230V ΘΕΡΜΟ/ΛΕΥΚΟ,0,"30,0",D199,ΗΛΕΚΤΡΟΛΟΓΙΚΑ,ΗΛΕΚΤΡΟΛΟΓΙΚΑ,,ZLAMP002,30,30,,30,https://pdh-catalog.softr.app/reservations?prefill_Code_=ZLAMP002,,,
ZLD,I195 ΓΡΑΜΜΙΚΗ ΣΧΑΡΑ ΔΙΑΣΤΑΣΕΙΣ 1000Χ100ΜΜ SS304 ΜΕ ΔΥΟ ΔΙΑΚΕΝΑ 10ΜΜ,0,"50,0",I195,ΟΙΚΟΔΟΜΙΚΑ ΥΛΙΚΑ,ΟΙΚΟΔΟΜΙΚΑ ΥΛΙΚΑ,image.png (https://v5.airtableusercontent.com/v3/u/55/55/1785175200000/4PwaEvfW1Ig_9RI7owFbmw/MhiOV3AJWHcqaO5Mpi_9QwWp8pkYhnDxj7vg3b37z04nzLZybKVYyj5e6fyKVh6hklk3phjFZ1NYmdQVuRmZgJn0i8tuA6bB4YALRY_xVdy33j1XDuiD6KBIZ2qIttBFrj23mJWSv6ggLolxRoxWAw/tpnyVIKCHMKdm71yZJE008PyGk1ebcXIDytuaaoQGEg),ZLD,50,50,,50,https://pdh-catalog.softr.app/reservations?prefill_Code_=ZLD,,,
ZLD-PCD,I195 ΦΡΕΑΤΙΟ ΕΛΕΓΧΟΥ SS304 ΜΕ ΔΥΟ ΔΙΑΚΕΝΑ 10ΜΜ ΔΙΑΣΤΑΣΕΙΣ 500Χ100ΜΜ,0,"35,0",I195,ΟΙΚΟΔΟΜΙΚΑ ΥΛΙΚΑ,ΟΙΚΟΔΟΜΙΚΑ ΥΛΙΚΑ,image.png (https://v5.airtableusercontent.com/v3/u/55/55/1785175200000/PeOO9QSMm5Nsk7if555vzg/aYiTBUd9_AJUzHsEoJHdWl1wb6WTQUVRRcLBNmyvNdovZxM5UA1jWaz27g_OscOjU8Kskc-LjEeX6Vzwi9v6V9_bHv-ooY2wICnUBF1Ns8o8nlyq6AG-AK6FiziIvx13Ez4ybvXhQVOIwH5_MDunhA/0jfuWACkdirPDCczyP8tkkCSNlOXbx7SgaczlItd3sc),ZLD-PCD,35,35,,35,https://pdh-catalog.softr.app/reservations?prefill_Code_=ZLD-PCD,,,
ZLDEA,I141 ΕΞΩΤΕΡΙΚΗ ΓΩΝΙΑ SS304 ΜΕ ΔΥΟ ΔΙΑΚΕΝΑ 10ΜΜ 500Χ500Χ100ΜΜ,0,"15,0",I141,ΟΙΚΟΔΟΜΙΚΑ ΥΛΙΚΑ,ΟΙΚΟΔΟΜΙΚΑ ΥΛΙΚΑ,image.png (https://v5.airtableusercontent.com/v3/u/55/55/1785175200000/WORCho7P7TqkkLPo4vlG9A/Xilx6_3wHDA1ngQytb7JdKpyfQF4V47q3vuHM8Pl2e6rpvWNrUfxj7h_XgNw938MHuymSWzKyKP8wAZ13sby3_Le1i5h5ozcX7g4C_l3zclASMqIAtAdZ11Xgf2MZsGZLS4hZVllRF_ktAFOuiokFw/lYO774j_CWONjdjLG3fgzt-45ynPY2DuSaEFqk-EB1U),ZLDEA,15,15,,15,https://pdh-catalog.softr.app/reservations?prefill_Code_=ZLDEA,,,
ZLDIA,I141 ΕΣΩΤΕΡΙΚΗ ΓΩΝΙΑ SS304 ΜΕ ΔΥΟ ΔΙΑΚΕΝΑ 10ΜΜ 500Χ500Χ100ΜΜ,0,"15,0",I141,ΟΙΚΟΔΟΜΙΚΑ ΥΛΙΚΑ,ΟΙΚΟΔΟΜΙΚΑ ΥΛΙΚΑ,image.png (https://v5.airtableusercontent.com/v3/u/55/55/1785175200000/WmHogQOjphcEMlRmeeJ5cg/X-tjJyBho53uMb4g5hXlewH0qesN_b0NoJVjGYsl2kq42netRPrb8ie2qUB2SKyy8HaQbKGIbM-fdWjK6Bh2ZieD-BaxOlluUZJyB-16nEP4_G6IbVzeE5cioXdAbm_wmaE0zFhyBNpijSmpzuPAiA/ipe9c1a85mjK0YWkNnIR2zQI0TBozMPJsJmBp0nTWaY),ZLDIA,15,15,,15,https://pdh-catalog.softr.app/reservations?prefill_Code_=ZLDIA,,,
ZLEGRAND601976,D199 ΗΛΕΚΤΡΟΛΟΓΙΚΟΣ ΠΙΝΑΚΑΣ -ΣΤΕΓΑΝΟ ΕΡΜΑΡΙΟ,0,,D199,ΗΛΕΚΤΡΟΛΟΓΙΚΑ,ΗΛΕΚΤΡΟΛΟΓΙΚΑ,,ZLEGRAND601976,0,0,,0,https://pdh-catalog.softr.app/reservations?prefill_Code_=ZLEGRAND601976,,,
ZMACM350,I143 ΜΠΕΤΟΝΙΕΡΑ 350LT ΜΕ ΠΕΤΡΕΛΑΙΟΚΙΝΗΤΗΡΑ,0,"1,0",I143,ΗΛΕΚΤΡΟΜΗΧ/ΚΟΣ ΕΞΟΠΛΙΣΜΟΣ,ΗΛΕΚΤΡΟΜΗΧ/ΚΟΣ ΕΞΟΠΛΙΣΜΟΣ,image.png (https://v5.airtableusercontent.com/v3/u/55/55/1785175200000/cObcWF1mUWva3jUGH2tf5w/ahADLy1Jt61hdrL-HchuM-UDw_W1ySzD--fWnDEWtbgmImeQnidkNZZrdJaE3xuw2kE_lXaT8yqbwjWCZEtRMUC_9fcaBqBUcnzC7nosr3Cm52J6bnmUoOep9yMhspM3gHFNBor9SR1fvj40Aoi5rQ/0jGqmj40CGwMNviWa0KFteang3n_g-aTaZVw7Bx5mAg),ZMACM350,1,1,,1,https://pdh-catalog.softr.app/reservations?prefill_Code_=ZMACM350,,,
ZMAPC160,I143 ΔΟΝΗΤΙΚΗ ΠΛΑΚΑ 160KG ΜΕ ΠΕΤΡΕΛΑΙΟΚΙΝΗΤΗΡΑ,0,"1,0",I143,ΗΛΕΚΤΡΟΜΗΧ/ΚΟΣ ΕΞΟΠΛΙΣΜΟΣ,ΗΛΕΚΤΡΟΜΗΧ/ΚΟΣ ΕΞΟΠΛΙΣΜΟΣ,image.png (https://v5.airtableusercontent.com/v3/u/55/55/1785175200000/kKuAKEWrQHd8xaGCHAl_dw/yAsGkz8quFuN88Njlt-5xXRezVJU07H7plDPyDi0BLTcUhObbeEq-tBLRbNACKAlOGas0dd5e_tmr3neiYmKWaPzrZWTCGVWUs-n430uejtncuvPnLBE9_858z4yH1M534luOZINKLHkoQKkpJTN2w/77EbMTue4WPIyj3iZoI1JzLtjq6GA0p6R32BbgnBHjw),ZMAPC160,1,1,,1,https://pdh-catalog.softr.app/reservations?prefill_Code_=ZMAPC160,,,
ZMB001,I161 ΒΑΣΕΙΣ ΦΩΤΟΒΟΛΤΑΙΚΩΝ ΠΑΝΕΛ SP- 001,0,,I161,ΗΛΕΚΤΡΟΜΗΧ/ΚΟΣ ΕΞΟΠΛΙΣΜΟΣ,ΗΛΕΚΤΡΟΜΗΧ/ΚΟΣ ΕΞΟΠΛΙΣΜΟΣ,image.png (https://v5.airtableusercontent.com/v3/u/55/55/1785175200000/iBr4H84Umriynjl74PvRPQ/JOKIISLHfK-5a-kpag4FnN_8HUBxyEN8J2F8-3GrgWmWO6VY2BAcImQvVtZHU6MpamLgw6c3ZJ2wZ5zQLmYFXSQFi0aW291J_xODlk7SmQCNJR-bIAFZW3CQ6qfE9GNPaoXha7qYO2ilMqfLg_bt7A/ulsSpmUyBNAcocj_0i26KWEkFLVsozEUlQp6t2egHR8),ZMB001,0,0,,0,https://pdh-catalog.softr.app/reservations?prefill_Code_=ZMB001,,,
ZMCN140,D199 ΜΙΚΡΟΑΥΤΟΜΑΤΟΣ 1P C40A 6kA 230V,4,"10,0",D199,ΗΛΕΚΤΡΟΛΟΓΙΚΑ,ΗΛΕΚΤΡΟΛΟΓΙΚΑ,,ZMCN140,10,10,,10,https://pdh-catalog.softr.app/reservations?prefill_Code_=ZMCN140,,,
ZMHC400R,I141 ΚΑΠΑΚΙ ΦΡΕΑΤΙΟΥ ΕΠΙΓΕΜΙΖΟΜΕΝΟ ΜΕ ΠΛΑΙΣΙΟ Φ400*H100MM SS304,0,"53,0",I141,ΟΙΚΟΔΟΜΙΚΑ ΥΛΙΚΑ,ΟΙΚΟΔΟΜΙΚΑ ΥΛΙΚΑ,image.png (https://v5.airtableusercontent.com/v3/u/55/55/1785175200000/CcqP8bUUQsoBy0zS1aKVrg/INAfUyKfTtVNCgJdhHdVHwBH0q8ie-aEdVGPBKhbWVOZy6hjU--eNaBPSPSxWe7rgK2J8PjD5p2shBh8swiydOmFwzCAw2-ZdW0-l1Odj1i6fqgeOlB22AkSAZlm1HeKXJ4Cisx3PU2IyTImO4moQA/ruwslAe-D32QiYf8GkZOU_1hVKXU7RI5dAT26Ie_las),ZMHC400R,53,53,,53,https://pdh-catalog.softr.app/reservations?prefill_Code_=ZMHC400R,,,
ZMHC400X300,I141 ΚΑΠΑΚΙ ΦΡΕΑΤΙΟΥ ΕΠΙΓΕΜΙΖΟΜΕΝΟ ΜΕ ΠΛΑΙΣΙΟ 400X300*100MM SS304,0,"50,0",I141,ΟΙΚΟΔΟΜΙΚΑ ΥΛΙΚΑ,ΟΙΚΟΔΟΜΙΚΑ ΥΛΙΚΑ,image.png (https://v5.airtableusercontent.com/v3/u/55/55/1785175200000/0HhUj-hDfXNkrz34keBNVA/9WvXnc71cVzr7CpHK45oYJpi6tZE9ozHoK_KmvCiaNkdiBzPpY75DteEVN8fZM8FDpxQ0X04PgK4FFMcQIBGEWaavlFZP6FWUekt2gnsFKRAXg8O8WwW8IxpN2ecSINDc3WMkXCtse7Dxc0_cTaCnA/VgXPbkTq_y8hfhpVct-99qRrz_91HbCfHOZgcKhAEZ8),ZMHC400X300,50,50,,50,https://pdh-catalog.softr.app/reservations?prefill_Code_=ZMHC400X300,,,
ZMHC500S,I141 ΚΑΠΑΚΙ ΦΡΕΑΤΙΟΥ ΕΠΙΓΕΜΙΖΟΜΕΝΟ ΜΕ ΠΛΑΙΣΙΟ 500X500*100MM SS304,0,"36,0",I141,ΟΙΚΟΔΟΜΙΚΑ ΥΛΙΚΑ,ΟΙΚΟΔΟΜΙΚΑ ΥΛΙΚΑ,image.png (https://v5.airtableusercontent.com/v3/u/55/55/1785175200000/yHBXV0QUxgrSrsdKND-T4A/lAFxwSlzs6JiJcG8cB4VE_q7U_mQ-JCaOMb8m3KoLotzusXDwTrlDu3W_MicLay2XWRNEhUHBgjdJ-wYH6OfR8Lon8190XZmXrGBO_3ZA0Xt9NGoFe2X9MrAW1FxMKODLSJor793oTeltxT_M-YGrA/opNAZNC4H7S8tA3-l2xO72RVNcjE7tYcGQBOC6Dr63c),ZMHC500S,36,36,,36,https://pdh-catalog.softr.app/reservations?prefill_Code_=ZMHC500S,,,
ZMIXER001,I196 Mixer,126,"3,0",I196,ΕΡΓΑΛΕΙΑ,ΕΡΓΑΛΕΙΑ,image258.png (https://v5.airtableusercontent.com/v3/u/55/55/1785175200000/Kpx3p5mdw7BW_sz1oX9QmQ/vWGx63NKD3Q0oDPq8fzxTKvYfKNSP7FXQhh2ipGDJv1WaYZIWjadOV0ufpUTmts25WMWFO_UMWDIzR7u9t4zw7tVvj3BGfzG1gEhsYp5P0MbrcxkE76TdHMkyb-K2faICGYzHA33BGeftGwY3f8c3f8wfuHBbTxT63RDKG03FTE/JGV5PUPBVtNUOh8ZV7kdaceCmFtfn-qMTOl5NnNJKEo),ZMIXER001,3,3,,3,https://pdh-catalog.softr.app/reservations?prefill_Code_=ZMIXER001,,,
ZMJ150022,I46 ΔΙΣΚΟΣ ΚΟΠΗΣ 2''/50,0,,I146,ΕΡΓΑΛΕΙΑ,ΔΙΣΚΟΙ ΚΟΠΗΣ,,ZMJ150022,0,0,,0,https://pdh-catalog.softr.app/reservations?prefill_Code_=ZMJ150022,,,
ZMJ150023,I46 ΔΙΣΚΟΣ ΚΟΠΗΣ 3''/76,0,,I146,ΕΡΓΑΛΕΙΑ,ΔΙΣΚΟΙ ΚΟΠΗΣ,,ZMJ150023,0,0,,0,https://pdh-catalog.softr.app/reservations?prefill_Code_=ZMJ150023,,,
ZMJ150024,I46 ΔΙΣΚΟΣ ΚΟΠΗΣ 4''/102,0,,I146,ΕΡΓΑΛΕΙΑ,ΔΙΣΚΟΙ ΚΟΠΗΣ,,ZMJ150024,0,0,,0,https://pdh-catalog.softr.app/reservations?prefill_Code_=ZMJ150024,,,
ZMJ150025,I46 ΔΙΣΚΟΣ ΚΟΠΗΣ 5''/127,0,,I146,ΕΡΓΑΛΕΙΑ,ΔΙΣΚΟΙ ΚΟΠΗΣ,,ZMJ150025,0,0,,0,https://pdh-catalog.softr.app/reservations?prefill_Code_=ZMJ150025,,,
ZMJ150026,I46 ΔΙΣΚΟΣ ΚΟΠΗΣ 6''/152,0,,I146,ΕΡΓΑΛΕΙΑ,ΔΙΣΚΟΙ ΚΟΠΗΣ,,ZMJ150026,0,0,,0,https://pdh-catalog.softr.app/reservations?prefill_Code_=ZMJ150026,,,
ZMJ150028,I46 ΔΙΣΚΟΣ ΚΟΠΗΣ 8''/202,0,,I146,ΕΡΓΑΛΕΙΑ,ΔΙΣΚΟΙ ΚΟΠΗΣ,,ZMJ150028,0,0,,0,https://pdh-catalog.softr.app/reservations?prefill_Code_=ZMJ150028,,,
ZMJ150029,D201 ΔΙΣΚΟΣ ΔΙΑΜΑΝΤΕ ΚΟΠΗΣ Φ230,116,,D201,ΧΡΩΜΑΤΑ,ΣΚΙΑΔΑΣ ΛΕΥΚΑΔΑ,,ZMJ150029,0,0,,0,https://pdh-catalog.softr.app/reservations?prefill_Code_=ZMJ150029,,,
ZMJ03002120,"I46 ΔΙΣΚΟΣ ΚΟΠΗΣ 125X5X22,23MM",0,,I146,ΕΡΓΑΛΕΙΑ,ΔΙΣΚΟΙ ΚΟΠΗΣ,,ZMJ03002120,0,0,,0,https://pdh-catalog.softr.app/reservations?prefill_Code_=ZMJ03002120,,,
ZMJ020011006,I46 ΔΙΣΚΟΣ ΚΟΠΗΣ 100X6X16,0,,I146,ΕΡΓΑΛΕΙΑ,ΔΙΣΚΟΙ ΚΟΠΗΣ,,ZMJ020011006,0,0,,0,https://pdh-catalog.softr.app/reservations?prefill_Code_=ZMJ020011006,,,
ZMJ020012306,I46 ΔΙΣΚΟΣ ΚΟΠΗΣ 230X6X22,2,,I146,ΕΡΓΑΛΕΙΑ,ΔΙΣΚΟΙ ΚΟΠΗΣ,,ZMJ020012306,0,0,,0,https://pdh-catalog.softr.app/reservations?prefill_Code_=ZMJ020012306,,,
ZMJ030011007D,I46 ΔΙΣΚΟΣ ΚΟΠΗΣ 105X7X20MM,0,,I146,ΕΡΓΑΛΕΙΑ,ΔΙΣΚΟΙ ΚΟΠΗΣ,,ZMJ030011007D,0,0,,0,https://pdh-catalog.softr.app/reservations?prefill_Code_=ZMJ030011007D,,,
ZMJ030011157D,"I46 ΔΙΣΚΟΣ ΚΟΠΗΣ 115X7X22,23MM",0,,I146,ΕΡΓΑΛΕΙΑ,ΔΙΣΚΟΙ ΚΟΠΗΣ,,ZMJ030011157D,0,0,,0,https://pdh-catalog.softr.app/reservations?prefill_Code_=ZMJ030011157D,,,
ZMJ030011257D,"I46 ΔΙΣΚΟΣ ΚΟΠΗΣ 125X7X22,23MM",0,,I146,ΕΡΓΑΛΕΙΑ,ΔΙΣΚΟΙ ΚΟΠΗΣ,,ZMJ030011257D,0,0,,0,https://pdh-catalog.softr.app/reservations?prefill_Code_=ZMJ030011257D,,,
ZMJ030031257T,"I46 ΔΙΣΚΟΣ ΚΟΠΗΣ 125X7X22,23MM",0,,I146,ΕΡΓΑΛΕΙΑ,ΔΙΣΚΟΙ ΚΟΠΗΣ,,ZMJ030031257T,0,0,,0,https://pdh-catalog.softr.app/reservations?prefill_Code_=ZMJ030031257T,,,
ZMJ0600114250,I46 ΔΙΣΚΟΣ ΚΟΠΗΣ 14X250,0,,I146,ΕΡΓΑΛΕΙΑ,ΔΙΣΚΟΙ ΚΟΠΗΣ,,ZMJ0600114250,0,0,,0,https://pdh-catalog.softr.app/reservations?prefill_Code_=ZMJ0600114250,,,
ZMJ0600317280,I46 ΔΙΣΚΟΣ ΚΟΠΗΣ 17X280,0,,I146,ΕΡΓΑΛΕΙΑ,ΔΙΣΚΟΙ ΚΟΠΗΣ,,ZMJ0600317280,0,0,,0,https://pdh-catalog.softr.app/reservations?prefill_Code_=ZMJ0600317280,,,
ZMJ0600430410,I46 ΔΙΣΚΟΣ ΚΟΠΗΣ 30X410,0,,I146,ΕΡΓΑΛΕΙΑ,ΔΙΣΚΟΙ ΚΟΠΗΣ,,ZMJ0600430410,0,0,,0,https://pdh-catalog.softr.app/reservations?prefill_Code_=ZMJ0600430410,,,
ZMJ060011425020,I46 ΔΙΣΚΟΣ ΚΟΠΗΣ 14X250X20,0,,I146,ΕΡΓΑΛΕΙΑ,ΔΙΣΚΟΙ ΚΟΠΗΣ,,ZMJ060011425020,0,0,,0,https://pdh-catalog.softr.app/reservations?prefill_Code_=ZMJ060011425020,,,
ZMJ060011425022,I46 ΔΙΣΚΟΣ ΚΟΠΗΣ 14X250X22,0,,I146,ΕΡΓΑΛΕΙΑ,ΔΙΣΚΟΙ ΚΟΠΗΣ,,ZMJ060011425022,0,0,,0,https://pdh-catalog.softr.app/reservations?prefill_Code_=ZMJ060011425022,,,
ZMJ060011425040,I46 ΔΙΣΚΟΣ ΚΟΠΗΣ 14X250X40,0,,I146,ΕΡΓΑΛΕΙΑ,ΔΙΣΚΟΙ ΚΟΠΗΣ,,ZMJ060011425040,0,0,,0,https://pdh-catalog.softr.app/reservations?prefill_Code_=ZMJ060011425040,,,
ZMJ060031728022,I46 ΔΙΣΚΟΣ ΚΟΠΗΣ 17X280X22,0,,I146,ΕΡΓΑΛΕΙΑ,ΔΙΣΚΟΙ ΚΟΠΗΣ,,ZMJ060031728022,0,0,,0,https://pdh-catalog.softr.app/reservations?prefill_Code_=ZMJ060031728022,,,
ZMJ060031728050,I46 ΔΙΣΚΟΣ ΚΟΠΗΣ 17X280X50,0,,I146,ΕΡΓΑΛΕΙΑ,ΔΙΣΚΟΙ ΚΟΠΗΣ,,ZMJ060031728050,0,0,,0,https://pdh-catalog.softr.app/reservations?prefill_Code_=ZMJ060031728050,,,
ZMJ060043041035,I46 ΔΙΣΚΟΣ ΚΟΠΗΣ 30X140X35,0,,I146,ΕΡΓΑΛΕΙΑ,ΔΙΣΚΟΙ ΚΟΠΗΣ,,ZMJ060043041035,0,0,,0,https://pdh-catalog.softr.app/reservations?prefill_Code_=ZMJ060043041035,,,
ZMON001,D203 ΓΩΝΙΟΚΡΑΝΟ ΘΕΡΜ/ΨΗΣ 10Χ10Χ2.5Μ,2,"902,0",D203,ΧΡΩΜΑΤΑ,ΓΚΕΣΟΥΛΗΣ,,ZMON001,860,860,,860,https://pdh-catalog.softr.app/reservations?prefill_Code_=ZMON001,,,
ZMON002,D203 ΝΕΡΟΣΤΑΛΑΚΤΗΣ ΘΕΡΜ/ΨΗΣ 2.5Μ,1,"110,0",D203,ΧΡΩΜΑΤΑ,ΓΚΕΣΟΥΛΗΣ,,ZMON002,110,110,,110,https://pdh-catalog.softr.app/reservations?prefill_Code_=ZMON002,,,
ZMON003,D203 ΒΥΣΜΑ THERMOSYSTEM-LTX 8X135mm (200ΤΕΜ),29,"200,0",D203,ΧΡΩΜΑΤΑ,ΓΚΕΣΟΥΛΗΣ,,ZMON003,200,200,,200,https://pdh-catalog.softr.app/reservations?prefill_Code_=ZMON003,,,
ZMON004,D203 ΒΥΣΜΑ THERMOSYSTEM-LTX 8X155mm (200ΤΕΜ),31,,D203,ΧΡΩΜΑΤΑ,ΓΚΕΣΟΥΛΗΣ,,ZMON004,0,0,,0,https://pdh-catalog.softr.app/reservations?prefill_Code_=ZMON004,,,
ZMON005,D203 ΘΕΡΜΟΜΟΝΩΤΙΚΕΣ ΤΑΠΕΣ EPS WHITE (200ΤΕΜ),16,,D203,ΧΡΩΜΑΤΑ,ΓΚΕΣΟΥΛΗΣ,,ZMON005,0,0,,0,https://pdh-catalog.softr.app/reservations?prefill_Code_=ZMON005,,,
ZMON006,D201 ΜΟΥΡΕΛΑ 25m,0,,D201,ΧΡΩΜΑΤΑ,ΣΚΙΑΔΑΣ ΛΕΥΚΑΔΑ,,ZMON006,0,0,,0,https://pdh-catalog.softr.app/reservations?prefill_Code_=ZMON006,,,
ZMONEPS80-3,D203 EPS 80 3cm RF CE,3,,D203,ΧΡΩΜΑΤΑ,ΓΚΕΣΟΥΛΗΣ,,ZMONEPS80-3,0,0,,0,https://pdh-catalog.softr.app/reservations?prefill_Code_=ZMONEPS80-3,,,
ZMONEPS80-5,D203 EPS 80 5cm RF CE,5,"-25,0",D203,ΧΡΩΜΑΤΑ,ΓΚΕΣΟΥΛΗΣ,,ZMONEPS80-5,-25,-25,,-25,https://pdh-catalog.softr.app/reservations?prefill_Code_=ZMONEPS80-5,,,
ZMONEPS80-7,D203 EPS 80 7cm RF CE,7,,D203,ΧΡΩΜΑΤΑ,ΓΚΕΣΟΥΛΗΣ,,ZMONEPS80-7,0,0,,0,https://pdh-catalog.softr.app/reservations?prefill_Code_=ZMONEPS80-7,,,
ZMT001,I136 ΧΑΡΤΟΤΑΙΝΙΑ 5CM,0,"673,0",I136,ΟΙΚΟΔΟΜΙΚΑ ΥΛΙΚΑ,ΟΙΚΟΔΟΜΙΚΑ ΥΛΙΚΑ,image.png (https://v5.airtableusercontent.com/v3/u/55/55/1785175200000/uXZJv0U2URLP2lBquZniyQ/RQdzbeJDIC4L7Hjn3ojh5A3wYmnf9_71F-yZ4s-fHQ4fv74A60oaigoR24qDmhR1-4KoTOHrIcpMjr_jHzOr2YO7meG2pvix233pLX9tCmAEiQJaLmHV1i8mE_qMgdZ3iVUBGxleFCr8l4MdozhTuA/emp81bToHMEc9mNxiNeq2TP8d6bQvAQKG4jDuY4N4lw),ZMT001,673,673,,673,https://pdh-catalog.softr.app/reservations?prefill_Code_=ZMT001,,,
ZMT002,I136 ΧΑΡΤΟΤΑΙΝΙΑ 3CM,0,"199,0",I136,ΟΙΚΟΔΟΜΙΚΑ ΥΛΙΚΑ,ΟΙΚΟΔΟΜΙΚΑ ΥΛΙΚΑ,image.png (https://v5.airtableusercontent.com/v3/u/55/55/1785175200000/xK8BCbiEUnW8AaLtv3bphw/7u4aXqoGqNirKUFs5EfzzOm0Atmw7wxzuBKe6Sbhawy98Qsk4uapTfD_6dYN-QtnceQng6MIZDTRkVVtsov-QF88K52ZpIPOve7RFiPQf63vPkmb3cenBAw_FWWzf0j0lnnmmp4xGxKCVxrc1OzD0A/4c33wE4FqOId_jNHTgPeQIonp65cxazDq7YO0IDKlyU),ZMT002,199,199,,199,https://pdh-catalog.softr.app/reservations?prefill_Code_=ZMT002,,,
ZMUR36132,D199 MUREVA-ΠΡΙΖΑ ΣΟΥΚΟ ΑΣΦΑΛΕΙΑΣ,0,"29,0",D199,ΗΛΕΚΤΡΟΛΟΓΙΚΑ,ΗΛΕΚΤΡΟΛΟΓΙΚΑ,,ZMUR36132,29,29,,29,https://pdh-catalog.softr.app/reservations?prefill_Code_=ZMUR36132,,,
ZMUR39132,D199 MUREVA-ΠΡΙΖΑ ΣΟΥΚΟ ΑΣΦΑΛΕΙΑΣ,8,"15,0",D199,ΗΛΕΚΤΡΟΛΟΓΙΚΑ,ΗΛΕΚΤΡΟΛΟΓΙΚΑ,,ZMUR39132,15,15,,15,https://pdh-catalog.softr.app/reservations?prefill_Code_=ZMUR39132,,,
ZNM10-P,D198 ΒΑΣΗ ΣΤΗΡΙΞΗΣ ΜΕ ΒΙΔΕΣ 10,0,"31,0",D198,ΗΛΕΚΤΡΟΛΟΓΙΚΑ,ΗΛΕΚΤΡΟΛΟΓΙΚΑ,,ZNM10-P,31,31,,31,https://pdh-catalog.softr.app/reservations?prefill_Code_=ZNM10-P,,,
ZNM20-P,D198 ΒΑΣΗ ΣΤΗΡΙΞΗΣ ΜΕ ΒΙΔΕΣ 20,0,"66,0",D198,ΗΛΕΚΤΡΟΛΟΓΙΚΑ,ΗΛΕΚΤΡΟΛΟΓΙΚΑ,,ZNM20-P,66,66,,66,https://pdh-catalog.softr.app/reservations?prefill_Code_=ZNM20-P,,,
ZNM30-P,D198 ΒΑΣΗ ΣΤΗΡΙΞΗΣ ΜΕ ΒΙΔΕΣ 30,0,"123,0",D198,ΗΛΕΚΤΡΟΛΟΓΙΚΑ,ΗΛΕΚΤΡΟΛΟΓΙΚΑ,,ZNM30-P,123,123,,123,https://pdh-catalog.softr.app/reservations?prefill_Code_=ZNM30-P,,,
ZNM40-P,D198 ΒΑΣΗ ΣΤΗΡΙΞΗΣ ΜΕ ΒΙΔΕΣ 40,0,"85,0",D198,ΗΛΕΚΤΡΟΛΟΓΙΚΑ,ΗΛΕΚΤΡΟΛΟΓΙΚΑ,,ZNM40-P,85,85,,85,https://pdh-catalog.softr.app/reservations?prefill_Code_=ZNM40-P,,,
ZNM70-P,D198 ΒΑΣΗ ΣΤΗΡΙΞΗΣ ΜΕ ΒΙΔΕΣ 70,0,"63,0",D198,ΗΛΕΚΤΡΟΛΟΓΙΚΑ,ΗΛΕΚΤΡΟΛΟΓΙΚΑ,,ZNM70-P,63,63,,63,https://pdh-catalog.softr.app/reservations?prefill_Code_=ZNM70-P,,,
ZOL10PWU,D198 ΠΛΑΙΣΙΟ ΚΑΛΥΨΗΣ,0,"-6,0",D198,ΗΛΕΚΤΡΟΛΟΓΙΚΑ,ΗΛΕΚΤΡΟΛΟΓΙΚΑ,,ZOL10PWU,-6,-6,,-6,https://pdh-catalog.softr.app/reservations?prefill_Code_=ZOL10PWU,,,
ZOL10SBU,D198 ΠΛΑΙΣΙΟ ΚΑΛΥΨΗΣ,0,"9,0",D198,ΗΛΕΚΤΡΟΛΟΓΙΚΑ,ΗΛΕΚΤΡΟΛΟΓΙΚΑ,,ZOL10SBU,9,9,,9,https://pdh-catalog.softr.app/reservations?prefill_Code_=ZOL10SBU,,,
ZOL20PWU,D198 ΠΛΑΙΣΙΟ ΚΑΛΥΨΗΣ,0,"78,0",D198,ΗΛΕΚΤΡΟΛΟΓΙΚΑ,ΗΛΕΚΤΡΟΛΟΓΙΚΑ,,ZOL20PWU,78,78,,78,https://pdh-catalog.softr.app/reservations?prefill_Code_=ZOL20PWU,,,
ZOL20SBU,D198 ΠΛΑΙΣΙΟ ΚΑΛΥΨΗΣ,0,"43,0",D198,ΗΛΕΚΤΡΟΛΟΓΙΚΑ,ΗΛΕΚΤΡΟΛΟΓΙΚΑ,,ZOL20SBU,43,43,,43,https://pdh-catalog.softr.app/reservations?prefill_Code_=ZOL20SBU,,,
ZOL30PWU,D198 ΠΛΑΙΣΙΟ ΚΑΛΥΨΗΣ,0,"77,0",D198,ΗΛΕΚΤΡΟΛΟΓΙΚΑ,ΗΛΕΚΤΡΟΛΟΓΙΚΑ,,ZOL30PWU,77,77,,77,https://pdh-catalog.softr.app/reservations?prefill_Code_=ZOL30PWU,,,
ZOL30SBU,D198 ΠΛΑΙΣΙΟ ΚΑΛΥΨΗΣ,0,"30,0",D198,ΗΛΕΚΤΡΟΛΟΓΙΚΑ,ΗΛΕΚΤΡΟΛΟΓΙΚΑ,,ZOL30SBU,30,30,,30,https://pdh-catalog.softr.app/reservations?prefill_Code_=ZOL30SBU,,,
ZOL40NB-U,D198 ΠΛΑΙΣΙΟ ΚΑΛΥΨΗΣ LINE,0,"9,0",D198,ΗΛΕΚΤΡΟΛΟΓΙΚΑ,ΗΛΕΚΤΡΟΛΟΓΙΚΑ,,ZOL40NB-U,9,9,,9,https://pdh-catalog.softr.app/reservations?prefill_Code_=ZOL40NB-U,,,
ZOL40PWU,D198 ΠΛΑΙΣΙΟ ΚΑΛΥΨΗΣ,0,"80,0",D198,ΗΛΕΚΤΡΟΛΟΓΙΚΑ,ΗΛΕΚΤΡΟΛΟΓΙΚΑ,,ZOL40PWU,80,80,,80,https://pdh-catalog.softr.app/reservations?prefill_Code_=ZOL40PWU,,,
ZOL40SBU,D198 ΠΛΑΙΣΙΟ ΚΑΛΥΨΗΣ,0,"18,0",D198,ΗΛΕΚΤΡΟΛΟΓΙΚΑ,ΗΛΕΚΤΡΟΛΟΓΙΚΑ,,ZOL40SBU,18,18,,18,https://pdh-catalog.softr.app/reservations?prefill_Code_=ZOL40SBU,,,
ZOL70PWU,D198 ΠΛΑΙΣΙΟ ΚΑΛΥΨΗΣ,0,"26,0",D198,ΗΛΕΚΤΡΟΛΟΓΙΚΑ,ΗΛΕΚΤΡΟΛΟΓΙΚΑ,,ZOL70PWU,26,26,,26,https://pdh-catalog.softr.app/reservations?prefill_Code_=ZOL70PWU,,,
ZOL70SBU,D198 ΠΛΑΙΣΙΟ ΚΑΛΥΨΗΣ,0,"15,0",D198,ΗΛΕΚΤΡΟΛΟΓΙΚΑ,ΗΛΕΚΤΡΟΛΟΓΙΚΑ,,ZOL70SBU,15,15,,15,https://pdh-catalog.softr.app/reservations?prefill_Code_=ZOL70SBU,,,
ZOLCUBALUX,D199 ΚΑΛ.ΥΦΑΣΜΑΤΙΝΟ 2Χ0.75 ΜΑΥΡΟ,3,,D199,ΗΛΕΚΤΡΟΛΟΓΙΚΑ,ΗΛΕΚΤΡΟΛΟΓΙΚΑ,,ZOLCUBALUX,0,0,,0,https://pdh-catalog.softr.app/reservations?prefill_Code_=ZOLCUBALUX,,,
ZOSBS001,I132 ΠΑΝΕΛ 18MM OSB+60MM EPS+18MM OSB 1220×3000MM,0,,I132,ΟΙΚΟΔΟΜΙΚΑ ΥΛΙΚΑ,ΟΙΚΟΔΟΜΙΚΑ ΥΛΙΚΑ,image.png (https://v5.airtableusercontent.com/v3/u/55/55/1785175200000/qwWPZg-x3MKSzIrJRBCNmQ/8JMx8corS87YS2ZybvtYNa43xjBVpG80_hqf0dBewwM-DJh5bjJSfZAN0d9y35UA7pJe1CQtSQhN-53P8A_S2uO6sP9jbCcu7GMtYMk_3PoLbGpE_RzGFpvmWvwN0ihIRO71H2QFXfs1J7BcVOOvJQ/Vqw1pwXJpET37Zt2x5AOrToEy6vQkoQ9lQn9MHxRTRY),ZOSBS001,0,0,,0,https://pdh-catalog.softr.app/reservations?prefill_Code_=ZOSBS001,,,
ZPI0092,D208 ΠΙΝΑΚΙΔΑ ΑΛΟΥΜΙΝΙΟΥ 20Χ30cm,0,,D208,ΧΩΡΟΣΗΜΑΝΣΗ,ΧΩΡΟΣΗΜΑΝΣΗ,,ZPI0092,0,0,,0,https://pdh-catalog.softr.app/reservations?prefill_Code_=ZPI0092,,,
ZPI1022,D208 ΠΙΝΑΚΙΔΑ ΑΛΟΥΜΙΝΙΟΥ 50Χ70cm,0,"10,0",D208,ΧΩΡΟΣΗΜΑΝΣΗ,ΧΩΡΟΣΗΜΑΝΣΗ,,ZPI1022,10,10,,10,https://pdh-catalog.softr.app/reservations?prefill_Code_=ZPI1022,,,
ZPLAK CORE GREY,D200 CORE GREY 60X60 ANTISLIP,0,,D200,ΧΡΩΜΑΤΑ,ΜΠΟΤΣΙΟΣ,,ZPLAK CORE GREY,0,0,,0,https://pdh-catalog.softr.app/reservations?prefill_Code_=ZPLAK CORE GREY,,,
ZPLAKA001,D200 SHADE MID DARK GREY 45X45 KERITALY,10,,D200,ΧΡΩΜΑΤΑ,ΜΠΟΤΣΙΟΣ,,ZPLAKA001,0,0,,0,https://pdh-catalog.softr.app/reservations?prefill_Code_=ZPLAKA001,,,
ZPOLYBRIZ3TH01,D199 ΠΟΛΥΜΠΡΙΖΟ 3 ΘΕΣΕΩΝ,0,,D199,ΗΛΕΚΤΡΟΛΟΓΙΚΑ,ΗΛΕΚΤΡΟΛΟΓΙΚΑ,,ZPOLYBRIZ3TH01,0,0,,0,https://pdh-catalog.softr.app/reservations?prefill_Code_=ZPOLYBRIZ3TH01,,,
ZPOLYBRIZ4TH01,D199 ΠΟΛΥΜΠΡΙΖΟ 4 ΘΕΣΕΩΝ,0,"1,0",D199,ΗΛΕΚΤΡΟΛΟΓΙΚΑ,ΗΛΕΚΤΡΟΛΟΓΙΚΑ,,ZPOLYBRIZ4TH01,1,1,,1,https://pdh-catalog.softr.app/reservations?prefill_Code_=ZPOLYBRIZ4TH01,,,
ZPOLYBRIZ5TH01,D199 ΠΟΛΥΜΠΡΙΖΟ 5 ΘΕΣΕΩΝ,0,"3,0",D199,ΗΛΕΚΤΡΟΛΟΓΙΚΑ,ΗΛΕΚΤΡΟΛΟΓΙΚΑ,,ZPOLYBRIZ5TH01,3,3,,3,https://pdh-catalog.softr.app/reservations?prefill_Code_=ZPOLYBRIZ5TH01,,,
ZPTMAB4006,I146 Electric Blower,0,,I146,ΕΡΓΑΛΕΙΑ,ΕΡΓΑΛΕΙΑ,image215.png (https://v5.airtableusercontent.com/v3/u/55/55/1785175200000/l0p5JIEsA7xxEenBi-0g5w/B52DBPT7QMmFOCqkUPx5kzJnmbcZpPR86T3Au9BRHUkdRhlQSTru0bg8OK-BIUdiYButc1zyb3XLU9sF3af5Kfr7nI--FSUQY4Bb-bL5D6XAGpMwokYzRIp2AUKKqZDeHWuZBeyN7zSmUuoIBv6O6f0lglObZogElrj0K10g7mQ/87RbxUv80hV7gEZgemFCuAgoiSI1wsBkmbT7X1Hvjig),ZPTMAB4006,0,0,,0,https://pdh-catalog.softr.app/reservations?prefill_Code_=ZPTMAB4006,,,
ZPTMAG1403.02,I146 150MM ANGLE GRINDER MAG1403.02 1400W,0,"1,0",I146,ΕΡΓΑΛΕΙΑ,ΕΡΓΑΛΕΙΑ,image164.png (https://v5.airtableusercontent.com/v3/u/55/55/1785175200000/CL7nywsDrHtm7iaODBecbA/0X9MgShGrnWnTft4hIy8swwwAjA5WANJLbkX8GmZ61NtS6Leq6H3X9bCE66Nwtg-rWpn3iY08ZymxHAlXRiLFpTszwbzwESYD-RfArvFlzjVnzJlLNGMd2A-jNqpdkiQJTxzECmUS7__juBTQpWxk4p5wxC435JXosJZ_UqJa8o/7at1XXcPGaHEFZxw6ACqnZ5Rf93ccTq3bntllxI-Hz4),ZPTMAG1403.02,1,1,,1,https://pdh-catalog.softr.app/reservations?prefill_Code_=ZPTMAG1403.02,,,
ZPTMAG2305,I146 230MM ANGLE GRINDER 2400W,0,"7,0",I146,ΕΡΓΑΛΕΙΑ,ΕΡΓΑΛΕΙΑ,image209.png (https://v5.airtableusercontent.com/v3/u/55/55/1785175200000/slWlXSOj6Z1aIajIPAT-HQ/qFNO52eayLoSchkNgN_AKXoF2qFtXNr7FUuci8ZfvriIBIiQzTqYT6FY0PAM9sIJ-rJk31_KRFw6z-02H-Tq9HURzvi54b4Fqnh3GuPk6qCH0uKYS3H_O1m4QxskzXBzhJr0-tbO_ykL68EZRivfxlAgUllji0vajzRO852DcbY/Y4tKzwGA-ZeSPOYR5s13pTSxkKafXQMz8XPPnkcyw7I),ZPTMAG2305,7,7,,7,https://pdh-catalog.softr.app/reservations?prefill_Code_=ZPTMAG2305,,,
ZPTMAG9008,I146 Angel Grinder,0,,I146,ΕΡΓΑΛΕΙΑ,ΕΡΓΑΛΕΙΑ,image207.png (https://v5.airtableusercontent.com/v3/u/55/55/1785175200000/w0qDceVSr_nA5ZXwu07abg/UY10dyLOG0vKJ-UEe6830DeZZMVh72FzVQMBEjfJgooU8jP_OfjzL6azOejydJyv3j9v1ryGhudm5IwtSt_9zO1Tm_2Tt1P_UGqJBwqeV9PD31GTWA0nFCSWMwn30x6So2QeSRxLHfVbueVQdTpruYLNf82BrHZlLSTc48UeY3M/eUhFvh310pf9FUXHbc8wX3J-lCBeBwpI_DJUKMk_CUg),ZPTMAG9008,0,0,,0,https://pdh-catalog.softr.app/reservations?prefill_Code_=ZPTMAG9008,,,
ZPTMAG140302carbonbrush,I146 carbon brush,0,,I146,ΕΡΓΑΛΕΙΑ,ΕΡΓΑΛΕΙΑ,image243.png (https://v5.airtableusercontent.com/v3/u/55/55/1785175200000/OCRVQlS80O_5e7kEpZ39Rw/DFpOpmDUMVb_BaiPaYVF3Qs1ioEZYV93yDYxF_e8ATwOcU6ilOAECY8ZxUIsMKkfG4v9o_G8GCKYW5Rcxp-VQm5lQ6IPARfx3STvl9Erc_Pv0k_o0Z6DjzeSZYfCIzEBXsaY6T8IzUH2qd7uQbI30vMAVbNADJS_lb5Mncs2Yzc/itEzL96mjyvagO6mEL4KqZVP6FhP6t_UbmmQTesLblI),ZPTMAG140302carbonbrush,0,0,,0,https://pdh-catalog.softr.app/reservations?prefill_Code_=ZPTMAG140302carbonbrush,,,
ZPTMAS1013J,I146 AIR SPRAY GUN MASG71G,0,"3,0",I146,ΕΡΓΑΛΕΙΑ,ΕΡΓΑΛΕΙΑ,image172.png (https://v5.airtableusercontent.com/v3/u/55/55/1785175200000/DK2SFSNHiAaZlRfbjXH7OA/GezqKQ8bqYlKeEWT7TFFO7QT_7ZBe6cVLHY2Ter5PGcAAgXN8ty8y84IcxfJBP5GBJHN4UDslHjXAMeBV3zDVbK6B1EekuM90zR9qk6BbqURfhOfcg5fpfcE5oOb3G3yrbtzKg9f16RbhnthVefsHFOajrMz9PqLtY7aM2Z9t4k/Vsyn_YFp9IMq_0DYZze8fF5d5isbYFMxecn-lsQwymY),ZPTMAS1013J,3,3,,3,https://pdh-catalog.softr.app/reservations?prefill_Code_=ZPTMAS1013J,,,
ZPTMASG71G,I146 58CC GASOLINE CHAIN SAW (18”) MGS5803,0,"9,0",I146,ΕΡΓΑΛΕΙΑ,ΕΡΓΑΛΕΙΑ,image173.png (https://v5.airtableusercontent.com/v3/u/55/55/1785175200000/_VQT-IDLCIhQ2vACiF72Pw/CMG3PHdaJDb5oXmzCKxmxxCgOi7SoCoFhMFKxaWuAuX6Duvh532yYhRnUodTo6S3v6NRlSgs0PpqywR4-AusEwab9s8t6SvNrMc276Q-ZbnF-JnbsijZhlODueCXg3lyyk66-YfkaRV4p5xY2oew3M95Dg03aF9vDV5HLZccbFg/2ZqcvuiTU9rcLASaIAuA8DnWMsFkpBIuIZLU87NYIis),ZPTMASG71G,9,9,,9,https://pdh-catalog.softr.app/reservations?prefill_Code_=ZPTMASG71G,,,
ZPTMASG827,I146 Air Spray Gun,0,"2,0",I146,ΕΡΓΑΛΕΙΑ,ΕΡΓΑΛΕΙΑ,image218.png (https://v5.airtableusercontent.com/v3/u/55/55/1785175200000/Wjh4MTguQhmJT1iy7UzxYg/aS9LCQzhPxqzdV0SJRplBdNvCtCGje6MmaL2IzARvSivQw_hljejPjGbBK-LXcYjQZJz8fg5MTs8UZ1xbnuh6792R1ML06EwYZ85O1hHMOzjkPpHhXFly5EzYWa7qLG3ek0D7CZO4hSI6MHnPwc_Ue75FCikWmNOWbssiwzite8/8CabaGWwLaEuZoX9r3I84WBOwNk1uz3q6RAc9XfzB1s),ZPTMASG827,2,2,,2,https://pdh-catalog.softr.app/reservations?prefill_Code_=ZPTMASG827,,,
ZPTMBC4301ECO,I146 125MM ULTRATHIN CUTTING WHEEL MJ01001-12510,0,"1,0",I146,ΕΡΓΑΛΕΙΑ,ΕΡΓΑΛΕΙΑ,image175.png (https://v5.airtableusercontent.com/v3/u/55/55/1785175200000/1ALvoJlYpdvq4KWE3VWk0g/GuPgLKOfUW5bEpRenmEy3yOZuU5lc_vXiFOTPi2Crn_DeorBLgWUeUBqTP2RL449b4_zeHyqTwAa1M3IcdNIdCNUGw0WTxlkumCCoEZTmdh7pk0gMxuwFs6qYNin_EnCYKOfchtr2Nc4wExOKhtR3tceeYC7S3z1cy_f9vFl4w8/3rn_8sjOC5LccymsDdd1nOeL8Qn9_gFLRHBMKAKyAb0),ZPTMBC4301ECO,1,1,,1,https://pdh-catalog.softr.app/reservations?prefill_Code_=ZPTMBC4301ECO,,,
ZPTMCAG2110.A1,I146 21V cordless angle grinder MCAG2110.A1,0,,I146,ΕΡΓΑΛΕΙΑ,ΕΡΓΑΛΕΙΑ,image162.png (https://v5.airtableusercontent.com/v3/u/55/55/1785175200000/d_CnpY9Zun2fDs7xsTa2gQ/6S5KbYB1CTx0eWo3tEcPR2yDCtsVYWZiC4OOfAsPAbpihYatRRnyuVZRKd4PPqaY1WSMKLkh86Odl77IxgPc4k0Cdj3qkHWQvIavq_SoXgnCJIfB6Pwkn5b9147izHvY6McHJddHEM7x6m3SRjuPQgmZkEdo3gDqGL1XHEyCiYI/St3tr_eSv5sWKho_HTWDAtb0jb6h0j9L8nhDfGw8usM),ZPTMCAG2110.A1,0,0,,0,https://pdh-catalog.softr.app/reservations?prefill_Code_=ZPTMCAG2110.A1,,,
ZPTMCAG2110BATT,I146 MCAG2110 battery （ 4.0AH）,0,,I146,ΕΡΓΑΛΕΙΑ,ΕΡΓΑΛΕΙΑ,image267.png (https://v5.airtableusercontent.com/v3/u/55/55/1785175200000/GedgQ7yGkQ37X0bVl9WL5w/u_xSXnND0Q_16N0MMbz72UABtxQSoQWFgXTpjv8JXdtQA-tQ1EHoegh2ki9LwphaFD3OIMujI78kxfh7YMoTbrN_AHukHlpR213bV-NIZkIx2rCXWVzNUOa9tvWlXOlCdvGJwr9sH6DJFWyyZhqRJkEmCbPNBgOmUQ2TYK_6KCw/R8neKbL_HpYicFNt11UjB2r-nkfpLYp8MRPCr7tTIWE),ZPTMCAG2110BATT,0,0,,0,https://pdh-catalog.softr.app/reservations?prefill_Code_=ZPTMCAG2110BATT,,,
ZPTMCDT2126.B2,I146 LI-ION CORDLESS DRILL MCDT2126.B2,0,"3,0",I146,ΕΡΓΑΛΕΙΑ,ΕΡΓΑΛΕΙΑ,image161.png (https://v5.airtableusercontent.com/v3/u/55/55/1785175200000/O2DkuqaHQoKOCO4k8JVnXw/uOYUJ4AFk_GdtN4mKzGQEsieB3iAjNKPfMNgT5Soz4k1Yi87IjhjVFdHyeFgAz861O5_izucj01njpRnjVmy6oFNp6EaV8JaNmHph_QYbH2f_lNEZ5IoB-9jagjXIdwWdfR5AI4qug3JgGiGXY72KWDeCvqvVNE4x1sVXHJO1CY/rmd8CoNhM_oNnax4HwNpvfczZOFO9D3nKYPX700uoNg),ZPTMCDT2126.B2,3,3,,3,https://pdh-catalog.softr.app/reservations?prefill_Code_=ZPTMCDT2126.B2,,,
ZPTMCDT2126B2BATT,I146 LI-ION CORDLESS DRILL BATTERY,0,,I146,ΕΡΓΑΛΕΙΑ,ΕΡΓΑΛΕΙΑ,image265.png (https://v5.airtableusercontent.com/v3/u/55/55/1785175200000/Im2uGvqe1CPkCr3yE0UL4Q/3bECxgH9h5fYvg4KzCK9oZQS8RqvAMSFcOa0Q4adQ-X7Hqt9GMIx_p29f_6HVdDkC42uuh5pNaFxriq2eY0xFEeMn9R1LDwA6OsHirnhCCMhNeUJJaSrweQhgWZ6SbbbSBkC3X6AORfiaElYAHlyg4MhjJvg222FmqAygt7ey7E/7iumEUrvFBiZtvrn4heVN6YJmcgatpY4mixRPkD7YoM),ZPTMCDT2126B2BATT,0,0,,0,https://pdh-catalog.softr.app/reservations?prefill_Code_=ZPTMCDT2126B2BATT,,,
ZPTMCIW2128.A1,I146 BRUSHLESS LI-ION CORDLESS WRENCH,0,"7,0",I146,ΕΡΓΑΛΕΙΑ,ΕΡΓΑΛΕΙΑ,image208.png (https://v5.airtableusercontent.com/v3/u/55/55/1785175200000/TjZvU3XkDtdDtxxXQlXtEw/G8uu9fR_RhIlk_dYpGJ_AW2x2vaQr6qoP2lnGeARL6otkdHUzoGGGevZ9SaR1vl-eEIx29mOqlrX2DG5W-tv6jM27OzoZzCVyIY7oSrvpi0OcBQ8fXxPEQ65j7Y9uz4V9Huj0jKcWBX2TVd38KnAe7TL94dGlAuieY3KVA3KMGI/2eVmNY9A8OIDAcz-mggLjG9Txqmk5UkY1IAoVgnJPU4),ZPTMCIW2128.A1,7,7,,7,https://pdh-catalog.softr.app/reservations?prefill_Code_=ZPTMCIW2128.A1,,,
ZPTMCIW2128BATT,I146 battery,0,,I146,ΕΡΓΑΛΕΙΑ,ΕΡΓΑΛΕΙΑ,image266.png (https://v5.airtableusercontent.com/v3/u/55/55/1785175200000/kYQHCHREKnyWW3rBVGmbFg/ksVJjywDgy-FAPgFbl54ERPeJPiHe1U1Vd44iJ9o8DCU44wzEtjDKiLlzFVhp8Mt0ANGf7CJCwR-AnCimThBZy2LP6t5vlojkYrqGv520U83XhUu8z8fQyAAxI6wUCbYXfgpvl4PPEGx7TTYmkH7jPjT-FjgOUg-XrlwwE2AkTE/PnXrl1mBGeS6CqBPipS-R7zQ8NJ6lGGQNX3VrsqKq8k),ZPTMCIW2128BATT,0,0,,0,https://pdh-catalog.softr.app/reservations?prefill_Code_=ZPTMCIW2128BATT,,,
ZPTMCRS1203.A1,I146 LI-ION CORDLESS RECIPROCATING SAW MCRS1203.A1,0,,I146,ΕΡΓΑΛΕΙΑ,ΕΡΓΑΛΕΙΑ,image163.png (https://v5.airtableusercontent.com/v3/u/55/55/1785175200000/Krqj6U3qoDi7ZRXYCP0naQ/kbrogh8T32xwOBJAFC-JMJSVQ5aJoiHwtmOoe90stl2bBVFGyUmFKsOUwDdWzPsPWT__uEZpk6n4v4IIXvoVNj2B61GHrO30GAgGYpho3J_zlJ-PsBd4e7zswNaiGFoLdOS0QPFU2RKCS4x5wIxUd6yfym6DpkaVFNcEa0NUoYk/52eruoRoRSxkeSJietWTPiRFdaoBxlKZn0blrPJAK-I),ZPTMCRS1203.A1,0,0,,0,https://pdh-catalog.softr.app/reservations?prefill_Code_=ZPTMCRS1203.A1,,,
ZPTMCUT405,I146 PLASMA CUTTING MACHINE,0,,I146,ΕΡΓΑΛΕΙΑ,ΕΡΓΑΛΕΙΑ,image260.png (https://v5.airtableusercontent.com/v3/u/55/55/1785175200000/2ChQu7BFgx7U5zqwA7a2vQ/hBbgncBjLbJjUp3Nl-vZegx5pR7Iyq7nZlPoou1eFdmmR1_hWkNAZyf8mMdTCjGUylY1IT5F8Tsr1FQJW1l4BHWvnMSIkEUAIRk0tP0t34aVgQ8-qZmJPXatXx6eW3gfdYELS42ZBZ2qiU2duDWi_S0S6PNcLLNJQNqIQRcm3tI/JhQNBP8JWhva53g4D_L2DMaLf4NwSyblSxen-ruekXU),ZPTMCUT405,0,0,,0,https://pdh-catalog.softr.app/reservations?prefill_Code_=ZPTMCUT405,,,
ZPTMDB0810,I146 Demolition Hammer,0,,I146,ΕΡΓΑΛΕΙΑ,ΕΡΓΑΛΕΙΑ,image211.png (https://v5.airtableusercontent.com/v3/u/55/55/1785175200000/IIsPNE8teOkSt9j2OLFa3A/NEpFUMpaNg4OSi7EW8ku04LNFhnhVsj8aT_0YqS2OY_UF43sZOOwWQKUJRrEeXRVpDO7O4BHp3Th0FiqOb7mFPHOehblV2qA0fcmMpPA3M3XAaQGE7FRoT4UHM5-vwAaS5amnPaiC99o6HyCRq6ODLLDhYeGRHLqK8R5YNbrRhU/wewR0ekNO1TytlVjXf7rZFmk0VJgx9CsqtZbBjt5_uo),ZPTMDB0810,0,0,,0,https://pdh-catalog.softr.app/reservations?prefill_Code_=ZPTMDB0810,,,
ZPTMDB900BURSH,I146 BURSH,0,,I146,ΕΡΓΑΛΕΙΑ,ΕΡΓΑΛΕΙΑ,image254.png (https://v5.airtableusercontent.com/v3/u/55/55/1785175200000/SJlTMwk8eVUJC4ulEd-qcA/ACVpx-cfVfQEhUfJRAGxot0QB4LEGUPWaYRq5mpFCzIwI8qQRdh-QLsWlaMr9n8iPdRDeKF5DnOwSAX0G1d0cVFcPqqca5sLf7ybj7aL39QLOfghN0c61ocVWhTnelb8KC01TitJXKrvvcZwpIlXudj7iuJ_4b_lyKnf-49loe8/CTE8I_DoeTtH9CjxaBDw-zgi8lM7oIX9CVxKkEItroQ),ZPTMDB900BURSH,0,0,,0,https://pdh-catalog.softr.app/reservations?prefill_Code_=ZPTMDB900BURSH,,,
ZPTMDB9003,I146 JIG SAW MJS7003,0,,I146,ΕΡΓΑΛΕΙΑ,ΕΡΓΑΛΕΙΑ,image168.png (https://v5.airtableusercontent.com/v3/u/55/55/1785175200000/aUAD4JqppmMJ7F1xtYl2qA/0ns9XuOCnv7g5ZwyACj7HeR3FYWOBaF0eYc-JSNkMtEZfoejo0FivZhoefCt96_622hUCBRKTElXKeEp5fO5usVClJjT9fcVvlt3UzUYTntY6U54I0pMpwJsQmrC8Q9nQqngyXQj91p4Yos1ymk8pAQIxRJ57LF2oZ5VlFKf4Jc/b6vOl6g_fCLE14g6fhgF3MJkr9Nq35O7P-99p7e9cvM),ZPTMDB9003,0,0,,0,https://pdh-catalog.softr.app/reservations?prefill_Code_=ZPTMDB9003,,,
ZPTMDB9003bearing,I146 bearing6205,0,,I146,ΕΡΓΑΛΕΙΑ,ΕΡΓΑΛΕΙΑ,image252.png (https://v5.airtableusercontent.com/v3/u/55/55/1785175200000/sJRYyTIXVfVA21x2ny_IQg/2p9W4h2Kz3ZZxMk87XSLq0-VAzWvuR2Qca8n4jGz928JUaKBsar2lIqSHDaHrFSi6lEAWOs1P7SlWhAEVXt9eg2bp_kcmhhpAL9aRnEcvFiFPTJiu8OrGa3r1TFukJMJFCHUg65pE3t_LNBkIKNohRoQNlpipmWsYe2ppNAerXU/n6-1XOoyZlV-w2b-m8Ju5GLIPXubKlWfcAxS4Ld1JSc),ZPTMDB9003bearing,0,0,,0,https://pdh-catalog.softr.app/reservations?prefill_Code_=ZPTMDB9003bearing,,,
ZPTMDB9003bearing6205,I146 bearing6205,0,,I146,ΕΡΓΑΛΕΙΑ,ΕΡΓΑΛΕΙΑ,image252.png (https://v5.airtableusercontent.com/v3/u/55/55/1785175200000/sJRYyTIXVfVA21x2ny_IQg/2p9W4h2Kz3ZZxMk87XSLq0-VAzWvuR2Qca8n4jGz928JUaKBsar2lIqSHDaHrFSi6lEAWOs1P7SlWhAEVXt9eg2bp_kcmhhpAL9aRnEcvFiFPTJiu8OrGa3r1TFukJMJFCHUg65pE3t_LNBkIKNohRoQNlpipmWsYe2ppNAerXU/n6-1XOoyZlV-w2b-m8Ju5GLIPXubKlWfcAxS4Ld1JSc),ZPTMDB9003bearing6205,0,0,,0,https://pdh-catalog.softr.app/reservations?prefill_Code_=ZPTMDB9003bearing6205,,,
ZPTMDB9003bearingcover,I146 bearing cover6205,0,,I146,ΕΡΓΑΛΕΙΑ,ΕΡΓΑΛΕΙΑ,image253.png (https://v5.airtableusercontent.com/v3/u/55/55/1785175200000/LokC3quqiR2jhX7LPFcBmg/wdBwUOJ64pI7_vq9yg0yPxq7w3qnLEzPYBEZ7_GwanNV9FCQRtXFTmtFqBWtejBbmySyjfDCbiKEDY-CpX9nEB_RX9rjla3axjsaandqk_rQdYdVEHgCBJ5hUb6I0RTJPbdeqH42jZlVIF66CJOMiJkyqnQdFtSw75ZgHRUxV_g/itmLYXRdkHqc5nhtvUYl-uBHo7nikVQooJuXEpl_8rQ),ZPTMDB9003bearingcover,0,0,,0,https://pdh-catalog.softr.app/reservations?prefill_Code_=ZPTMDB9003bearingcover,,,
ZPTMDB9003bearingcover6205,I146 bearing cover6205,0,,I146,ΕΡΓΑΛΕΙΑ,ΕΡΓΑΛΕΙΑ,image253.png (https://v5.airtableusercontent.com/v3/u/55/55/1785175200000/LokC3quqiR2jhX7LPFcBmg/wdBwUOJ64pI7_vq9yg0yPxq7w3qnLEzPYBEZ7_GwanNV9FCQRtXFTmtFqBWtejBbmySyjfDCbiKEDY-CpX9nEB_RX9rjla3axjsaandqk_rQdYdVEHgCBJ5hUb6I0RTJPbdeqH42jZlVIF66CJOMiJkyqnQdFtSw75ZgHRUxV_g/itmLYXRdkHqc5nhtvUYl-uBHo7nikVQooJuXEpl_8rQ),ZPTMDB9003bearingcover6205,0,0,,0,https://pdh-catalog.softr.app/reservations?prefill_Code_=ZPTMDB9003bearingcover6205,,,
ZPTMDB9003biggear,I146 big gear,0,,I146,ΕΡΓΑΛΕΙΑ,ΕΡΓΑΛΕΙΑ,image249.png (https://v5.airtableusercontent.com/v3/u/55/55/1785175200000/KJxdqH3CTts4PLzmuqo9og/909pR0tYjfNPqvZcanDM0GCBqhp_wcAZG-BmxR0_bhH8IuawBMSJ1bYoTh6nlK0u2EOdeOQk4aCQHbaN4FMaUiD-7anjalO3LqzMnif4zl2BQSFqa_cM-CKltmH3qp38cLcfI5LfCMBmJlpNDHU6m2ndcDibUFXDJQ2tLngRQ0I/YVCyeKzZaUmxpw-lR71eDI9vuwQuuipVV84b7h-hd38),ZPTMDB9003biggear,0,0,,0,https://pdh-catalog.softr.app/reservations?prefill_Code_=ZPTMDB9003biggear,,,
ZPTMDB9003piston,I146 piston,0,,I146,ΕΡΓΑΛΕΙΑ,ΕΡΓΑΛΕΙΑ,image251.png (https://v5.airtableusercontent.com/v3/u/55/55/1785175200000/oF2zJjnMsVLWCy-PM5C9Wg/Mn1fOfoum9AtH8Czz3z7sOh7uCSpVdCvxCJtn-akoih3QyOT0iK7t265PW0c01EE5ujtDAsPzWVaLLJ6gNQcKSx1wuTnYt2EQUJ4evkIsNGyG25Vh7isx-veMphP1FAXhtq0gp6qIP1XR-6rqu_OuN3TkdDMjmXup_rqJ7Hk5Ag/ctYNl5M_HZ8G-hhmSfZOHqSp1dGakRAhw-T9cHfRUQ0),ZPTMDB9003piston,0,0,,0,https://pdh-catalog.softr.app/reservations?prefill_Code_=ZPTMDB9003piston,,,
ZPTMDB9003smallgear,I146 small gear,0,,I146,ΕΡΓΑΛΕΙΑ,ΕΡΓΑΛΕΙΑ,image250.png (https://v5.airtableusercontent.com/v3/u/55/55/1785175200000/_kzPEmGEgO_F34oUrA1ETA/S75t4w8ZZ1x1jFjdaY6HHDkWWByNKOWfJGM7iSwBDfxfqw1YvjZ4yZDX4bOeWoNlii4DOF_1hwYMYCI5R4wHmElKBomljFwsV_GyivPO0tTCC-dz25taayTdZoHWcztMUh_I6R2d1ebMnv7IVn_i-nplyacc637wdorL6EhPd8Y/pp5RoZeJ5lPRKQoGvp7KYP37Us5bNGl_nCOgtETOeIM),ZPTMDB9003smallgear,0,0,,0,https://pdh-catalog.softr.app/reservations?prefill_Code_=ZPTMDB9003smallgear,,,
ZPTMDB9003STATOR,I146 STATOR,0,,I146,ΕΡΓΑΛΕΙΑ,ΕΡΓΑΛΕΙΑ,image248.png (https://v5.airtableusercontent.com/v3/u/55/55/1785175200000/YzAe0IbKbIxQtAEcv2K_7g/BfWLcKdPKRl2BsxZGai4CWHriWG7rjBqmCv1GR8nGvgbLz0nqh7FWgopX206szqrPaFi4fvE5yQPECMiyqH3aPRAHUajmmNkayawd7cUhzfdCa4sYJ4NzqIZ8djJwZ5tTeQ50_AzvVyGDmkadNTHP2b9eo-tqUmwF9-Yu6GYITc/qmCVF1HVCCHjdAyWF54rxg1mJHdo-O3jOEsW_NV7XK8),ZPTMDB9003STATOR,0,0,,0,https://pdh-catalog.softr.app/reservations?prefill_Code_=ZPTMDB9003STATOR,,,
ZPTMDB9005,I146 Demolition Hammer,0,,I146,ΕΡΓΑΛΕΙΑ,ΕΡΓΑΛΕΙΑ,image212.png (https://v5.airtableusercontent.com/v3/u/55/55/1785175200000/J1pYInDD-KiICmbPMSHbWA/jwl-K3PaDdv5ZBtdfF-cQsTYy_gTuyhVbwMo3j9VTXem4mnwnMN49ntYq_NRagt1vixUMt-Wp8bns4D3plKm7sgzw57ZzDn4_smmBaSd56a5kClQCpt4kqk4qRswvHB2-wcuumoee96mE0CbRZpdoyFU-wgpr9-8BzLF_v0q900/Fc5orhhNPUaZs-v8AAKHSUTIJFm4ZkDyhGzCB0hfLys),ZPTMDB9005,0,0,,0,https://pdh-catalog.softr.app/reservations?prefill_Code_=ZPTMDB9005,,,
ZPTMDCD2605,I146 Diamond Core Drill,0,"1,0",I146,ΕΡΓΑΛΕΙΑ,ΕΡΓΑΛΕΙΑ,image213.png (https://v5.airtableusercontent.com/v3/u/55/55/1785175200000/Wd7UIlzTDzadIE6PlNkjpA/Dn8WQ76pYz6fT8YkQ7hh89fB9nNBNY2zllNOxSJpYVgo0Dv8mTAoDPsqRKQitDjTssHTOSiqE3uQLVQ-6zCN8Tv4WALN1jXvNqNF9gBdk7zhFexsXBXNO7rZ8Djhhu32xDhe1q_kUkj7hLCJ9VxNHFFMIeI1RP85NJIAmqn5LQU/-M2WDOeOZrh8010EjaVweP4feIgnTvERAjt9lUL_C2g),ZPTMDCD2605,1,1,,1,https://pdh-catalog.softr.app/reservations?prefill_Code_=ZPTMDCD2605,,,
ZPTMDP2003,I146 AIR STAPLER MAS1013J,0,,I146,ΕΡΓΑΛΕΙΑ,ΕΡΓΑΛΕΙΑ,image171.png (https://v5.airtableusercontent.com/v3/u/55/55/1785175200000/VUPtxA6R52IJONmHkj7v1A/JtVyQDpN5QktCScPBqEe6cMfaiiWN2NR8Y-84PWkx66ywwSIa_Av_GQSP8iwDr0B4QQQ39LwJphHvHIL_-QOD3VvjTvr_O7I8wueZV9p7dJP-DihySxKVAoFQU1lUPUUvZB2G-qnR3pa7B1ORPzS2F5k6D95WglFXs8YUSv_f5M/wPtU3aapelYijrR6AY95jf6B_B9xfCyJH6q_Zc9KSdM),ZPTMDP2003,0,0,,0,https://pdh-catalog.softr.app/reservations?prefill_Code_=ZPTMDP2003,,,
ZPTMDP2003switch,I146 switch,0,,I146,ΕΡΓΑΛΕΙΑ,ΕΡΓΑΛΕΙΑ,image245.png (https://v5.airtableusercontent.com/v3/u/55/55/1785175200000/aOz1HvZPsiGh8I30AJGv4A/fsLMCJtGhBmWExyuZo_AmFbXJwukMqLBVSAmq1rR5uRWZmic7HMqAPoWVW_4UP2gZgi1WrJRj8Z00wVd7o2dwkseBGxyNTHK3DrQlFFTY0dNapRAVKH61LMDlcldfSxiQcM5ydiqmmqMXAScXxXK3d5P-Uolqmd2AB44dW3Aq4Y/jH5U6pZrCFbE82YVb6iKM6HrOLh6qHW7nSOnvU0O1Wc),ZPTMDP2003switch,0,0,,0,https://pdh-catalog.softr.app/reservations?prefill_Code_=ZPTMDP2003switch,,,
ZPTMDS7503L,I146 DRYWALL SANDER,0,,I146,ΕΡΓΑΛΕΙΑ,ΕΡΓΑΛΕΙΑ,image216.png (https://v5.airtableusercontent.com/v3/u/55/55/1785175200000/c6vSlFv9YuGSQDFvZI-LTA/vNKtIBjRwmfXRqGlkbHHZnO7c1rFK8nFC9So3gLjqlMP1-Rl7GaNpWXil3D5BtGCCPOTFF3NmhpkWchdsS2cWxL7aDIprMyvdewmBX7ONy4odkFWFU6D8A2z5s3C2M1godSvP4EeK0yz7ei2vQdVwSA_IqaZAvmy2rRvcv-n3jY/8tcIptguYPdw0dl1ZipT2ji_VhVISzzcioHNqqF2T5w),ZPTMDS7503L,0,0,,0,https://pdh-catalog.softr.app/reservations?prefill_Code_=ZPTMDS7503L,,,
ZPTMGA0101018,"I146 18"" right angle 325 chain",0,,I146,ΕΡΓΑΛΕΙΑ,ΕΡΓΑΛΕΙΑ,image239.png (https://v5.airtableusercontent.com/v3/u/55/55/1785175200000/dGKC7qYC5QMDuO-tfgVPiQ/RBKKUnKhot2BSIF0mSSdTGhJY_w21f3kfzEHDCxFvFxSDJkB55QiN6CuS_TlU1mxV8BBjxmfcokRTdu3lkT4Dms5iK6V5nDNHd1qfBKag0PAa8VJaoSuIO2pj1_pn8FtaIDLGe8koXSaMdWVVk_XRh1zEjkaUcBHntPULOKpLhY/OgkX1oVbiJk1B1vJgTeEquXcWkFWf3hxTtiUB2E3Edo),ZPTMGA0101018,0,0,,0,https://pdh-catalog.softr.app/reservations?prefill_Code_=ZPTMGA0101018,,,
ZPTMGA0101222,"I146 22"" right angle 325 chain",0,,I146,ΕΡΓΑΛΕΙΑ,ΕΡΓΑΛΕΙΑ,image240.png (https://v5.airtableusercontent.com/v3/u/55/55/1785175200000/8TCjj8YJjGzvISPYUZGK8Q/qWkEpSA9BYCVlqA4jSjK1Lt4u0A1MtaJ7lEJYoTdpuThIUgA4BuiXXv7VAt5s75ngSpRh2vu2e9e4JdInQDpX4tguFH4bWwvH3xl3oknDJ6ENL0Qc5MnLjqJcwpwGDb75JYZQu5wMOnbV8OAWIkr_CdYGmIqsG2akTH0S47hYqQ/8Bw4GMjFvKzcaQKqQDymWRyIgn1NebGH-02GOrrQbOs),ZPTMGA0101222,-6,-6,,-6,https://pdh-catalog.softr.app/reservations?prefill_Code_=ZPTMGA0101222,,,
ZPTMGA0101818,"I146 18"" 325 guide MGA01018-18""",0,,I146,ΕΡΓΑΛΕΙΑ,ΕΡΓΑΛΕΙΑ,image203.png (https://v5.airtableusercontent.com/v3/u/55/55/1785175200000/6_owwiRRUaPUlhss9GI9sQ/wzs9QvHj6XkKEaG-cjMAfVpgmI4aytQeayDakpcq7bD70VPQJPvGQeYWzBnBBcdZKYNtnq42KHdH6Bhw_7m37LLiB4uC9SgO_EQc0iyTl62gO0ggrcXqx-pyWcbwjviR7g2TxUAClFBVD0Rc5yMedTItEHn4AHsv-k4KfV61ALg/PX9LhcFaAC7RhxTtsEZIAhc9coI1Qzo8r4Iz1gVVZh4),ZPTMGA0101818,0,0,,0,https://pdh-catalog.softr.app/reservations?prefill_Code_=ZPTMGA0101818,,,
ZPTMGA0102022,"I146 22"" 325 guide MGA01020-22""",0,,I146,ΕΡΓΑΛΕΙΑ,ΕΡΓΑΛΕΙΑ,image204.png (https://v5.airtableusercontent.com/v3/u/55/55/1785175200000/e7XU6LjEfb3rdI4cKAX56w/uqJku0B6uUn5Xj6i6ZNXVdK5kyxenX39GQmjHmIGiCjFYb_T3lbHaqaWyM5jX_GI5A81dFOxCr3QzvYz3z0YBT2dyd38U-Pv1RVomo0g_t-Z-5BK4u4j9LpHnqJIdE5kesd_g5t-hpKOYTjR-VD2Qu3--DNRCQO50C2_unSIkcM/2DkRzBFSYKFO3WN2jqmGmL1nrCF2z0_pnEIOeB7IvgA),ZPTMGA0102022,-1,-1,,-1,https://pdh-catalog.softr.app/reservations?prefill_Code_=ZPTMGA0102022,,,
ZPTMGS5803,I146 GASOLINE BRUSH CUTTER MBC4301- ECO,0,"5,0",I146,ΕΡΓΑΛΕΙΑ,ΕΡΓΑΛΕΙΑ,image174.png (https://v5.airtableusercontent.com/v3/u/55/55/1785175200000/1BJ7nPXthgugglR-9TvXjQ/fTpYFLrvthWX3ERytLj4tyW2dhd1KJb0goO-32q_mZ42aW3Sp0W1qMVDSVZbUDgnGl1jtdlQfcRuIIsjZeA1RDcb8ZDaPahreZmWj5I6LLDOdinQnpszmUGxdSzL_iKmojOZ_MEooE3Y8FznXQPTEOvVNm1MjbkAo42o6dQ4fUY/YTFTNfalOyeaG_hddj9p4gAr-x_ZTMhclw80Sw_aV10),ZPTMGS5803,5,5,,5,https://pdh-catalog.softr.app/reservations?prefill_Code_=ZPTMGS5803,,,
ZPTMGS580222,I146 58CC Gasoline Chain Saw,0,,I146,ΕΡΓΑΛΕΙΑ,ΕΡΓΑΛΕΙΑ,image206.png (https://v5.airtableusercontent.com/v3/u/55/55/1785175200000/oeRL6x2xN1dZjGq5tgkCkw/aLwNducBScrFqn9ks7RpSNYe8hq77ccHioK5JRhELPZSbnvNPA_LVG4lk6MgLpNC5iIANgLP2MjJniXZz3IcAWnXKgKxg6FnbVD2_C6rxIxW3uf5FGEjnMCrSKBH2ah6A0oStU9wtLO2gvgdVnb9cBZH98RyelvA41vGqBYBcVk/GjI0qxPDicGXfUEgiZNur6MTHfxPHaxBqY4y68quBo8),ZPTMGS580222,0,0,,0,https://pdh-catalog.softr.app/reservations?prefill_Code_=ZPTMGS580222,,,
ZPTMGS580322,I146 58CC Gasoline Chain Saw (22”),0,,I146,ΕΡΓΑΛΕΙΑ,ΕΡΓΑΛΕΙΑ,image205.png (https://v5.airtableusercontent.com/v3/u/55/55/1785175200000/44MIt0201Kc2w23VNVuKNw/z1GwuADyxSar6iSQ_B85KqL8iNnMuzcV1MV9VAqHGmWW5sk3L8PjFqFkAuAb4bzlFf-7XFJeuORA1Lxkh3JHaVfgt85pV8WFcyvfxfSjb-0-mr0QnCjwf0nXx4SySwhvEHQZtOVxmKy7bEve9h9va13UWOp8hos8JValY1y9VQE/qVVa7RrS3Qu8WxaUx82HlcCJ3aD-c0y9iN_zx2P2RZA),ZPTMGS580322,0,0,,0,https://pdh-catalog.softr.app/reservations?prefill_Code_=ZPTMGS580322,,,
ZPTMGS620124,I146 62CC Gasoline Chain Saw,0,,I146,ΕΡΓΑΛΕΙΑ,ΕΡΓΑΛΕΙΑ,image219.png (https://v5.airtableusercontent.com/v3/u/55/55/1785175200000/K-eAiJj7hYWMnVWs-F6mpg/GWWAi-DLyZSKmKtCWGgKRqC4ouPO-BsaPeq6tekkZyp3zGBj31I8upc23mVAb9oXeK8pj5TRrjbHnwyDNvmLrjleuxzr2C2rYkC2RncJ_5u7iVfDa_yGL6Ug6Km9OBGa5jVlopA7_ul9HuYNspqIdInNp2nothm_cShYw-DMNyM/WgHGa1j_xpftkNxt4tpIcgQTZUFD9Q2hZjMLSRDzBfs),ZPTMGS620124,-1,-1,,-1,https://pdh-catalog.softr.app/reservations?prefill_Code_=ZPTMGS620124,,,
ZPTMHA01012,I146 9PCS SCREWDRIVER AND PLIERS SET MHA01012,0,,I146,ΕΡΓΑΛΕΙΑ,ΕΡΓΑΛΕΙΑ,image198.png (https://v5.airtableusercontent.com/v3/u/55/55/1785175200000/IwgB9H52pdmmRyWhr0YlQw/CMspCgm9OJixPwDeSadrXG4xZm4kBFnwVF8ECDR9KPFLDNXwWh0ZA7okvi3_aW3TVvDHVSsCW1uhxHC8KK-nqG1petCPHEF0WsSA1P4wl1sg81GzgvCkdPyH_CDxJmhKCGJD4WUtd6LYzQaJ9AvsNkqoc07HjPSw3L-RS719H9o/hBnbQLJ3LDKDHF-_TjYqlgXrEimxZDOFnBV9W5Pyxy8),ZPTMHA01012,0,0,,0,https://pdh-catalog.softr.app/reservations?prefill_Code_=ZPTMHA01012,,,
ZPTMHB100016,I146 6” END CUTTING PINCER MHB10001-6,0,,I146,ΕΡΓΑΛΕΙΑ,ΕΡΓΑΛΕΙΑ,image195.png (https://v5.airtableusercontent.com/v3/u/55/55/1785175200000/3ZNRwHSnm4AWD16mc8-C4Q/pJbkOKcIFOo0_4yj4aJWKMsqPVAgBhumjKT3pOJorMMqGmvUdYqTdX5Rd3xDmLZYVM6KPnUQmiyQOT7A-Ol1ACOrWyhgGpueTfAz85Z_v3wDT9mjNrZU4vGWquFxiBgrxHfzXyGY4m__JbWMSGT1RtQQn3hDCRYbrIJNX8SxFp0/X1Nkv4jMkrrctx723GMJ6dcpSkDFHZtv6dHPMd2JIxc),ZPTMHB100016,0,0,,0,https://pdh-catalog.softr.app/reservations?prefill_Code_=ZPTMHB100016,,,
ZPTMHB100018,I146 8” END CUTTING PINCER MHB10001-8,0,"24,0",I146,ΕΡΓΑΛΕΙΑ,ΕΡΓΑΛΕΙΑ,image196.png (https://v5.airtableusercontent.com/v3/u/55/55/1785175200000/sFyNV2ZsR74CHClLXKc6mA/7t0DIt8imXxcztIvhaeaDJ2f93fGRLwxSXQ2l4NT0Ltu2zNCUPrPRf-aXh96dbfbH-4P39_mOL45xV67KWvFuml9K9L0xszcmJ8p7h8daoMTW6IaoNEjyItqt0h4VFKOshtSJdWlU_bWrvN6Hy2o7T9UK4ozi2V0CQPJaSo-kRM/64ejxYFsf6ABijuMkHGYySHoXJwSuiFeIRlbDay94kc),ZPTMHB100018,24,24,,24,https://pdh-catalog.softr.app/reservations?prefill_Code_=ZPTMHB100018,,,
ZPTMHB0700130,I146 30” Bolt Cutter,0,"7,0",I146,ΕΡΓΑΛΕΙΑ,ΕΡΓΑΛΕΙΑ,image230.png (https://v5.airtableusercontent.com/v3/u/55/55/1785175200000/XQWDT2Dd4ZmrawOLLNRJMA/SSvyFFBPP4CH5W78q_bgpFgQc1FKQT_dJlVsUTHcOtvR55ULb96UJZLapb8u4mkjISb1-RXHAzoGeHU3NIICjbGqMs95BeNXcnx6e7qVkw-3XnnuXAYBg-35JEkG63Oo1z-HO4pJlKns-QlxDAG0FeBKsfiuQHZpkI7ANcwY86E/BsmynZqV9wxc3mVgVokMfTbzZ8koQp82VOImFshdRcc),ZPTMHB0700130,7,7,,7,https://pdh-catalog.softr.app/reservations?prefill_Code_=ZPTMHB0700130,,,
ZPTMHB0700136,I146 36” Bolt Cutter,0,"10,0",I146,ΕΡΓΑΛΕΙΑ,ΕΡΓΑΛΕΙΑ,image231.png (https://v5.airtableusercontent.com/v3/u/55/55/1785175200000/Lno2leAxsdeIhJdwGdARUw/4HOpp-X0_THKM9cqQEwteD1vEjuouuX4y6us_a9_5iE30NWoND2gcj_cR5HHpfLbb8JDKw_aLRLMllGJwTGYmT8Zc2N2dXbF3SyhI9iY1514Q6WAVgtcYQ_q9KiIBYKGWDAg5xn-HQeNJTlDYtDBZWJekZOVjJ4iX7S4j_GptU0/7uGJTBZ-kIhLYiZ2-Hq6m0AzWJtn3jLXcTigteGp3dw),ZPTMHB0700136,10,10,,10,https://pdh-catalog.softr.app/reservations?prefill_Code_=ZPTMHB0700136,,,
ZPTMHD030021000,I146 1000G Stoning Hammer Fiberglass Handle MHD03002-1000,0,,I146,ΕΡΓΑΛΕΙΑ,ΕΡΓΑΛΕΙΑ,image193.png (https://v5.airtableusercontent.com/v3/u/55/55/1785175200000/VYxGiihmLEALbpFZDVaZqQ/ipNlKNdumEm4cYbdaqYCAhPhkwK0XyzZBosxdKX58UJF1MbekrPOYrILnaIm0VBYm7DYHvqscw1j_UhitRf-ohiVZJg4uQ0uu1qp4Db2RTfJ3Xj95pd9BXihIqaW670Qh8JKh77dS2sXEvLkeBfYrzVA_x1Xx4cPPMYnZxT7ap0/3FTI3umqgc_Ez9PyFD1LetBCOUIbCWF1b9ntI08n_CE),ZPTMHD030021000,0,0,,0,https://pdh-catalog.softr.app/reservations?prefill_Code_=ZPTMHD030021000,,,
ZPTMHE010048M,I146 8M Tape Measure（ ABS Cover),0,,I146,ΕΡΓΑΛΕΙΑ,ΕΡΓΑΛΕΙΑ,image232.png (https://v5.airtableusercontent.com/v3/u/55/55/1785175200000/b7KpjmD8-sWADDxiKPLmgQ/VNtVcOlrGYfWUwRu4gPnOqPMXcW80UaPtXtMRSWAJO4nB18x0WXIwj3GhN3Von0wb1hW9Oo7Wul8eW-JvUZYKKa6mNG2C5WOCI4f6ucn_vbl-kCCdeeGCd7xuTLeWlx6u-MLYY7cA4nWI1m3uvY9ti5OCeyqUJAb016RR0t9Npo/W19Ho-Y0RPBX3PD15K6-l4qbW02FoRyj4wvX5CTRag0),ZPTMHE010048M,0,0,,0,https://pdh-catalog.softr.app/reservations?prefill_Code_=ZPTMHE010048M,,,
ZPTMHE0200260,I146 Heavy Duty Spirit Level (60CM),0,"2,0",I146,ΕΡΓΑΛΕΙΑ,ΕΡΓΑΛΕΙΑ,image233.png (https://v5.airtableusercontent.com/v3/u/55/55/1785175200000/NIG7BDYlRRH1FB8FBfeIwA/hyNowY2bpvSQu66rfT7_dUM1j80fw29Z5NlEy8qfMajBOQHooCljP-pz60Dl5xzf1YJkvz7yfvMclvMlNI0j24ebqLTjAMXwRo5tvbU_3JFNFQ5wGaYeGyxityzhjoThe_nUy7oAXwdBoFipEiBd53zCTnoqYZmRt_e89JR1FiQ/TDdQ-xsvAEan3RSWzjt30c2vTOc2fAelMfnBIzP963k),ZPTMHE0200260,2,2,,2,https://pdh-catalog.softr.app/reservations?prefill_Code_=ZPTMHE0200260,,,
ZPTMHE0200280,I146 Heavy Duty Spirit Level (80CM),0,"10,0",I146,ΕΡΓΑΛΕΙΑ,ΕΡΓΑΛΕΙΑ,image234.png (https://v5.airtableusercontent.com/v3/u/55/55/1785175200000/uXOHKK77vk_S05qzHPmw9w/QzrG_mspXK6oju58VRKVv-9I-_ldVeISvA8QxgmVmIzvmd0oTjvVpvVjONo4KrYCGX0Kym8dpfdSHEI07wGb2hq3xPz2A92FwDX-DuGO99afbA6ntC1J4lz1klVcRFIBcTvuizksoch2NVgj8tdD0Vl2WPFpBXCNZaWu6nBQFso/9Rsgwh0HdEtlnxSBfsi5CqscC42tNe9JST9BDr5Dcdo),ZPTMHE0200280,10,10,,10,https://pdh-catalog.softr.app/reservations?prefill_Code_=ZPTMHE0200280,,,
ZPTMHF03003,I146 Snap-Off Blade Knife MHF03003,0,,I146,ΕΡΓΑΛΕΙΑ,ΕΡΓΑΛΕΙΑ,image194.png (https://v5.airtableusercontent.com/v3/u/55/55/1785175200000/t-bW5WwBalLovbFNS9d2TA/jX_3NsP-oXU88Or7yJyQLwB3iaiXt0AaTmVJQOil3U8cpcUgO2GYBeNMo1rF9PBhqrWvzlvIzHxR-3g7M85jT6WAli7OayMP-7ZFHzY6FnJwIFYDs6nQIJWrYawSKresx6PrSp8JRLcVW_ni9VfRjLbuYtvptHaJuJc5SaTLc5A/2JEB1GiXDYpm47K4jBPpkrQnd5U1AoLKqLDzfw_ycaI),ZPTMHF03003,0,0,,0,https://pdh-catalog.softr.app/reservations?prefill_Code_=ZPTMHF03003,,,
ZPTMHF03005,I146 10PCS Blade Set MHF03005,0,,I146,ΕΡΓΑΛΕΙΑ,ΕΡΓΑΛΕΙΑ,image201.png (https://v5.airtableusercontent.com/v3/u/55/55/1785175200000/cOsRQtsWpT1WMx-MzgwSrA/M4d5RQlAVQjALRO6ANQOz_0foPBwJvPVwWRZCO2VwtzRrfEfHyEEMjjgmvTF4hCOCnoHIdnuO95VoxfqpeFwTWoGPZ8UlRdDURX0poEOqY9w6i4sftwaS3sS4EGU2C90vx7DY2BEYjVFqKo6l5v3yzsXr_VA6N624uBbRNIF78Y/Bqdtgs-yE7IxLmDouvsJRrANTX2vL4T1Drn58OeivB8),ZPTMHF03005,0,0,,0,https://pdh-catalog.softr.app/reservations?prefill_Code_=ZPTMHF03005,,,
ZPTMHF0400224T,I146 10PCS Hacksaw Blade Set MHF04002-24T,0,,I146,ΕΡΓΑΛΕΙΑ,ΕΡΓΑΛΕΙΑ,image202.png (https://v5.airtableusercontent.com/v3/u/55/55/1785175200000/XJJt_j4Larfe6RNbzE7wcQ/nieCHmDxeOK4wuqFVWbZG15mCkV-DUMEkGLIHEgZeAzbQfzNDLt31UGKlbv2ve1Nn8CO-RWq-2eS_x92o1_DGcAcdPGB1C66Ahmc8aKN1TA-qc_JP8EwMQhKXkG4e3A8ehmKQNpoRnrbg3Z35nsha0qu4PEWFAVNK6jFfNopnSY/wZ9inrNt9grRJwvilVrdgIl4MsX582OozEdNCfb2NQ0),ZPTMHF0400224T,0,0,,0,https://pdh-catalog.softr.app/reservations?prefill_Code_=ZPTMHF0400224T,,,
ZPTMHG2005V,I146 20MM DRILL PRESS MDP2003,0,"11,0",I146,ΕΡΓΑΛΕΙΑ,ΕΡΓΑΛΕΙΑ,image170.png (https://v5.airtableusercontent.com/v3/u/55/55/1785175200000/FbNS9tZHY0FYigI-HiqQpw/73zEVX8xmvqhL07b_wNM6hjg2UML-cSNQugnl9PwU0PQGSqBfxpKl5H8la8cpqzoIzRIqzgulw729FlnRN3O6KeFo9I8Q4OhZx0S-8mZN0WLXngrCEQuNj3hS565r3cqtDB5UN2vjPMpVWqllXQmqy18CBlpo1vVEYCJWhH2MTs/05vu3Clu8d4EBRQhjmY06oXzwFLxmZDxc7zX3z4Eqpc),ZPTMHG2005V,11,11,,11,https://pdh-catalog.softr.app/reservations?prefill_Code_=ZPTMHG2005V,,,
ZPTMHI02002,"I146 9"" Caulking Gun",0,"10,0",I146,ΕΡΓΑΛΕΙΑ,ΕΡΓΑΛΕΙΑ,image237.png (https://v5.airtableusercontent.com/v3/u/55/55/1785175200000/UTAkCAqKrVEUPA6YetK8pg/dcP9KKb6V8Hg9N2e6A6w20ecMoYO3b3u0clsitEnytK1o7gGqMACoI8LkRmhS__a5tmslFrjKjCXAiIuHNl3AMKHcrH4lWY_P9PuRB7t9Pv9mVBaawEYCce-7jAliL_nIgZj6Zq8Oeo0RasiX7rE7GDP7mZtdLPpCGPIX4ewI6E/xa9vUnFgkBM5-z5xkeY6jWlJA5S8a_4yFk-rfrrTG1g),ZPTMHI02002,10,10,,10,https://pdh-catalog.softr.app/reservations?prefill_Code_=ZPTMHI02002,,,
ZPTMHI040012,I146 PAINTBRUSH 2’’,0,,I146,ΕΡΓΑΛΕΙΑ,ΕΡΓΑΛΕΙΑ,image235.png (https://v5.airtableusercontent.com/v3/u/55/55/1785175200000/ZlYADLxPQ0wL_JZN3jHl9w/sAZclM_GJ1T3xHnTOjnSRcFCaHovP_w0p_wCIuEulgHAJ5hUJvQgrWn7kqbtW0gZ9Yrh9mtoFjdesiDV1_BHWWcVCivk2JfMMFG56KFyIPYDpuGuXkAnVvmYqT15K6rPtNZYkVcVBAMFk_m7uxpBwBB7CAiYnj_I5oJ0BGrH2e0/iqDVQRyeDKwfj703eqQ0ausWMVqVTY-3m6-Af8eJ9c4),ZPTMHI040012,0,0,,0,https://pdh-catalog.softr.app/reservations?prefill_Code_=ZPTMHI040012,,,
ZPTMHI040012.5,I146 PAINTBRUSH 2.5’’,0,,I146,ΕΡΓΑΛΕΙΑ,ΕΡΓΑΛΕΙΑ,image236.png (https://v5.airtableusercontent.com/v3/u/55/55/1785175200000/9fsrD2KGxLTmkCfrrcSl-A/pQ0h9FOmdPKAU1x9UUwcBdos1UE8P8Y6QLjPv8HbDD2VsZrU9eIXo5MLkhNiEzih4X88zCZiw1QU_W_8OYoNlbIe4Dxlj7brJ1jCxZi3HPbORFKYvlaK66BwfKEkeAv3KU9QLbhH2fqcxc7W28slGWc_vUegpiciXb5ZDeZHULU/IWmY-sLtPFDe-xbzlT-u5BGo9lb87xnZV3ITAveJIqw),ZPTMHI040012.5,0,0,,0,https://pdh-catalog.softr.app/reservations?prefill_Code_=ZPTMHI040012.5,,,
ZPTMHI0200315,"I146 15"" Aluminium Caulking Gun MHI02003-15",0,,I146,ΕΡΓΑΛΕΙΑ,ΕΡΓΑΛΕΙΑ,image200.png (https://v5.airtableusercontent.com/v3/u/55/55/1785175200000/mfVjWaf-qvz5EJRUoewvXg/bDfmIlwEk3HktVGOvnL6I9HakMtXgJkjPoPIpdQ0aBLlrcuhk4m7152SF_er0neZF2Ihhy40gXr9ajWVs_vQcxf_D39d-0bgzJShFLMLzVfj5imNDuwqEMA7BvDiRcoEPpLZtLQB0tk7O9xnGF-ChpSKpIDCVT1jGTo7JQPETtw/48_PfN2CEszORbHgVnRk65x2yBPm8yC3BdL-vYZDHdo),ZPTMHI0200315,0,0,,0,https://pdh-catalog.softr.app/reservations?prefill_Code_=ZPTMHI0200315,,,
ZPTMHK01001,I146 Safety Goggle,0,"40,0",I146,ΕΡΓΑΛΕΙΑ,ΕΡΓΑΛΕΙΑ,image238.png (https://v5.airtableusercontent.com/v3/u/55/55/1785175200000/psYxGjetq70_hVpKpqBiOQ/rW-BZ_h43OIA467Sxlm50h7PRMh7BYJpjnpX61ofJFLM_DBXfAVprEg_Xm7p8OWBRgfWDihpXS4Q-QaP3-B8gOacoWhFArqxJutq4sC406lX4skLTh10fyx4NOckwTQ432kSrUsmtq0YrN8IdbgzW4jkOyUp_BvWPTE1c1XhPqg/fiZ8qgxCiISimFQPWb1JXZ5S9VFDSWry3ZJjrHcoimg),ZPTMHK01001,40,40,,40,https://pdh-catalog.softr.app/reservations?prefill_Code_=ZPTMHK01001,,,
ZPTMHPW1803,I146 High Pressure Washer,0,,I146,ΕΡΓΑΛΕΙΑ,ΕΡΓΑΛΕΙΑ,image261.png (https://v5.airtableusercontent.com/v3/u/55/55/1785175200000/tA4hAOoCmsRce5qUWXQr8g/zYVyXNK1IahxvxS9D1r7E7j51LZnhy5D-eqUM0S8xO6I_BQDyJh1nTbMpFOnAyrHoiVDB7JnMusvLUCN47P7Oi-6266AT8O35DNkv6Sgd18eFxIyyhU-bFfn7eLdblsky4n7wnlTwwg4rakoMTk7DXMIQ2RZolR7nijgvzO4hF4/UQG_yXCb2aARyos-uppAfFpKmHKO7cUKlghXbuiY13A),ZPTMHPW1803,0,0,,0,https://pdh-catalog.softr.app/reservations?prefill_Code_=ZPTMHPW1803,,,
ZPTMJ150022,I146 2“Diamond Core Bits,0,,I146,ΕΡΓΑΛΕΙΑ,ΕΡΓΑΛΕΙΑ,image262.png (https://v5.airtableusercontent.com/v3/u/55/55/1785175200000/dFwQ8RinnG2U9E2qz8uEQA/idwKZPmSCPtjgmNWumxw0k2s0m2CedICe_sQQ0pgOOvHcfPZaMYdCIM4Y49hoG6qJrg8ssbK32857xxLRZ_zV5lM2ezC8pKAynLVYo1XL6rEgs7VmWOIR9zHXOdLjcPRZp3Olt4gKhreMzmOPOlTVALCAcuhFVeqXIVbX6Cm-ik/BWVi0uprjXBhawOyT74wBGVCTnlrLvjM5mafXAtN1E0),ZPTMJ150022,0,0,,0,https://pdh-catalog.softr.app/reservations?prefill_Code_=ZPTMJ150022,,,
ZPTMJ150023,I146 3“Diamond Core Bits,0,,I146,ΕΡΓΑΛΕΙΑ,ΕΡΓΑΛΕΙΑ,image263.png (https://v5.airtableusercontent.com/v3/u/55/55/1785175200000/znnJstBh0BoReVrOcYEnAA/iftmIfGPmwjj8jdUyPDH3u0Hp_oaiBhTLhawnrl27Dzr6IaHv7wGNUa9RZwiyY3Y9CXn7IBLZT1KY_wGnhrgJ-V2L6jypYdT0nmbQlE-rEnVt2cw-TglJ9YRcno27C4TAI483wZnRr4u5JxvGAJTynDxAFix6yA_Ctw8YmzopWY/RpWKVNv_rdyLQcXbxizK8ume29XJ7GMwXWxubkzmHkE),ZPTMJ150023,0,0,,0,https://pdh-catalog.softr.app/reservations?prefill_Code_=ZPTMJ150023,,,
ZPTMJ150024,I146 4“Diamond Core Bits,0,,I146,ΕΡΓΑΛΕΙΑ,ΕΡΓΑΛΕΙΑ,image228.png (https://v5.airtableusercontent.com/v3/u/55/55/1785175200000/8fteZw4aYRIoIDJW5upIjg/_BNsV-av7uv0L_HYE0zNLF0lVkT1tBYWmYCuP5-0y9GhjLs2sdgtULxgwRzV45g-nuV1JjGX0qmOELuWPCcxRPWUqO09slYRLJkmQG7PhEcgv6b3jwi14Bfd2Flc7dMGFWfAOfNGcqvYaqPpqKkyNAMWIzMW_eDU0acC7zcXz6E/09RI_a3v3mbDGu9_sd0SjiSwiyzUBcooWFk7YQk-_sc),ZPTMJ150024,0,0,,0,https://pdh-catalog.softr.app/reservations?prefill_Code_=ZPTMJ150024,,,
ZPTMJ150025,I146 5“Diamond Core Bits,0,,I146,ΕΡΓΑΛΕΙΑ,ΕΡΓΑΛΕΙΑ,image264.png (https://v5.airtableusercontent.com/v3/u/55/55/1785175200000/7hkCAnBGpmOQa3HgN-pjvA/DyvtYEsoVSfoSVHrreXVJMc0BwxPBGRQAOS0lbMc2SZeMF761bi3hBThDshS9jaiu83L7Rm0Uy4TiVucEr3F0XH38yBgLMWCDUGCF2B1AeglvTbdNubIXw7MzQzgyHvQ88yKwRYSZzE6dG_XbN8tTMlPg0zkpayWQvJZf7H1PJE/CEFlMDNGkpw-3cfzdsg7ULZjF-nK3Yro0CYwq0185ec),ZPTMJ150025,0,0,,0,https://pdh-catalog.softr.app/reservations?prefill_Code_=ZPTMJ150025,,,
ZPTMJ150026,I146 6“Diamond Core Bits,0,,I146,ΕΡΓΑΛΕΙΑ,ΕΡΓΑΛΕΙΑ,image229.png (https://v5.airtableusercontent.com/v3/u/55/55/1785175200000/IkSYwn22oeYv2E99TZbj4A/UHrsx_9rhISSxb3xqYAwYAjKXKklkWohKvNC1Ye1y0AWkOVygecwaj7Y3Tu6tVQHxsEbY5OAUuu-Ixfuqy0RJVGob3Eb6OuUD9b5Q1yLMUtLgi5jdDVi36C_j6VVcILirZ2_339LaM1G8GOwUm77Z_yNE6H-ZCjHpx3V9u9MwSg/AzUvTcnGQxpLLY_Jo8gOK7DijtyOc3eeV-cTlNEt918),ZPTMJ150026,0,0,,0,https://pdh-catalog.softr.app/reservations?prefill_Code_=ZPTMJ150026,,,
ZPTMJ150028,I146 8“Diamond Core Bits MJ15002-8,0,,I146,ΕΡΓΑΛΕΙΑ,ΕΡΓΑΛΕΙΑ,image199.png (https://v5.airtableusercontent.com/v3/u/55/55/1785175200000/jAW99bM6C0Qv4RHEy74cSQ/7rj0f8KVXEDIK3pkpV9daJF55A6uaSXeI_pFUUmugaUBagwsV1cgmAipaWaf9Qc9RyOyXToIgZ5W_uEPEtgDWqya_04iBY6P9qc3fwep0rQdIA3EDHOCOm1fwEtiOyFvOkW1S44SIueo7i5fZjrXrH2GC4uaPYHMvyFXPV1bVR4/lbDnB9OkDKvBgcZsY_fL2PXfigf-flqISMyqCeCKo30),ZPTMJ150028,0,0,,0,https://pdh-catalog.softr.app/reservations?prefill_Code_=ZPTMJ150028,,,
ZPTMJ020011006,I146 100MM Grinding Wheel,0,,I146,ΕΡΓΑΛΕΙΑ,ΕΡΓΑΛΕΙΑ,image255.png (https://v5.airtableusercontent.com/v3/u/55/55/1785175200000/zHhMAsNpH8YGUeMlz4NiPQ/MAgcPThZhBNd04FtRtBVXiz82o_2vTRM0RCxNvXKbkfgT4rzxKTtW_wPOfW30b4zromdQPL_d80d8tglYJWUYNW_ap0x54kPjy1xkDFTuPNJGsJkYHK1umssLf8eqxeSE6PICzEaLqw3IUb7PRnx1bf7ihDHioq6eGBI7Dk4PNY/jkkLZ76NCVr5hdSl-ympRctTcurisjs1Bd6n1d37S5M),ZPTMJ020011006,0,0,,0,https://pdh-catalog.softr.app/reservations?prefill_Code_=ZPTMJ020011006,,,
ZPTMJ020012306,230MM GRINDING WHEEL MJ02001- 2306,0,,I146,ΕΡΓΑΛΕΙΑ,ΕΡΓΑΛΕΙΑ,image177.png (https://v5.airtableusercontent.com/v3/u/55/55/1785175200000/RH3OOLQo68BYmlHddROFhQ/ISfOl85wm9pPYCvScHDt52mLGbEZcc4HtrXRUbQTu_lkns42jT5uuMRaXqP-E1IwuPNWOlaOUfM8mTKYDDDE-vpHDl93PKUN6qiji9W2qIeWMPZkvHHdFjIPJd-07EIT9AqAmbvWdI4hhHU4U0tsB-mWMpS9foG2VTsm9LgMhP4/_GLUOWlmdU6hzqUcFLCfPZRgHz7kpl8UD5wroTT3QV0),ZPTMJ020012306,0,0,,0,https://pdh-catalog.softr.app/reservations?prefill_Code_=ZPTMJ020012306,,,
ZPTMJ030011007D,I146 100MM Diamond Disc- Dry Cutting,0,,I146,ΕΡΓΑΛΕΙΑ,ΕΡΓΑΛΕΙΑ,image222.png (https://v5.airtableusercontent.com/v3/u/55/55/1785175200000/EA8RTaPD83dC2VmFSZlcmA/biuBPwqfpweNDbKBMjpLQto2pwkaE2BLh9cM2nsgNlXi0MdAyve1moisJIXbx8e9zypsA14BneTal9xjYgEPpkEXcnUSAZ4-KU8AZ0PDr0ZrIVpKV22y3tDW72wYK0N0RzNeYu6VVmw187HGcfTlqvLzS_Xs4lGxG4CO9g6hd-o/TY81DqhNWbwy6MVBsOHyBH7LpLXT2HX_hqxs1YfqQO8),ZPTMJ030011007D,0,0,,0,https://pdh-catalog.softr.app/reservations?prefill_Code_=ZPTMJ030011007D,,,
ZPTMJ030011257D,I146 125MM Diamond Disc- Dry Cutting,0,,I146,ΕΡΓΑΛΕΙΑ,ΕΡΓΑΛΕΙΑ,image223.png (https://v5.airtableusercontent.com/v3/u/55/55/1785175200000/cXMxFsycS9PfddhKrAdWcQ/i7JdJ4cePkKiAVs8tUzJNDz__hdQgX0kpHoGK5BE91X29U3KAxh4_lQxzvW663zliLoqnYPy1N_p9KuZ955N7bjHH9tD6PzQNPDENW1EeBNaMjN8EMep_pUD1K7k8KjAgDpDGn47zVDOvABUZFXUz-t4Khviwbbw0ilxpH2SUtc/6eM_RNvk0lYJzvvZ-43hG88Z2TeQlDTp9DtQMxtw0TQ),ZPTMJ030011257D,0,0,,0,https://pdh-catalog.softr.app/reservations?prefill_Code_=ZPTMJ030011257D,,,
ZPTMJ030021255W,I146 125MM Diamond Disc- Wet Cutting,0,,I146,ΕΡΓΑΛΕΙΑ,ΕΡΓΑΛΕΙΑ,image220.png (https://v5.airtableusercontent.com/v3/u/55/55/1785175200000/xugC5gM1WLWbpHIBAoNhMw/kA4vN6dfTv9q0ikM0mQWUkypaHAwNmE4CfMHNZRnzCWeTyuiy1t6bGSPiOOwB16aMySedoSdbWoKXZfxcWSPm814ckE6BBBV6Np6jjF3NYz8tA0VVewTob9stDgE_VCVDIrjZJE_3OknId3ZUwYkz6tTjoUml3lvoCooKgtO-54/JO3c05cuw-Ga5wZrwXsQ32dOiaYc3wgN00KXNsfYaqg),ZPTMJ030021255W,0,0,,0,https://pdh-catalog.softr.app/reservations?prefill_Code_=ZPTMJ030021255W,,,
ZPTMJ030031257T,I146 125MM Diamond Disc- Wet Cutting,0,,I146,ΕΡΓΑΛΕΙΑ,ΕΡΓΑΛΕΙΑ,image221.png (https://v5.airtableusercontent.com/v3/u/55/55/1785175200000/0-83HAJqbs1aQxVh6uaseg/efmt5bsxVnTEDMqj31mHdP_3V8RfkIbeQ6PshIOpHg9Ppguv1Kq3QNPz9ADjhL_qFhYhbhNKRcooe_NSXq4muztN4EdD8l4hvFqznyT6DMa6nUqewStdB9_bcUyXWym71EHJClxj0pHfWUxHHLZy6JsEQiJFadH9Oln68SYdQ_s/rJ2JDO2dIgHcNWGecrm2nCUuypS71pmx1pachHc6zCI),ZPTMJ030031257T,0,0,,0,https://pdh-catalog.softr.app/reservations?prefill_Code_=ZPTMJ030031257T,,,
ZPTMJ0100112510,I146 230MM GRINDING WHEEL MJ02001- 2306,0,,I146,ΕΡΓΑΛΕΙΑ,ΕΡΓΑΛΕΙΑ,image176.png (https://v5.airtableusercontent.com/v3/u/55/55/1785175200000/8oOrXROWvTdZjnJAQdilMg/5kBo6DyQ3Wn_UemvQqdHX_Y-56-koj4BOa5UYwXAf2t4rTlEcNU-u1-K6dFpi_-Nt0VP---mAQuOSMTxYTa3Wpl9tQp1ZdVyOGkqYA3rGhm6N2fqBO1NdZbem298MVuq3-5wuiPjpXh8G8PhyV2DabWIEUhbxpN8B_rtI1n5Pek/n0fy6OnYt0brRUvR3cFK_m1sPn3Vp3M6qu3pQVobn1M),ZPTMJ0100112510,0,0,,0,https://pdh-catalog.softr.app/reservations?prefill_Code_=ZPTMJ0100112510,,,
ZPTMJ130057514,"I146 3"" Cup Twist Wire Brush With Nut-M14 MJ13005-7514",0,,I146,ΕΡΓΑΛΕΙΑ,ΕΡΓΑΛΕΙΑ,image190.png (https://v5.airtableusercontent.com/v3/u/55/55/1785175200000/SscWUlPyh-dijN7l46cggQ/NpH5d9aX7gYzs3oHnv6s6VBV4_uIT4XNwkf-gdjIlGaVumKpOGG317gOlNOvc-8f2oF-lhy4xU06EFxLbzl2G1CUTYzq_qtoFVYiFVNI89AXthMeB6UVwIS7w5ImhASvwbxdVGF935PHc9A0qdR6LNewhRK6NeNQZ1CtxXk96QU/fOTrN9H_hXtx7Sm4EOdMuy1kaAnw2O1p21tsxqLYBI4),ZPTMJ130057514,0,0,,0,https://pdh-catalog.softr.app/reservations?prefill_Code_=ZPTMJ130057514,,,
ZPTMJ0600114250,I146 14*250 SDS PLUS Point Chisel,0,,I146,ΕΡΓΑΛΕΙΑ,ΕΡΓΑΛΕΙΑ,image225.png (https://v5.airtableusercontent.com/v3/u/55/55/1785175200000/A2Pn0rBOtUt0pVZqw7XjBQ/tjNPS7jqOF0IaCh-OMkm7KzXnfWFWHBo7gcpRBnnHnZEiUgsHnqp9SwCelkGlQ-dC3sxr2oCWPyi1T_vueHtMmPI2w-m7vppjXrJRRTG3Z1rZF9mi_o7U3IJ_Gm7o4fyaRguhY2-oL_iyTluPQJ3wGPh2PN2aadkC6Vytvw2Dus/N-fcUdMnhGHXAT7rvjlAtsXP2Dw_PjOqtuVFq8IvyeY),ZPTMJ0600114250,0,0,,0,https://pdh-catalog.softr.app/reservations?prefill_Code_=ZPTMJ0600114250,,,
ZPTMJ0600317280,I146 17*280MM Hex Point Chisel,0,,I146,ΕΡΓΑΛΕΙΑ,ΕΡΓΑΛΕΙΑ,image226.png (https://v5.airtableusercontent.com/v3/u/55/55/1785175200000/UZhdV_RwRDQNs4Bsl90HDg/7l-bn1LnGQ3Nbts-rrvVt5v31UP6tZYbd9Ad2NnVJSGwnuYl7sVw_kIcO5D7IRQiC5xVanmGs33EDfbf2Ex556rrZ2K0uj7lYJy0otn0lAesEfztck9kVK5YttJIjU5QohRSxOXeemMqaDESjjYyHzGt0Ktm7jJXhF-68qrUCHQ/TbFNGFbbVDXIBO81XIm1n2m2YzOe_2YPMxJZhgI3ij4),ZPTMJ0600317280,0,0,,0,https://pdh-catalog.softr.app/reservations?prefill_Code_=ZPTMJ0600317280,,,
ZPTMJ0600430410,I146 30*410MM PH65 Point Chisel MJ06004-30410,0,,I146,ΕΡΓΑΛΕΙΑ,ΕΡΓΑΛΕΙΑ,image188.png (https://v5.airtableusercontent.com/v3/u/55/55/1785175200000/gT6iyn2xlBhJ0eg26OxMZw/VKLxjdz3vSFcTs1Gs1oOGSSacsy9HEElrqhLyKUeIxwLCMNyu66HVNYZOSaS7AFUiCcSctz4QmkgjIp942y4fX9lb29tv1vPmoY5wFy07lZkWpkTEo8EfR4s_3a8U3M0AXpJHlZ5lzHNRgoPAm0wAHK__yLsnWvZlS27TL0RmBo/2j8gWL5BdYpmujeRVglAImJZph1vTO5utxVPctxfO_k),ZPTMJ0600430410,0,0,,0,https://pdh-catalog.softr.app/reservations?prefill_Code_=ZPTMJ0600430410,,,
ZPTMJ1300510010,"I146 4"" Cup Twist Wire Brush With Nut-M10 MJ13005- 10010",0,,I146,ΕΡΓΑΛΕΙΑ,ΕΡΓΑΛΕΙΑ,image192.png (https://v5.airtableusercontent.com/v3/u/55/55/1785175200000/5wfF_5eYuV7uYJMfNM47-A/kFaqHY61CCywliiyVnKYAT1h-eaUKkbQaBJOgXBXiQVeXlL8R9xIQx0ChXZOeO4agzG-jiRIdMXqdjBSQdWJC5vFDowC_sirEWb7GgneqpA9mMnG_n8v3N9K4eB3KhnBgbYIIKkyhoxb4WLGJ3MJmMAlotpXMt2xZ_tyRgsGWkw/eD5q71hvNsO2RFIjItXXwXe5zRh6gWRqKZvzdoUDV8o),ZPTMJ1300510010,0,0,,0,https://pdh-catalog.softr.app/reservations?prefill_Code_=ZPTMJ1300510010,,,
ZPTMJ1300510014,"I146 4"" Cup Twist Wire Brush With Nut-M14",0,,I146,ΕΡΓΑΛΕΙΑ,ΕΡΓΑΛΕΙΑ,image227.png (https://v5.airtableusercontent.com/v3/u/55/55/1785175200000/-_SAckKQdezGkbYPd9jSZw/NScKM-puOP791HuDIjDXEoAjJlpKgTiNx0e-7KCT4yo29Gynj2YcIDtbpp6XEogsfINL0vRODPqDcQh33h7Zwmj83wSgStswNwBiM3PJJjifSw4l1xHNW27lh5LuHm3GDvXpZSml6VVQkD_wf_HMscY9brZL7DAwHJf-Cyk2Tig/lmjUnPDFiZpHvuvOzhl3i_8GN2M47bgxc1TZpR_NyXk),ZPTMJ1300510014,0,0,,0,https://pdh-catalog.softr.app/reservations?prefill_Code_=ZPTMJ1300510014,,,
ZPTMJ060011425020,I146 14*250*20MM SDS PLUS Flat Chisel,0,,I146,ΕΡΓΑΛΕΙΑ,ΕΡΓΑΛΕΙΑ,image224.png (https://v5.airtableusercontent.com/v3/u/55/55/1785175200000/CroUue1FDmnjC9oS79iCyg/Wqvj6MMhFcAKXardP6MIdfcUbKLF92kuHAoUm4CyEKxH51DagVkLCmG0PRCfhRx9ygxC6bJvZwuWj9w5uPvETWuP52HaePZxKR3vA-PFuZJ2qtS8wpbmV6tXCDGKIuVhkaEimW8aF5ishKg8BIFj4GvkH0xQMMGMri47rK-lofw/7PtgQP42yVbPLLA4Dl-5IMZmSI0T6ll7wqhLHQB-_X4),ZPTMJ060011425020,0,0,,0,https://pdh-catalog.softr.app/reservations?prefill_Code_=ZPTMJ060011425020,,,
ZPTMJ060011425022,I146 14*250*22MM SDS PLUS Groove Chisel MJ06001- 1425022,0,,I146,ΕΡΓΑΛΕΙΑ,ΕΡΓΑΛΕΙΑ,image197.png (https://v5.airtableusercontent.com/v3/u/55/55/1785175200000/JuI_iZMy6pvo0BvpYH4UnA/GoS9q3JFSjPoWyGToR0-wZIC2jgQxSsgJs6vg0feKaKDQNX88QjuarlILHQ9DDtd2sXTms0I40jBiyrZB7zJUU6t4p5dhI7y4bNzdL8oaJ_XrbtGafaijqNQWKqIa5ugKQ3_19mnLEH-BgQdEujIHbkfy0Vkz8vnfbKLNmb3qlI/VAFWdehf1pKxaHdBKekgdXSeCmAjZgF5UyUCpXsRdkY),ZPTMJ060011425022,0,0,,0,https://pdh-catalog.softr.app/reservations?prefill_Code_=ZPTMJ060011425022,,,
ZPTMJ060011425040,I146 14*250*40MM SDS PLUS Cold Chisel MJ06001-1425040,0,,I146,ΕΡΓΑΛΕΙΑ,ΕΡΓΑΛΕΙΑ,image191.png (https://v5.airtableusercontent.com/v3/u/55/55/1785175200000/Pz0TrtxfUuG_8JKaj0EoTg/7ZAQzrpt8rTOMF9nstAxK2o_Tow2OlcxYJQNEL8-Hd5s22Dt7r0Kl-0uhVWm69U6PPmqZ3AyIcZ8ul-zApsa1wPb--6wIcemTAot_UrP7rW3njYbbdMaAaU7Kn3QSlhTEzPhZImwb1hELDNxWyoBqXp8AxrWZzT-6hnhqoc0G8k/iUJsyDJ54MG9eCthYfpTY5Ew8qLMvKC_PTwt0AN82jU),ZPTMJ060011425040,0,0,,0,https://pdh-catalog.softr.app/reservations?prefill_Code_=ZPTMJ060011425040,,,
ZPTMJ060031728022,I146 17*280*22MM Hex Flat Chisel MJ06003-1728022,0,,I146,ΕΡΓΑΛΕΙΑ,ΕΡΓΑΛΕΙΑ,image186.png (https://v5.airtableusercontent.com/v3/u/55/55/1785175200000/W7ucTlz1nbS3cwWQBzQ8aA/9CJ7FHulZ41iTfsAwHHe09K6pIQs_x4B5x6ycc74CL3a90SDq7Lwa_itsi-stS4fUwMP445_iOfo6FxwnOGRiMZ9vi8j7rdIwjDxzNC9YqlEonAhf50Xs_N1hhIFW5aLwZUegLFIlRa2F4VSNYfVsOa0FCsPaElNo5twFeBntmg/LBgOaYgUkjQXfPJMKPqfBbMbFt6PWZuI8QoDXHZ0tEY),ZPTMJ060031728022,0,0,,0,https://pdh-catalog.softr.app/reservations?prefill_Code_=ZPTMJ060031728022,,,
ZPTMJ060031728050,I146 17*280*50MM Hex Cold Chisel MJ06003-1728050,0,,I146,ΕΡΓΑΛΕΙΑ,ΕΡΓΑΛΕΙΑ,image187.png (https://v5.airtableusercontent.com/v3/u/55/55/1785175200000/PeeoOIY3XycVgdhtIu41ow/74UCSDZ5LUHbqbsd02HrOBoyktxpFVjsBpaNsp1qUk2Ynm4LOeubWeAXrRZDhOqagt9tGBKIKc0nVqPGimuWf_4fWZiB1ZAQrsDOUwkue4JF619abKqBm0m_DK5WvSf9reYpv_D8Vu74dLT0m2PHqcPZeqT42trpYwkpHbCafNc/70aY4CkDihf-ba4r5ZP7t9y-YaErTgipn2g0gRAAr_Y),ZPTMJ060031728050,0,0,,0,https://pdh-catalog.softr.app/reservations?prefill_Code_=ZPTMJ060031728050,,,
ZPTMJ060043041035,I146 30*410*35MM PH65 Flat Chisel MJ06004-3041035,0,,I146,ΕΡΓΑΛΕΙΑ,ΕΡΓΑΛΕΙΑ,image189.png (https://v5.airtableusercontent.com/v3/u/55/55/1785175200000/y8vFF3zgeeg13ypYTD8HJA/caGH8t63rAoYHwK8LdAhAPrl9-JncQ6IpIP3iddyL92kBpUbbOyw-WMXTP4KXqirzskSZ797VxdB4sfXzsYs8toOXJZQa6ZLPcoiK-MzN5J3hcHcKVNCkleeVvUUHlEboZf5o5eRc0A5jWa-vAR1OuFepeg5lBYlZpNd0iKyUwg/_pgSAtfeuc-KYpQ3xve1n6X6cWmTSq5mLktb-sRvPjw),ZPTMJ060043041035,0,0,,0,https://pdh-catalog.softr.app/reservations?prefill_Code_=ZPTMJ060043041035,,,
ZPTMJS7003,I146 HOT AIR GUN MHG2005V,0,,I146,ΕΡΓΑΛΕΙΑ,ΕΡΓΑΛΕΙΑ,image169.png (https://v5.airtableusercontent.com/v3/u/55/55/1785175200000/V7o8D1Ze7dKrHMuj_VZ9FA/xg-mIGGylRlqSCig4LhgXgz2wlvZwuRIUjHMBd0m_mwLgR8lS6KIeThn2NGcbiWPtKFXDreEWoM3YPQJmpH60PV4gHwbMXHnIoRjzW14yOJcMwHvKwqA2_-P6-2dmLlf3h9PD0pGfyNT04WtDo1C2-qos8VtuHzYBLYKPTG5z0o/tsvqT3ZHuLtQ1My7Yuw66eSwNQrdrixWryCRs4yukcU),ZPTMJS7003,0,0,,0,https://pdh-catalog.softr.app/reservations?prefill_Code_=ZPTMJS7003,,,
ZPTMJS7003switch,I146 switch,0,,I146,ΕΡΓΑΛΕΙΑ,ΕΡΓΑΛΕΙΑ,image246.png (https://v5.airtableusercontent.com/v3/u/55/55/1785175200000/d-Er1Rgu3c2z86qi_cZCHg/PlVryEwj8yDVk5P9cEfAl02toe_UTAw9f2_06Z49-ZAOR5XCr3DbJio9cXI8DWg9jNcOkBYSpFd8EMJsbXssQhlNd3ExZc9T68flivknJgzrVVeso2ur3iuOCG4bgTo4azD0xRzabc3C5mNgzqehEBxUadA6aJza4EZ45OyfRTg/bXFsnby-ulmmNvr6mjyyb79LePf3CG7W48pqWT-tHIY),ZPTMJS7003switch,0,0,,0,https://pdh-catalog.softr.app/reservations?prefill_Code_=ZPTMJS7003switch,,,
ZPTMMF4003,I146 MULTI FUNCTION TOOLS,0,"3,0",I146,ΕΡΓΑΛΕΙΑ,ΕΡΓΑΛΕΙΑ,image210.png (https://v5.airtableusercontent.com/v3/u/55/55/1785175200000/en4gjYEF5xWW0hpkrjga3A/KQI2GIycFMEz8yTkBYK2_iezmkr_OU2qoqse-DlF9-_-o5dYl8pwiNmjc5NOF5hJeAKXL1BRLuk4V_jsylNMG3nYg-uLMGFup1MJ097LbXdUcT_sQcCN3u3jI8ASSe-yV8WYO-668i8ujou6qlvBHtksJSZEXt2-MuuEUy37Xnw/KljqWE7Vhqw1FmXaRws6bDthYonEdFKff2s169SOYfo),ZPTMMF4003,3,3,,3,https://pdh-catalog.softr.app/reservations?prefill_Code_=ZPTMMF4003,,,
ZPTMMF4003SwitchSet,I146 Switch Set,0,,I146,ΕΡΓΑΛΕΙΑ,ΕΡΓΑΛΕΙΑ,image247.png (https://v5.airtableusercontent.com/v3/u/55/55/1785175200000/SrcxK4jsiRTjTQ1mELm3Wg/4rQ6mLEDYDkE-psYdYbd-G3xgSb6N01_j0XJ54IQNlCRlmfNtvOnj-LXbMe0IBO9nYGwnjtGyOoCzAQRNVm16qVCWKPk6jjvz0Ju4hzQFJrYLMBz_pSxVzKgIMfYeSd16A3-wM_3BNGuvYeb9PxERkcgx-74NJMY0aV2nx4XpLc/PrL2Nu5TepOjTU0uVjm2U3yppA4X8RW8L1jiHZGH2rw),ZPTMMF4003SwitchSet,0,0,,0,https://pdh-catalog.softr.app/reservations?prefill_Code_=ZPTMMF4003SwitchSet,,,
ZPTMMX1303SWITCH,I146 SWITCH,0,,I146,ΕΡΓΑΛΕΙΑ,ΕΡΓΑΛΕΙΑ,,ZPTMMX1303SWITCH,0,0,,0,https://pdh-catalog.softr.app/reservations?prefill_Code_=ZPTMMX1303SWITCH,,,
ZPTMRH3203,I146 DEMOLITION HAMMER MDB9003,0,"6,0",I146,ΕΡΓΑΛΕΙΑ,ΕΡΓΑΛΕΙΑ,image167.png (https://v5.airtableusercontent.com/v3/u/55/55/1785175200000/1KpnNOGyHJBrUqDkssCW-Q/pIJdO0au2_xb9qixC5-uuiRd-2X7vrTUhHYYUh4nvVKqOhrw-9vvAKqcG8jgfxiyLIgqHRbeaxKZ4_pwD0mNJcTK0R_MmxyuMWwz8e3sMZPdCsJfbh8WUnwGabv8crUJairHweiSxn8sW2sN-GTZj-SYvBYL2Uq4_gb94kqUg0U/vHWdXdbLHfgjJmkXzsdebwxZjZAxt_3_kNXPHrNUD8Y),ZPTMRH3203,6,6,,6,https://pdh-catalog.softr.app/reservations?prefill_Code_=ZPTMRH3203,,,
ZPTMRHL2609,I146 32MM ROTARY HAMMER MRH3203,0,"9,0",I146,ΕΡΓΑΛΕΙΑ,ΕΡΓΑΛΕΙΑ,image166.png (https://v5.airtableusercontent.com/v3/u/55/55/1785175200000/NCRho5QQik4w41xbxBZssw/BjeouRieDzW2qjeBn507M9k4MSxooJYbcC-bKfWIy6sY-JEl6QWVyndgpb82Nh9PKmitE1Kg7OtbDMmFoNRWCZsyRYxgobr_-XIEVYp2Pn5CxOVtA8ZThT6rCmd6QZk0jEmRxRYZitiimzTYU-B_KzM66jXlGXwyvfw9_USUba8/S1AXHQ8GBoLsccTj187JVQBMMedrMx9piH-E4Ule0vw),ZPTMRHL2609,9,9,,9,https://pdh-catalog.softr.app/reservations?prefill_Code_=ZPTMRHL2609,,,
ZPTMRHL2609Carbonbrush,I146 Carbon brush,0,,I146,ΕΡΓΑΛΕΙΑ,ΕΡΓΑΛΕΙΑ,image244.png (https://v5.airtableusercontent.com/v3/u/55/55/1785175200000/fAw6dOYfX3_f_3dGT6-17g/E9nH_-__A04tuortiwZk4sTLesZh9aOHHi-4eU8VLW1gN2fMxucslOJSqrEEQ50l_pultBFKomKBGXaVV7DXsjmQ0Bp1WA7CbEBHv420ASUBhFZCLCMgXj9FDthW7zM3T4gZeE0v2yhimHQS8gFNmgaNjLxImQxVc4Ec1le_LXw/1mpeSLTx5L6XFnK0BiaZn-bfYvwQjfXO3kUSx2ha2tc),ZPTMRHL2609Carbonbrush,0,0,,0,https://pdh-catalog.softr.app/reservations?prefill_Code_=ZPTMRHL2609Carbonbrush,,,
ZPTMRHL2609Cylinder,I146 Cylinder,0,,I146,ΕΡΓΑΛΕΙΑ,ΕΡΓΑΛΕΙΑ,,ZPTMRHL2609Cylinder,0,0,,0,https://pdh-catalog.softr.app/reservations?prefill_Code_=ZPTMRHL2609Cylinder,,,
ZPTMRHL2609Piston,I146 Piston,0,,I146,ΕΡΓΑΛΕΙΑ,ΕΡΓΑΛΕΙΑ,,ZPTMRHL2609Piston,0,0,,0,https://pdh-catalog.softr.app/reservations?prefill_Code_=ZPTMRHL2609Piston,,,
ZPTMRHL2609Rotor,I146 Rotor,0,,I146,ΕΡΓΑΛΕΙΑ,ΕΡΓΑΛΕΙΑ,,ZPTMRHL2609Rotor,0,0,,0,https://pdh-catalog.softr.app/reservations?prefill_Code_=ZPTMRHL2609Rotor,,,
ZPTMRHL2609Stator,I146 Stator,0,,I146,ΕΡΓΑΛΕΙΑ,ΕΡΓΑΛΕΙΑ,,ZPTMRHL2609Stator,0,0,,0,https://pdh-catalog.softr.app/reservations?prefill_Code_=ZPTMRHL2609Stator,,,
ZPTMRU1205SWITCH,I146 switch,0,,I146,ΕΡΓΑΛΕΙΑ,ΕΡΓΑΛΕΙΑ,,ZPTMRU1205SWITCH,0,0,,0,https://pdh-catalog.softr.app/reservations?prefill_Code_=ZPTMRU1205SWITCH,,,
ZPTMSSWP7503,I146 Submersible clean water pump,0,"9,0",I146,ΕΡΓΑΛΕΙΑ,ΕΡΓΑΛΕΙΑ,image217.png (https://v5.airtableusercontent.com/v3/u/55/55/1785175200000/-WXdOYN_UZUmULsVr9zjhA/KDZjSJ47T4Bgc2uL_cKFJH0o98DEpUedp4eajrlVtqaJKHWWbEBFBJUgfTifDTzftgQ_DCf_BBjM7VyX_kP6v0AcDGcVR9bWV7JanwrVQnkZaJkO7kbH-RbpMiUii8l1KTe4H6HuV-Sf3pJPrWn5yqzbq72XIZ949OvSeqDs3pE/IyTDeDVgcL3inyhl8IMGkV9NmHz_KYfh5Q9cfwkK59U),ZPTMSSWP7503,9,9,,9,https://pdh-catalog.softr.app/reservations?prefill_Code_=ZPTMSSWP7503,,,
ZRBTM,I164 ΗΛΕΚΤΡΙΚΟ ΡΟΛΕΡ ΜΕ ΜΟΤΕΡ ΚΑΙ ΤΗΛΕΧΕΙΡΙΣΜΟ,0,,I164,BBQ,BAMBOO - BBQ - ΚΟΥΡΤΙΝΕΣ,image.png (https://v5.airtableusercontent.com/v3/u/55/55/1785175200000/OSXlrfUczqe-2IhDXZQcDw/G0viVFgPucJeWHm-6vmSOHC2ErIzS0BziL2wHYrKq7UUlRr-ev38UAro6df2ZZn0OYmO0A0_LLWzpK5Pv7FDNAcEokAKYkYY4vadqzZvFoLakvgEZaKHs-PwLFdie5_AIxDWdkictL2DAOY9PJtI0A/kFLORjlKlKbndRRYq6i6QsvFaIJA6Lxl9yxvxeUqAJA),ZRBTM,0,0,,0,https://pdh-catalog.softr.app/reservations?prefill_Code_=ZRBTM,,,
ZSAKF,I122 ΜΠΑΤΑΡΙΑ ΝΕΡΟΧΥΤΗ ΚΟΥΖΙΝΑΣ,140,"49,0",I122,ΚΟΥΖΙΝΑ,ΚΟΥΖΙΝΑ,image.png (https://v5.airtableusercontent.com/v3/u/55/55/1785175200000/_aoKVLUR2juXFMKy-LgI_w/b4G5zJhCM7pH2r7dLhCj8zNYKSrC8gTS8xjJyo50ucmwhryOlfhAPXzvEMQV0BHDqgJU9-1WeNEExG21d8dpLL-svbx0l44S4317GdpTb9yJF85RvQuXsluD6r0ctgcen_usJA9SYzToLJVt4AghnA/okyDrvg3xR6sYHCJtuCE71pjoaUDPlgndCIYqfyE2zk),ZSAKF,48,48,,34,https://pdh-catalog.softr.app/reservations?prefill_Code_=ZSAKF,,"ZSAKF,ZSAKF",
ZSAKFB,I122 ΜΠΑΤΑΡΙΑ ΝΕΡΟΧΥΤΗ ΚΟΥΖΙΝΑΣ,148,"14,0",I122,ΚΟΥΖΙΝΑ,ΚΟΥΖΙΝΑ,image.png (https://v5.airtableusercontent.com/v3/u/55/55/1785175200000/s41koOFyTjVA2vsgaM_Mwg/6Tf-K7-Ny7F_l16-mpwTh8ksaqLSepz52udgiXA1BqCDAvi381XYqoE6l_IlSZRpzT9zrUBaXbHRF3PSFqnd_LR3JAnApJ49FBPoyBgUpzcoPLRITOs1ityl4gNxgP8dS4_j3-ImqFkNdFvsp-tRBw/gxrGfTq9T1s9ISJ72eLmaRvuuJN__wugw8yURiFqh0Y),ZSAKFB,14,14,,12,https://pdh-catalog.softr.app/reservations?prefill_Code_=ZSAKFB,,ZSAKFB,
ZSAKFT,I122 ΠΡΟΕΚΤΑΣΗ ΜΠΑΤΑΡΙΑΣ ΝΕΡΟΧΥΤΗ ΚΟΥΖΙΝΑΣ,0,"27,0",I122,ΚΟΥΖΙΝΑ,ΚΟΥΖΙΝΑ,image.png (https://v5.airtableusercontent.com/v3/u/55/55/1785175200000/TZKiLx8dwf3RE80VOaHGUg/6pAeTmKDGpwgxuY9Sn127t8LTqGE1Lt2oN_aP5EOKJ9NoH6HZK2b08OvC220gAF7xjHHyH3X4ax-SYC6Vau_lChqIglruOakLAU9QhY-KfvTZqRazguHX2j0dUcdjQvjfKreUVUm0a3RVE3OlSBkMQ/a2EduE80IE8rxvbZqb5nm5HPm8m8E4M84r0MoNxzyg0),ZSAKFT,27,27,,27,https://pdh-catalog.softr.app/reservations?prefill_Code_=ZSAKFT,,,
ZSAOKF,"I173 STAINLESS STEEL KITCHEN FAUCET 58X44,5X49",30,"43,0",I173,ΚΟΥΖΙΝΑ,ΚΟΥΖΙΝΑ,,ZSAOKF,43,43,,42,https://pdh-catalog.softr.app/reservations?prefill_Code_=ZSAOKF,,ZSAOKF,
ZSD001,"I167 ΜΗΧΑΝΙΣΜΟΣ ΣΥΡΟΜΕΝΗΣ ΓΚΑΡΑΖΟΠΟΡΤΑΣ DC24v, IP65, ΜΕΓΙΣΤΟ ΒΑΡΟΣ 500KG,",0,"1,0",I167,ΗΛΕΚΤΡΟΜΗΧ/ΚΟΣ ΕΞΟΠΛΙΣΜΟΣ,ΗΛΕΚΤΡΟΜΗΧ/ΚΟΣ ΕΞΟΠΛΙΣΜΟΣ,image.png (https://v5.airtableusercontent.com/v3/u/55/55/1785175200000/uZCGw_Ifdru3whFPTGU1tA/10rJl-j8BVVhAKD_flJT--mSJ-t47WdqfVIhRM4RAIS-ogIxIX6EMDZHxaf83n45F_SAJ4QW6UtzI1obvvYnJwg1ix9ENOWS6QM8uT5HG0GlPhN0zEYJf3c6f40qffEiXFhc8syXUw3LwBvN6kUCUw/2TF0g6OOHb2v8H4ZkAdMdqzgtAOVyKPUX1jjtRHZAZ0),ZSD001,1,1,,1,https://pdh-catalog.softr.app/reservations?prefill_Code_=ZSD001,,,
ZSEA9,MINI ΚΑΜΕΡΑ,0,,,ΑΣΦΑΛΕΙΑ,ΑΣΦΑΛΕΙΑ,image.png (https://v5.airtableusercontent.com/v3/u/55/55/1785175200000/Ep4KrgX8VeFQkLJYGrzDjw/yCRi4XvY5-yFcV9glWBb8akjJvFdefOJOVi6M2FMY8kiKE58unHUwbfFhcX07gNFPGse5E5HvbmEe8-Vsyk9zOqTNdZYyzRf8tPJxo5mQNgVh_i-tc1XYHqkPf4lbMNxWMHBaMO6NK4ZfCsEbJp9iQ/uURDuR0BEcQwZ63HcLV6ojkrdUtvVQmtu-Y4cR6cljI),ZSEA9,0,0,,0,https://pdh-catalog.softr.app/reservations?prefill_Code_=ZSEA9,,,
ZSEAHD,I104 ΚΛΕΙΣΤΟ ΚΥΚΛΩΜΑ ΠΑΡΑΚΟΛΟΥΘΗΣΩΝ 8 ΚΑΜΕΡΩΝ,0,,I104,ΑΣΦΑΛΕΙΑ,ΑΣΦΑΛΕΙΑ,image.png (https://v5.airtableusercontent.com/v3/u/55/55/1785175200000/f4ArdGSV6HtMBNTM9_X9xw/sFkeLoFirdlqcjp6JvrtMrMTOvfWJIwa3xmvA7Ryb4boGOK03iI5gdbZLWmNPy9flaK3SjVcsLMnm4qG3ZSsB95FP-ql0b_Bwfa2CNYmFa63pTUInfwjXZPl2BT_x__whCDVrhwT5yw0SW92zKzh4g/F8BpGJCW2bjYSp36Ebu69KfTb9GNhe6a5fZv6T1vS5I),ZSEAHD,0,0,,0,https://pdh-catalog.softr.app/reservations?prefill_Code_=ZSEAHD,,,
ZSEBGQ9,I104 IP ΚΑΜΕΡΑ ΕΞΩΤΕΡΙΚΟΥ ΧΩΡΟΥ,0,,I104,ΑΣΦΑΛΕΙΑ,ΑΣΦΑΛΕΙΑ,image.png (https://v5.airtableusercontent.com/v3/u/55/55/1785175200000/OElQYRQ1oRPPsIRmvt8kLA/tKTbBAjO5cDNkx1o1e0UTRtney2K8tdHFC4YHC-q5kt_0mRl-9rFhSGApz0AzLMi4CyexcIftcnnkwqzNDgob9pbH4JxOQnYpy-JI1_UUHaIcxSfN2i5AxENVv1dT2RBA47hD003A7PdzhNInOWHyQ/JypjaMbEegzHBuTpASzEiUwGnQieBpxG11J2WaxkIBE),ZSEBGQ9,0,0,,0,https://pdh-catalog.softr.app/reservations?prefill_Code_=ZSEBGQ9,,,
ZSEF3,ΚΑΜΕΡΑ ΕΣΩΤΕΡΙΚΟΥ ΧΩΡΟΥ,0,,,ΑΣΦΑΛΕΙΑ,ΑΣΦΑΛΕΙΑ,image.png (https://v5.airtableusercontent.com/v3/u/55/55/1785175200000/fb38msY0LetfXCiWxaHWJg/ed-E-IhEhick6PtmDe6FHKOEw0b-y0JziyQhEcvF6p545ceNof8Lyz3ItZssqXhEqaoXRn31VYJ7KZK2jG2ytIuJ39fcxYd7pkyb_TiaWmiy67lrm1FkPrypWFl5xRRct4tkFeiEM3cMHtf0eZAYMA/ZMPekYHKpLsCloXujtjPC7nVPKrKt1WPHl0aeShqC4k),ZSEF3,0,0,,0,https://pdh-catalog.softr.app/reservations?prefill_Code_=ZSEF3,,,
ZSEM3,SMART ΑΣΥΡΜΑΤΟ ΚΟΥΔΟΥΝΙ ΠΟΡΤΑΣ ΜΕ ΚΑΜΕΡΑ,0,,,ΑΣΦΑΛΕΙΑ,ΑΣΦΑΛΕΙΑ,image.png (https://v5.airtableusercontent.com/v3/u/55/55/1785175200000/L-3lmcUIKY1zLEBOm49cBA/NQ8BNEReX1AwQUnfR26p4Bf_8aFcZYWD9if8LNJ6Q6BfX4IdQDO2eo7LDf0HMA1dfoVrgkeioTGW6qjrHmbh4QhoVamh8iZ9ccsjb-vrryxv2FsJioTui1JskVVE1lSrocIpn9QeZ1Bxc6rxJ2L32g/22eMLfqmBmUBQ5BhibGd_QSj4drxL-EPWyDrKdfDaNo),ZSEM3,0,0,,0,https://pdh-catalog.softr.app/reservations?prefill_Code_=ZSEM3,,,
ZSES10,ΗΛΙΑΚΗ ΚΑΜΕΡΑ ΕΞΩΤΕΡΙΚΟΥ ΧΩΡΟΥ,0,,,ΑΣΦΑΛΕΙΑ,ΑΣΦΑΛΕΙΑ,image.png (https://v5.airtableusercontent.com/v3/u/55/55/1785175200000/gKfUQ_YwqKbguqax62ZjHA/nbAESd1EBox_3ew-iP6gpRurpK2n8-ukJ36SJSf989ydAWVETg27CTrBjBtOo6AHBQyKM7kV_4LtHJQ10J_A7WfLJRXb328_HAaBQvTM5tezqCVLpC03hBMsd48VmH_vEAYSqPnushBfsKHtGD_CZw/g5GniL87P4jy-ZLll8V9_I1nVoQ2XXf931vRI02IQms),ZSES10,0,0,,0,https://pdh-catalog.softr.app/reservations?prefill_Code_=ZSES10,,,
ZSEWEB01,WEB ΚΑΜΕΡΑ,0,,,ΑΣΦΑΛΕΙΑ,ΑΣΦΑΛΕΙΑ,image.png (https://v5.airtableusercontent.com/v3/u/55/55/1785175200000/4nFoAjESdYL5OuC0bkp4Uw/2mU-S4Yi8e2KMp9qFB9SYyb2GMONhLpI3b3opwT8v6R6ku7VyBp5DKa-Pe41PuD9HA7HX7-ogD4HRlM8V8FbjjX8f_tbTh9Uohn9qclRXrXTm3uGqrsXp8BUts9cm24dsSZ0zQ6LyeJfuEnnqdKwtw/-8eUBhSYLFnFSp4nY9Vzutfjs00Gp-JGysXhxvI0W-s),ZSEWEB01,0,0,,0,https://pdh-catalog.softr.app/reservations?prefill_Code_=ZSEWEB01,,,
ZSEXY001,SMART WATCH,0,,,ΑΣΦΑΛΕΙΑ,ΑΣΦΑΛΕΙΑ,image.png (https://v5.airtableusercontent.com/v3/u/55/55/1785175200000/7Tjb--X2W3Fq8AD75V-eWA/t9IpaohZ1DDrwP2fzTCOjQcNkUMB5McXcyVJlGKevk5TraVE0agMaQkIl8qQjt1DPpudbK8Xy9HaXBV4-N-ycYhouwcyFEakQxlv1P1XQl7kaJhlJa2E4TRJ2V3pg48jz75srfQ3l2jrv8gARR4pXw/TGbyyMElZR4HBgWSb_4zTjQ5lu2Kb1GpENxgBYyJ6L8),ZSEXY001,0,0,,0,https://pdh-catalog.softr.app/reservations?prefill_Code_=ZSEXY001,,,
ZSI-004,I173 Outdoor Kitchen Sink 50X40 SS304 with drain and siphon,0,"10,0",I173,ΚΟΥΖΙΝΑ,ΚΟΥΖΙΝΑ,,ZSI-004,9,9,,8,https://pdh-catalog.softr.app/reservations?prefill_Code_=ZSI-004,,ZSI-004,
ZSM10PWU,D198 ΑΠΛΟΣ ΔΙΑΚΟΠΤΗΣ ΜΕ ΚΑΠΑΚΙ,2,"53,0",D198,ΗΛΕΚΤΡΟΛΟΓΙΚΑ,ΗΛΕΚΤΡΟΛΟΓΙΚΑ,,ZSM10PWU,53,53,,53,https://pdh-catalog.softr.app/reservations?prefill_Code_=ZSM10PWU,,,
ZSM10SPU,D198 ΑΠΛΟΣ ΔΙΑΚΟΠΤΗΣ,0,,D198,ΗΛΕΚΤΡΟΛΟΓΙΚΑ,ΗΛΕΚΤΡΟΛΟΓΙΚΑ,,ZSM10SPU,0,0,,0,https://pdh-catalog.softr.app/reservations?prefill_Code_=ZSM10SPU,,,
ZSM10U,D198 ΑΠΛΟΣ ΔΙΑΚΟΠΤΗΣ,0,"80,0",D198,ΗΛΕΚΤΡΟΛΟΓΙΚΑ,ΗΛΕΚΤΡΟΛΟΓΙΚΑ,,ZSM10U,80,80,,80,https://pdh-catalog.softr.app/reservations?prefill_Code_=ZSM10U,,,
ZSM11U,D198 BUTTON,0,"30,0",D198,ΗΛΕΚΤΡΟΛΟΓΙΚΑ,ΗΛΕΚΤΡΟΛΟΓΙΚΑ,,ZSM11U,30,30,,30,https://pdh-catalog.softr.app/reservations?prefill_Code_=ZSM11U,,,
ZSM40PWNT10U,D198 ΔΙΑΚΟΠΤΗΣ ROLL ON,0,"11,0",D198,ΗΛΕΚΤΡΟΛΟΓΙΚΑ,ΗΛΕΚΤΡΟΛΟΓΙΚΑ,,ZSM40PWNT10U,11,11,,11,https://pdh-catalog.softr.app/reservations?prefill_Code_=ZSM40PWNT10U,,,
ZSM40SBNT10U,D198 ΔΙΑΚΟΠΤΗΣ ROLL ON,0,"13,0",D198,ΗΛΕΚΤΡΟΛΟΓΙΚΑ,ΗΛΕΚΤΡΟΛΟΓΙΚΑ,,ZSM40SBNT10U,13,13,,13,https://pdh-catalog.softr.app/reservations?prefill_Code_=ZSM40SBNT10U,,,
ZSM41PWNT10U,D198 BUTTON ROLL ON,0,"16,0",D198,ΗΛΕΚΤΡΟΛΟΓΙΚΑ,ΗΛΕΚΤΡΟΛΟΓΙΚΑ,,ZSM41PWNT10U,16,16,,16,https://pdh-catalog.softr.app/reservations?prefill_Code_=ZSM41PWNT10U,,,
ZSM41SBNT10U,D198 BUTTON ROLL ON,0,"15,0",D198,ΗΛΕΚΤΡΟΛΟΓΙΚΑ,ΗΛΕΚΤΡΟΛΟΓΙΚΑ,,ZSM41SBNT10U,15,15,,15,https://pdh-catalog.softr.app/reservations?prefill_Code_=ZSM41SBNT10U,,,
ZSM60PWU,D198 ΔΙΑΚΟΠΤΗΣ ALERETOUR,0,"104,0",D198,ΗΛΕΚΤΡΟΛΟΓΙΚΑ,ΗΛΕΚΤΡΟΛΟΓΙΚΑ,,ZSM60PWU,104,104,,104,https://pdh-catalog.softr.app/reservations?prefill_Code_=ZSM60PWU,,,
ZSM60SBU,D198 ΔΙΑΚΟΠΤΗΣ ALERETOUR,0,"52,0",D198,ΗΛΕΚΤΡΟΛΟΓΙΚΑ,ΗΛΕΚΤΡΟΛΟΓΙΚΑ,,ZSM60SBU,52,52,,52,https://pdh-catalog.softr.app/reservations?prefill_Code_=ZSM60SBU,,,
ZSM70PWU,D198 ΜΕΣΑΙΟΣ ΔΙΑΚΟΠΤΗΣ,0,"47,0",D198,ΗΛΕΚΤΡΟΛΟΓΙΚΑ,ΗΛΕΚΤΡΟΛΟΓΙΚΑ,,ZSM70PWU,47,47,,47,https://pdh-catalog.softr.app/reservations?prefill_Code_=ZSM70PWU,,,
ZSM70SBU,D198 ΜΕΣΑΙΟΣ ΔΙΑΚΟΠΤΗΣ ΜΕ ΚΑΠΑΚΙ,0,"18,0",D198,ΗΛΕΚΤΡΟΛΟΓΙΚΑ,ΗΛΕΚΤΡΟΛΟΓΙΚΑ,,ZSM70SBU,18,18,,18,https://pdh-catalog.softr.app/reservations?prefill_Code_=ZSM70SBU,,,
ZSP001,I161 ΦΩΤΟΒΟΛΤΑΙΚΟ ΠΑΝΕΛ ΜΟΝΟΚΡΥΣΤΑΛΛΙΚΟ ΔΙΑΣΤΑΣΕΩΝ 2002 X 1002 X 35ΜΜ 72 ΚΕΛΙΩΝ,0,,I161,ΗΛΕΚΤΡΟΛΟΓΙΚΑ,ΗΛΕΚΤΡΟΜΗΧ/ΚΟΣ ΕΞΟΠΛΙΣΜΟΣ,image.png (https://v5.airtableusercontent.com/v3/u/55/55/1785175200000/w5fpHji74NJkZgPZfPWA6Q/YHOjBZAD2mYgYENnLA6YzYCrFK74pFT4KLeo3XC80715A59lwlQsHkELoV9dcf0jAAkCvhHDry82LTCqD1BGFfrg39dVxFz-8AFi6ba6K8-WAauNsyziOWfnBNlmxwshqFh97FaHlwxlYezQaWlgOQ/ShFs9Ly3dWpll-uMdK-dnqGhHJ3Hqd8PUFvcf92S14c),ZSP001,0,0,,0,https://pdh-catalog.softr.app/reservations?prefill_Code_=ZSP001,,,
ZSTRIF001,D206 ΣΤΡΙΦΩΝΙΑ 6Χ50,0,,D206,ΧΡΩΜΑΤΑ,MEGABOLD,,ZSTRIF001,0,0,,0,https://pdh-catalog.softr.app/reservations?prefill_Code_=ZSTRIF001,,,
ZSTRIF002,D206 ΣΤΡΙΦΩΝΙΑ 6Χ70,0,"200,0",D206,ΧΡΩΜΑΤΑ,MEGABOLD,,ZSTRIF002,200,200,,200,https://pdh-catalog.softr.app/reservations?prefill_Code_=ZSTRIF002,,,
ZSTRIF003,D206 ΣΤΡΙΦΩΝΙΑ 6Χ80,0,,D206,ΧΡΩΜΑΤΑ,MEGABOLD,,ZSTRIF003,0,0,,0,https://pdh-catalog.softr.app/reservations?prefill_Code_=ZSTRIF003,,,
ZSTRIF004,D206 ΣΤΡΙΦΩΝΙΑ 6Χ100,0,"150,0",D206,ΧΡΩΜΑΤΑ,MEGABOLD,,ZSTRIF004,150,150,,150,https://pdh-catalog.softr.app/reservations?prefill_Code_=ZSTRIF004,,,
ZSTRIF005,D206 ΣΤΡΙΦΩΝΙΑ 6Χ140,0,"500,0",D206,ΧΡΩΜΑΤΑ,MEGABOLD,,ZSTRIF005,500,500,,500,https://pdh-catalog.softr.app/reservations?prefill_Code_=ZSTRIF005,,,
ZSTRIF006,D206 ΣΤΡΙΦΩΝΙΑ 6Χ150,0,"100,0",D206,ΧΡΩΜΑΤΑ,MEGABOLD,,ZSTRIF006,100,100,,100,https://pdh-catalog.softr.app/reservations?prefill_Code_=ZSTRIF006,,,
ZSTRIF007,D206 ΣΤΡΙΦΩΝΙΑ 6Χ160,0,"80,0",D206,ΧΡΩΜΑΤΑ,MEGABOLD,,ZSTRIF007,80,80,,80,https://pdh-catalog.softr.app/reservations?prefill_Code_=ZSTRIF007,,,
ZSTRIF008,D206 ΣΤΡΙΦΩΝΙΑ 8Χ60,0,"-100,0",D206,ΧΡΩΜΑΤΑ,MEGABOLD,,ZSTRIF008,-300,-300,,-300,https://pdh-catalog.softr.app/reservations?prefill_Code_=ZSTRIF008,,,
ZSTRIF009,D206 ΣΤΡΙΦΩΝΙΑ 8Χ70,0,"1120,0",D206,ΧΡΩΜΑΤΑ,MEGABOLD,,ZSTRIF009,1120,1120,,1120,https://pdh-catalog.softr.app/reservations?prefill_Code_=ZSTRIF009,,,
ZSTRIF010,D206 ΣΤΡΙΦΩΝΙΑ 8Χ80,0,"11900,0",D206,ΧΡΩΜΑΤΑ,MEGABOLD,,ZSTRIF010,11900,11900,,11900,https://pdh-catalog.softr.app/reservations?prefill_Code_=ZSTRIF010,,,
ZSTRIF011,D206 ΣΤΡΙΦΩΝΙΑ 8Χ100,0,"300,0",D206,ΧΡΩΜΑΤΑ,MEGABOLD,,ZSTRIF011,300,300,,300,https://pdh-catalog.softr.app/reservations?prefill_Code_=ZSTRIF011,,,
ZSTRIF012,D206 ΣΤΡΙΦΩΝΙΑ 8Χ140,0,"1100,0",D206,ΧΡΩΜΑΤΑ,MEGABOLD,,ZSTRIF012,1100,1100,,1100,https://pdh-catalog.softr.app/reservations?prefill_Code_=ZSTRIF012,,,
ZSTRIF013,D206 ΣΤΡΙΦΩΝΙΑ 8Χ150,0,"100,0",D206,ΧΡΩΜΑΤΑ,MEGABOLD,,ZSTRIF013,100,100,,100,https://pdh-catalog.softr.app/reservations?prefill_Code_=ZSTRIF013,,,
ZSTRIF014,D206 ΣΤΡΙΦΩΝΙΑ 8Χ160,0,"1070,0",D206,ΧΡΩΜΑΤΑ,MEGABOLD,,ZSTRIF014,1070,1070,,1070,https://pdh-catalog.softr.app/reservations?prefill_Code_=ZSTRIF014,,,
ZSTRIF015,D206 ΣΤΡΙΦΩΝΙΑ 8Χ180,0,"50,0",D206,ΧΡΩΜΑΤΑ,MEGABOLD,,ZSTRIF015,50,50,,50,https://pdh-catalog.softr.app/reservations?prefill_Code_=ZSTRIF015,,,
ZSTRIF016,D206 ΣΤΡΙΦΩΝΙΑ 8Χ200,0,"1300,0",D206,ΧΡΩΜΑΤΑ,MEGABOLD,,ZSTRIF016,1300,1300,,1300,https://pdh-catalog.softr.app/reservations?prefill_Code_=ZSTRIF016,,,
ZSTRIF017,D206 ΣΤΡΙΦΩΝΙΑ 8Χ220,0,"350,0",D206,ΧΡΩΜΑΤΑ,MEGABOLD,,ZSTRIF017,350,350,,350,https://pdh-catalog.softr.app/reservations?prefill_Code_=ZSTRIF017,,,
ZSTRIF018,D206 ΣΤΡΙΦΩΝΙΑ 8Χ280,0,,D206,ΧΡΩΜΑΤΑ,MEGABOLD,,ZSTRIF018,0,0,,0,https://pdh-catalog.softr.app/reservations?prefill_Code_=ZSTRIF018,,,
ZSTRIF019,D206 ΣΤΡΙΦΩΝΙΑ 8Χ300,0,"900,0",D206,ΧΡΩΜΑΤΑ,MEGABOLD,,ZSTRIF019,900,900,,900,https://pdh-catalog.softr.app/reservations?prefill_Code_=ZSTRIF019,,,
ZSTRIF020,D206 ΣΤΡΙΦΩΝΙΑ 10X300,0,"250,0",D206,ΧΡΩΜΑΤΑ,MEGABOLD,,ZSTRIF020,250,250,,250,https://pdh-catalog.softr.app/reservations?prefill_Code_=ZSTRIF020,,,
ZSTRIF021,D206 ΣΤΡΙΦΩΝΙΑ 12X300,0,"135,0",D206,ΧΡΩΜΑΤΑ,MEGABOLD,,ZSTRIF021,135,135,,135,https://pdh-catalog.softr.app/reservations?prefill_Code_=ZSTRIF021,,,
ZSTRIF022,D206 ΣΤΡΙΦΩΝΙΑ 8Χ60 INOX,0,"400,0",D206,ΧΡΩΜΑΤΑ,MEGABOLD,,ZSTRIF022,400,400,,400,https://pdh-catalog.softr.app/reservations?prefill_Code_=ZSTRIF022,,,
ZSTRIF023,D206 ΣΤΡΙΦΩΝΙΑ 8Χ80 INOX,0,"150,0",D206,ΧΡΩΜΑΤΑ,MEGABOLD,,ZSTRIF023,150,150,,150,https://pdh-catalog.softr.app/reservations?prefill_Code_=ZSTRIF023,,,
ZSTRIF025,D206 ΣΤΡΙΦΩΝΙΑ INOX 8X30,0,"200,0",D206,ΧΡΩΜΑΤΑ,MEGABOLD,,ZSTRIF025,200,200,,200,https://pdh-catalog.softr.app/reservations?prefill_Code_=ZSTRIF025,,,
ZSTRIF026,D206 ΣΤΡΙΦΩΝΙΑ 8X40,0,"800,0",D206,ΧΡΩΜΑΤΑ,MEGABOLD,,ZSTRIF026,800,800,,800,https://pdh-catalog.softr.app/reservations?prefill_Code_=ZSTRIF026,,,
ZSTRIF027,D206 ΣΤΡΙΦΩΝΙΑ INOX 10X60,0,"80,0",D206,ΧΡΩΜΑΤΑ,MEGABOLD,,ZSTRIF027,80,80,,80,https://pdh-catalog.softr.app/reservations?prefill_Code_=ZSTRIF027,,,
ZSTRIF028,D206 ΝΟΠΑΝΟΒΙΔΕΣ 6X160,0,"200,0",D206,ΧΡΩΜΑΤΑ,MEGABOLD,,ZSTRIF028,200,200,,200,https://pdh-catalog.softr.app/reservations?prefill_Code_=ZSTRIF028,,,
ZTHERMO001,D200 ΑΣΦΑΛΕΙΕΣ ΘΕΡΜΟΣΙΦΩΝΑ ΤΥΠΟΥ 12-1,4,,D200,ΧΡΩΜΑΤΑ,ΜΠΟΤΣΙΟΣ,,ZTHERMO001,0,0,,0,https://pdh-catalog.softr.app/reservations?prefill_Code_=ZTHERMO001,,,
ZTHERMO002,D200 ΜΕΙΩΤΕΣ ΠΙΕΣΕΩΣ 3/4,57,,D200,ΧΡΩΜΑΤΑ,ΜΠΟΤΣΙΟΣ,,ZTHERMO002,0,0,,0,https://pdh-catalog.softr.app/reservations?prefill_Code_=ZTHERMO002,,,
ZTL005,D226 CASTELVETRO OUTDOOR - ZERO CORDA GRIP RET 120X60,,"20,0",D226,TILES,TILES,image.png (https://v5.airtableusercontent.com/v3/u/55/55/1785175200000/3257wkA6yEsX6ddcfKfXfg/I9hdrRSQDW9BlNLoCux_cCTIIaFKrR8Xwx0BA_B-KWOgNb7J3axwYtsxFkUXegoYeIdkVtJDx6p9CtrdIzxvSM9VYoNLLGGfytMuE45nss7XpEjyJtuxg-v2F9OoaemGs7exNITJLH21g1vKATo0RA/zUgFSQYIyegI_BozwcHcpBPCNCJ8rT-f-PAgOodDzB4),ZTL005,20,20,,20,https://pdh-catalog.softr.app/reservations?prefill_Code_=ZTL005,,,
ZTL021,D225 REFIN CERAMICA OUTDOOR - DESIGN INDUSTRY OXYDE WHITE 240X120,,"461,0",D225,TILES,TILES,image.png (https://v5.airtableusercontent.com/v3/u/55/55/1785175200000/iUxkGU8hx8rT5LtKaNDadg/sCNnHHixaOk6_0dIi8vrXD8eA9BacKl0xP5rEmtFrB_a8UFiRzrezMnBZ7iCEsUHZilTV_pNlIk739TTjChVHAPKjx2CSTy9HrGGYFCodF4PXJKHORK5nu5RGDt_-GjbT6QCzwl0KWGIJVWdTp-PWQ/u6MRoZ6Zu06DMCCF3YhjNHgiCh8iG3GVBrzKzbyiMY8),ZTL021,461,461,,461,https://pdh-catalog.softr.app/reservations?prefill_Code_=ZTL021,,,
ZTL033,D225 REFIN CERAMICA INDOOR - MOLD IRON SOFT 120X120,,"63,0",D225,TILES,TILES,image.png (https://v5.airtableusercontent.com/v3/u/55/55/1785175200000/vRkARwWGku3jLaK1g5LhEQ/FkLUPifD5mFXwdgt5hefXlGdrrOgrrnTKSEDsFlQNE_8M1aJe6izKHC3gb5WcqrfYCuPPtLODZnEF8ZeYbap_YeZPd6L8LqmnDD9Z6K7btKvBZjFkA8AnyivgWwAfnN2xmI-mvMTOehcfobNjUz2rg/DwtXA_-rVJpvN068wvRL1rTwp5YuRJBrGDIH33xf1i0),ZTL033,63,63,,63,https://pdh-catalog.softr.app/reservations?prefill_Code_=ZTL033,,,
ZTL037,D225 REFIN CERAMICA INDOOR - TUNE DESERT SOFT 120X120,,"86,0",D225,TILES,TILES,image.png (https://v5.airtableusercontent.com/v3/u/55/55/1785175200000/aX1LDcGPuL7pmQ3q-dHYcg/gXK_wFoKjPiUOkfuntYWnWVLCgFC4J3RN3g2jPSVl_sGba2GAENJ2r2BYAb-kWblEkTzDwVJijpNjnA9NgS759di8H2pzhZvpBMh5H90Nyo18ZeA_rCEJihiKCVlzlXI_b4sFuBQR8bg4j20PxL0Qw/OSqhn_OWwuezGiMtQwQUHYVs1Oqt_uiu0vtb8t1ncMo),ZTL037,86,86,,86,https://pdh-catalog.softr.app/reservations?prefill_Code_=ZTL037,,,
ZTL046,D226 GULLIVER CERAMICHE INDOOR - CHORUS BEIGE 30X60,,"54,0",D226,TILES,TILES,image.png (https://v5.airtableusercontent.com/v3/u/55/55/1785175200000/Fn7IZn-78TA0aJ5Ey8TrVg/OdgdXntftbKl6SUhQ2So45pyHjEo0t_reQX0Bt_hPjsNrVC0CdZCgLpZKHTHUT7J2jicZj12TsSpoALj9dRvg3LWYEEiV8420ILeVNwOBqLmQp44XE9oD5a4IV-55bAxKsMXztcDXIMkCGk0ql3r2g/kvR422vjeTS33FmE_4_ROi79DxJzTEhiC21CRNxdwV0),"ZTL046,ZTL046","54, 54","54, 54",,1,https://pdh-catalog.softr.app/reservations?prefill_Code_=ZTL046,,,
ZTL048,D226 FRATOM CERAMICHE INDOOR - BOSTON MUD 60X60,,"46,0",D226,TILES,TILES,image.png (https://v5.airtableusercontent.com/v3/u/55/55/1785175200000/0eiZSU6rn9VVRHlIwsK6jg/vR9dEljmnjtx2Soq_2CPslaA8xbhZTfFzFBpnM_ZRrQy-_GTz-OjqePIFvZqUlwNf0Ir1TGlfk-EhNZUd8kOmE25v3fqWD2sJANzU_J8nTdopXClLVTtCb1EvBeNUBA_fhi_770SxXNqZEFDbJmlvg/3lzb_g3aQmUjwhWm_E1Plc1ycZxIOotEeodenVqH9V8),ZTL048,46,46,,46,https://pdh-catalog.softr.app/reservations?prefill_Code_=ZTL048,,,
ZTL049,D226 FRATOM CERAMICHE INDOOR - ABYZ MEGA 18 ΠΑΧΟΣ 2cm 60X60,,"86,0",D226,TILES,TILES,image.png (https://v5.airtableusercontent.com/v3/u/55/55/1785175200000/tzqOzVL3WK_JQI8tkLCEZw/jI5OVZY1QnSQVcZs5ZvnOd-Ni7TlEcus06AKL5UMLOkGNwIb9wXeLEbFGKZlgdF293VKd7hH2zVKWBAI_6xGGpHd4lQEbne-oNAoAj6XVm3MgQSoP5M634hUnf678gR94rZkq1o4o-ionWzgbIvHVw/mbSvVHrgjAU89gHbTxl1iffqPVR7KqCUHDEu89hn2Tw),ZTL049,86,86,,86,https://pdh-catalog.softr.app/reservations?prefill_Code_=ZTL049,,,
ZTL050,D226 RICCHETTI CERAMICHE INDOOR - EASE SAND RT 120X120,,"98,0",D226,TILES,TILES,image.png (https://v5.airtableusercontent.com/v3/u/55/55/1785175200000/E_bH1eOKDydt1cXe0qOS0Q/vdDmAClP5zgEL_IB5w6umUOH_7G3Bs9ZfMTFOSMhHu4Qkk5D7dqe677r49ApV8hWqJC67xrOO8m0Xd0pbBpmpneD61YUCJMYyphHKC0VT8mItrkbWol-B_A4UD_eQgy8BoKnXNL7OZ8alwqo3XQVFg/eXqJAiKD_FAF_NeHGwFWgFp0CYEfYgkhXoHka8o7_FU),ZTL050,98,98,,98,https://pdh-catalog.softr.app/reservations?prefill_Code_=ZTL050,,,
ZTL053,D226 FRATOM CERAMICHE INDOOR - ACTIVE BEIGE RETT 60X120,,"228,0",D226,TILES,TILES,image.png (https://v5.airtableusercontent.com/v3/u/55/55/1785175200000/ktDEepOFPmkzbiWgUHvrTA/VR9p-Bkfj4SNJDLWLoYU31qpoZkT4HN3K-XJl3NF3KWS0PJPntQoBdWVOHXIhZiW2dJajZ6mtbkpUPTrw5umkXCxSRq3-crRniFh0KOezP_2tTmWSWbduoT_ob3qtqNc7iT62r_AfQUoqgw5qGdsww/9h3_buXOw3WMTkRx2XDeSvwyFVSjSP9zhDqRFCrESrc),ZTL053,228,228,,228,https://pdh-catalog.softr.app/reservations?prefill_Code_=ZTL053,,,
ZTL054,D226 FRATOM CERAMICHE OUTDOOR R11 - STONEMIX GOLD GRIP 120X120,,"276,0",D226,TILES,TILES,image.png (https://v5.airtableusercontent.com/v3/u/55/55/1785175200000/wlUVpegpHo6WBHo0bdXnpg/yOcWxkUeYcy9hnKTc-7XI9QHwqIokAXi05fq8_la9wYbZ0WgSWZgQBGJMEVCRlwGCJhf-DlzMF3Pvfz6uDhwPtspt1crudgjJsvfWsk4qVc3GuNhJBNGMATowbFeiRGSanFNQREFFFxQAl-rCLOR6g/9Qu1T-gdqRxjFHimhemm-oJ25Xaluii7xuW3zacyevI),ZTL054,276,276,,276,https://pdh-catalog.softr.app/reservations?prefill_Code_=ZTL054,,,
ZTL056,D226 FRATOM CERAMICHE INDOOR - GALAXY DARK RETT 60X120,,"35,0",D226,TILES,TILES,image.png (https://v5.airtableusercontent.com/v3/u/55/55/1785175200000/5lr9y5ZdQt2hql2rRAf76g/SsoMlzkRlKSBM2RnYURs1x_rbiHyO42QqGJKbpUZgm7KtmQnZ_2xsPLbfolcJAIDh-8UV4zmuhtheabO0HTpS7IVodVY_ZIrulIFdCnm3qfImHQeoMHeP2lX5oXp1t9nrgohfLe12I9ky1A3tU7uRg/kfRuMQd2Fp3sNsmBhH8Zuu3BE4hfAKLcdZOxqDqt6fo),ZTL056,35,35,,35,https://pdh-catalog.softr.app/reservations?prefill_Code_=ZTL056,,,
ZTL058,D226 FRATOM CERAMICHE OUTDOOR R11 - EASE EXTRA WHITE 120X120,,"276,0",D226,TILES,TILES,image.png (https://v5.airtableusercontent.com/v3/u/55/55/1785175200000/kc9ESuuTVT5L8g-y6uJfzw/aZqZ0OBum72Ka-uw_fc8zNnIG3erbEi7NMP_KC1dc7brIue1pQ2o3bZiS9EwzCYBSBnoLgBrCWFir9ZQ-o12HbAY-NIw0MEFUeTXgrkAXO4b-BWFUP9Bq26zygRO9TaEynUEstwxsU6vb3sMdaUd0g/zY7sWq9B9kb-qb-KoO2I4J40v3jwYvtK-R_jq6C5APs),ZTL058,276,276,,276,https://pdh-catalog.softr.app/reservations?prefill_Code_=ZTL058,,,
ZTL060,D226 FRATOM CERAMICHE OUTDOOR R12 - FRESCO BEIGE 120X120,,"89,0",D226,TILES,TILES,image.png (https://v5.airtableusercontent.com/v3/u/55/55/1785175200000/06m6p5lGqoEkxn0opiTrhA/baQdQ_3Zgtp6PiXjZp-lGzeEvcW_2DkEKeaJRsVfvoNtfq2i8QMSMJxmzTEjJYJRCeFnjjSMfLVmZjvWoJXDUDeCk1ZikKBdkLsBXZ5B5meaP4HaeqI81haBMsGKLCq9l_K3xKE25edWiMtWHsM8FQ/AqC9RetDO5S-s9q9vcNslY2M0LZecE9plf3HRcMlueY),ZTL060,89,89,,89,https://pdh-catalog.softr.app/reservations?prefill_Code_=ZTL060,,,
ZTL061,D226 FRATOM CERAMICHE - BIANCO SILK 120X278,,"80,0",D226,TILES,TILES,image.png (https://v5.airtableusercontent.com/v3/u/55/55/1785175200000/FEgGqx9ypbwxIqBx3BI3lg/YQ_yC6yrOYskOC43DOu8xWeTrGgUZ_wGxnFL_Qi-vt1FGruCalRJ2lQp2e7HE5A_Al9vjUIAiXq-s6zeO3TgQLgxpQ-EuW0HSWUCW2bY1ZZI5KNtE6JE_lh7cCz7dk8J09JfcFwYyyTtj99asC2fhQ/8_tIzxTaaC56Q7dO9_CCRTSHWy2G8oScy30NfCVi2-8),ZTL061,80,80,,80,https://pdh-catalog.softr.app/reservations?prefill_Code_=ZTL061,,,
ZTL071,D999 FORMAT WHITE 120X60,,"35,0",D999,TILES,TILES,,ZTL071,35,35,,35,https://pdh-catalog.softr.app/reservations?prefill_Code_=ZTL071,,,
ZTL072,D200 TIERRA MAT GREY 120X60,,"63,0",D200,TILES,TILES,,ZTL072,63,63,,63,https://pdh-catalog.softr.app/reservations?prefill_Code_=ZTL072,,,
ZTL073,D200 CORE BEIGE ANTISLIP 60X60,,"43,0",D200,TILES,TILES,,ZTL073,43,43,,43,https://pdh-catalog.softr.app/reservations?prefill_Code_=ZTL073,,,
ZTL074,D200 ARCETY GREY 120X120,,"32,0",D200,TILES,TILES,,ZTL074,32,32,,32,https://pdh-catalog.softr.app/reservations?prefill_Code_=ZTL074,,,
ZTL075,D200 TEHSTONE GREY REDVENDOR INTERNAL LABEL 100X100,,"95,0",D200,TILES,TILES,,ZTL075,95,95,,95,https://pdh-catalog.softr.app/reservations?prefill_Code_=ZTL075,,,
ZTL076,D200 CORE MAT BEIGE 120X60,,"40,0",D200,TILES,TILES,,ZTL076,40,40,,40,https://pdh-catalog.softr.app/reservations?prefill_Code_=ZTL076,,,
ZTL078,D999 ATRATIVO 40X60,,"46,0",D999,TILES,TILES,,ZTL078,46,46,,46,https://pdh-catalog.softr.app/reservations?prefill_Code_=ZTL078,,,
ZTL079,D999 PORSELEN KARO GREY 120X60,,"35,0",D999,TILES,TILES,,ZTL079,35,35,,35,https://pdh-catalog.softr.app/reservations?prefill_Code_=ZTL079,,,
ZTL080,D999 BEIGE 120X60,,"19,0",D999,TILES,TILES,,ZTL080,19,19,,19,https://pdh-catalog.softr.app/reservations?prefill_Code_=ZTL080,,,
ZTL082,D999 GREY 35.8 60X60,,"158,0",D999,TILES,TILES,,ZTL082,158,158,,158,https://pdh-catalog.softr.app/reservations?prefill_Code_=ZTL082,,,
ZTL083,D999 ARION BAR TILE 45X45,,"20,0",D999,TILES,TILES,,ZTL083,20,20,,20,https://pdh-catalog.softr.app/reservations?prefill_Code_=ZTL083,,,
ZTL300,D224 TOM ΠΕΤΡΑ,,"340,0",D224,ROCKS & PEBBLES,ROCKS & PEBBLES,,ZTL300,340,340,,340,https://pdh-catalog.softr.app/reservations?prefill_Code_=ZTL300,,,
ZTL301,D224 TOM ΠΕΤΡΑ ΓΩΝΙΑ,,"20,0",D224,ROCKS & PEBBLES,ROCKS & PEBBLES,,ZTL301,20,20,,20,https://pdh-catalog.softr.app/reservations?prefill_Code_=ZTL301,,,
ZTL302,D224 ΔΙΑΣ ΠΕΤΡΑ,,"102,0",D224,ROCKS & PEBBLES,ROCKS & PEBBLES,,ZTL302,102,102,,102,https://pdh-catalog.softr.app/reservations?prefill_Code_=ZTL302,,,
ZTL303,D224 ΔΙΑΣ ΠΕΤΡΑ ΓΩΝΙΑ,,"10,0",D224,ROCKS & PEBBLES,ROCKS & PEBBLES,,ZTL303,10,10,,10,https://pdh-catalog.softr.app/reservations?prefill_Code_=ZTL303,,,
ZTL304,D224 ΜΕΛΑΝΘΗ ΠΕΤΡΑ ΠΑΛΕΤΑ,,"1,0",D224,ROCKS & PEBBLES,ROCKS & PEBBLES,,ZTL304,1,1,,1,https://pdh-catalog.softr.app/reservations?prefill_Code_=ZTL304,,,
ZTL500,D224 ΒΟΤΣΑΛΟ ΚΑΦΕ ΠΑΛΕΤΑ,,"3,0",D224,ROCKS & PEBBLES,ROCKS & PEBBLES,,ZTL500,3,3,,3,https://pdh-catalog.softr.app/reservations?prefill_Code_=ZTL500,,,
ZTL501,D224 ΒΟΤΣΑΛΟ ΧΟΝΤΡΟ ΠΑΛΕΤΑ,,"2,0",D224,ROCKS & PEBBLES,ROCKS & PEBBLES,,ZTL501,2,2,,2,https://pdh-catalog.softr.app/reservations?prefill_Code_=ZTL501,,,
ZTL700,D224 ΚΥΒΟΣ ΠΕΖΟΔΡΟΜΙΟΥ 10Χ10,,"15,0",D224,ROCKS & PEBBLES,ROCKS & PEBBLES,,ZTL700,15,15,,15,https://pdh-catalog.softr.app/reservations?prefill_Code_=ZTL700,,,
ZTL701,D224 ΠΑΤΗΜΑΤΑ JUMBOΠΑΛΕΤΑ,,"3,0",D224,ROCKS & PEBBLES,ROCKS & PEBBLES,,ZTL701,3,3,,3,https://pdh-catalog.softr.app/reservations?prefill_Code_=ZTL701,,,
ZTL702,D224 ΚΥΒΟΛΙΘΟΣ 50Χ50 ΠΑΛΕΤΑ,,"13,0",D224,ROCKS & PEBBLES,ROCKS & PEBBLES,,ZTL702,13,13,,13,https://pdh-catalog.softr.app/reservations?prefill_Code_=ZTL702,,,
ZTL703,D999 ΠΛΗΘΕΣ ΠΑΛΕΤΑ,,"3,0",D999,ROCKS & PEBBLES,ROCKS & PEBBLES,,ZTL703,3,3,,3,https://pdh-catalog.softr.app/reservations?prefill_Code_=ZTL703,,,
ZTL704,D999 ΠΛΑΚΕΣ ΔΑΠΕΔΟΥ ΜΩΣΑΙΚΟΥ 30Χ30 ΠΑΛΕΤΑ,,"2,0",D999,ROCKS & PEBBLES,ROCKS & PEBBLES,,ZTL704,2,2,,2,https://pdh-catalog.softr.app/reservations?prefill_Code_=ZTL704,,,
ZTL705,D999 ΡΩΜΑΙΚΟ ΩΧΡΑ ΠΑΛΕΤΑ,,"3,0",D999,ROCKS & PEBBLES,ROCKS & PEBBLES,,ZTL705,3,3,,3,https://pdh-catalog.softr.app/reservations?prefill_Code_=ZTL705,,,
ZTL706,D999 ΓΑΛΛΙΚΟ ΚΕΡΑΜΙΔΙ ΩΧΡΑ ΠΑΛΕΤΑ,,"1,0",D999,ROCKS & PEBBLES,ROCKS & PEBBLES,,ZTL706,1,1,,1,https://pdh-catalog.softr.app/reservations?prefill_Code_=ZTL706,,,
ZTL707,D999 ΡΩΜΑΙΚΟ ΓΥΑΛΙΣΤΕΡΟ ΚΕΡΑΜΙΔΙ ΠΑΛΕΤΑ,,"2,0",D999,ROCKS & PEBBLES,ROCKS & PEBBLES,,ZTL707,2,2,,2,https://pdh-catalog.softr.app/reservations?prefill_Code_=ZTL707,,,
ZTM12PWU,D198 ΠΛΗΚΤΡΟ,0,"58,0",D198,ΗΛΕΚΤΡΟΛΟΓΙΚΑ,ΗΛΕΚΤΡΟΛΟΓΙΚΑ,,ZTM12PWU,58,58,,58,https://pdh-catalog.softr.app/reservations?prefill_Code_=ZTM12PWU,,,
ZTM12SBU,D198 ΠΛΗΚΤΡΟ,0,"41,0",D198,ΗΛΕΚΤΡΟΛΟΓΙΚΑ,ΗΛΕΚΤΡΟΛΟΓΙΚΑ,,ZTM12SBU,41,41,,41,https://pdh-catalog.softr.app/reservations?prefill_Code_=ZTM12SBU,,,
ZTM13PW.ILU,D198 ΠΛΗΚΤΡΟ ΚΟΥΔΟΥΝΙΟΥ,0,"32,0",D198,ΗΛΕΚΤΡΟΛΟΓΙΚΑ,ΗΛΕΚΤΡΟΛΟΓΙΚΑ,,ZTM13PW.ILU,32,32,,32,https://pdh-catalog.softr.app/reservations?prefill_Code_=ZTM13PW.ILU,,,
ZTM13SB.ILU,D198 ΠΛΗΚΤΡΟ ΚΟΥΔΟΥΝΙΟΥ,0,"14,0",D198,ΗΛΕΚΤΡΟΛΟΓΙΚΑ,ΗΛΕΚΤΡΟΛΟΓΙΚΑ,,ZTM13SB.ILU,14,14,,14,https://pdh-catalog.softr.app/reservations?prefill_Code_=ZTM13SB.ILU,,,
ZTM21PWU,D198 ΤΑΠΑ,0,"34,0",D198,ΗΛΕΚΤΡΟΛΟΓΙΚΑ,ΗΛΕΚΤΡΟΛΟΓΙΚΑ,,ZTM21PWU,34,34,,34,https://pdh-catalog.softr.app/reservations?prefill_Code_=ZTM21PWU,,,
ZTM21SBU,D198 ΤΑΠΑ,0,"65,0",D198,ΗΛΕΚΤΡΟΛΟΓΙΚΑ,ΗΛΕΚΤΡΟΛΟΓΙΚΑ,,ZTM21SBU,65,65,,65,https://pdh-catalog.softr.app/reservations?prefill_Code_=ZTM21SBU,,,
ZTMKOY001,D198 ΚΟΥΔΟΝΙ ΕΞΩΠΟΡΤΑΣ,13,"-1,0",D198,ΗΛΕΚΤΡΟΛΟΓΙΚΑ,ΗΛΕΚΤΡΟΛΟΓΙΚΑ,,ZTMKOY001,-1,-1,,-1,https://pdh-catalog.softr.app/reservations?prefill_Code_=ZTMKOY001,,,
ZTOOLS0001,D201 ΔΙΧΤΥ ΣΟΒΑ ΜΠΛΕ,0,"4,0",D201,ΧΡΩΜΑΤΑ,ΣΚΙΑΔΑΣ ΛΕΥΚΑΔΑ,,ZTOOLS0001,1,1,,1,https://pdh-catalog.softr.app/reservations?prefill_Code_=ZTOOLS0001,,,
ZTOOLS0002,D201 ΔΙΧΤΥ ΓΙΑ MEGACRET,1,"854,0",D201,ΧΡΩΜΑΤΑ,ΣΚΙΑΔΑΣ ΛΕΥΚΑΔΑ,,ZTOOLS0002,844,844,,844,https://pdh-catalog.softr.app/reservations?prefill_Code_=ZTOOLS0002,,,
ZTOOLS0003,D201 ΔΙΧΤΥ ΣΗΜΑΝΣΗΣ,0,"1,0",D201,ΧΡΩΜΑΤΑ,ΣΚΙΑΔΑΣ ΛΕΥΚΑΔΑ,,ZTOOLS0003,0,0,,0,https://pdh-catalog.softr.app/reservations?prefill_Code_=ZTOOLS0003,,,
ZTOOLS0004,D201 ΚΑΘΑΡΙΣΤΙΚΟ ΚΛΙΜΑΤΙΣΤΙΚΟΥ 700ml,0,"3,0",D201,ΧΡΩΜΑΤΑ,ΣΚΙΑΔΑΣ ΛΕΥΚΑΔΑ,,ZTOOLS0004,3,3,,3,https://pdh-catalog.softr.app/reservations?prefill_Code_=ZTOOLS0004,,,
ZTOOLS0005,D201 ΑΦΡΟΣΤΟΚΟΣ DUROSTIC 250ml,8,"5,0",D201,ΧΡΩΜΑΤΑ,ΣΚΙΑΔΑΣ ΛΕΥΚΑΔΑ,,ZTOOLS0005,5,5,,5,https://pdh-catalog.softr.app/reservations?prefill_Code_=ZTOOLS0005,,,
ZTOOLS0006,D201 ΔΙΣΚΑΚΙΑ ΤΡΟΧΟΥ Νο 125,1,"46,0",D201,ΧΡΩΜΑΤΑ,ΣΚΙΑΔΑΣ ΛΕΥΚΑΔΑ,,ZTOOLS0006,46,46,,46,https://pdh-catalog.softr.app/reservations?prefill_Code_=ZTOOLS0006,,,
ZTOOLS0007,D201 ΔΙΣΚΑΚΙΑ ΤΡΟΧΟΥ Νο 105,0,"100,0",D201,ΧΡΩΜΑΤΑ,ΣΚΙΑΔΑΣ ΛΕΥΚΑΔΑ,,ZTOOLS0007,100,100,,100,https://pdh-catalog.softr.app/reservations?prefill_Code_=ZTOOLS0007,,,
ZTOOLS0008,D201 ΜΙΝIΟ KRAFT 750ml,0,"-1,0",D201,ΧΡΩΜΑΤΑ,ΣΚΙΑΔΑΣ ΛΕΥΚΑΔΑ,,ZTOOLS0008,-1,-1,,-1,https://pdh-catalog.softr.app/reservations?prefill_Code_=ZTOOLS0008,,,
ZTOOLS0009,"D201 ΜΙΝIΟ KRAFT 2,5lit",0,"4,0",D201,ΧΡΩΜΑΤΑ,ΣΚΙΑΔΑΣ ΛΕΥΚΑΔΑ,,ZTOOLS0009,3,3,,3,https://pdh-catalog.softr.app/reservations?prefill_Code_=ZTOOLS0009,,,
ZTOOLS0010,D201 ΒΟΥΡΤΣΑ ΣΠΑΣΤΗ,4,"30,0",D201,ΧΡΩΜΑΤΑ,ΣΚΙΑΔΑΣ ΛΕΥΚΑΔΑ,,ZTOOLS0010,30,30,,30,https://pdh-catalog.softr.app/reservations?prefill_Code_=ZTOOLS0010,,,
ZTOOLS0011,D201 ΝΑΥΛΟΝ ΜΙΑΣ ΧΡΗΣΗΣ,4,"727,0",D201,ΧΡΩΜΑΤΑ,ΣΚΙΑΔΑΣ ΛΕΥΚΑΔΑ,,ZTOOLS0011,726,726,,726,https://pdh-catalog.softr.app/reservations?prefill_Code_=ZTOOLS0011,,,
ZTOOLS0012,D201 ΤΑΙΝΙΑ ΜΠΛΕ 5cm,5,"171,0",D201,ΧΡΩΜΑΤΑ,ΣΚΙΑΔΑΣ ΛΕΥΚΑΔΑ,,ZTOOLS0012,162,162,,162,https://pdh-catalog.softr.app/reservations?prefill_Code_=ZTOOLS0012,,,
ZTOOLS0013,D201 ΣΤΥΛΙΑΡΙ ΚΑΣΜΑ,0,"6,0",D201,ΧΡΩΜΑΤΑ,ΣΚΙΑΔΑΣ ΛΕΥΚΑΔΑ,,ZTOOLS0013,6,6,,6,https://pdh-catalog.softr.app/reservations?prefill_Code_=ZTOOLS0013,,,
ZTOOLS0014,D201 ΣΤΥΛΙΑΡΙ ΦΤΥΑΡΙ,4,"19,0",D201,ΧΡΩΜΑΤΑ,ΣΚΙΑΔΑΣ ΛΕΥΚΑΔΑ,,ZTOOLS0014,19,19,,19,https://pdh-catalog.softr.app/reservations?prefill_Code_=ZTOOLS0014,,,
ZTOOLS0015,D201 ΣΤΥΛΙΑΡΙ ΤΣΑΠΙ,0,"5,0",D201,ΧΡΩΜΑΤΑ,ΣΚΙΑΔΑΣ ΛΕΥΚΑΔΑ,,ZTOOLS0015,5,5,,5,https://pdh-catalog.softr.app/reservations?prefill_Code_=ZTOOLS0015,,,
ZTOOLS0016,D201 ΣΤΥΛΙΑΡΙ ΣΚΕΠΑΡΝΙ,0,"59,0",D201,ΧΡΩΜΑΤΑ,ΣΚΙΑΔΑΣ ΛΕΥΚΑΔΑ,,ZTOOLS0016,54,54,,54,https://pdh-catalog.softr.app/reservations?prefill_Code_=ZTOOLS0016,,,
ZTOOLS0017,D201 ΦΤΥΑΡΙ,6,"13,0",D201,ΧΡΩΜΑΤΑ,ΣΚΙΑΔΑΣ ΛΕΥΚΑΔΑ,,ZTOOLS0017,13,13,,13,https://pdh-catalog.softr.app/reservations?prefill_Code_=ZTOOLS0017,,,
ZTOOLS0018,D201 ΜΥΣΤΡΙ 22cm,0,"16,0",D201,ΧΡΩΜΑΤΑ,ΣΚΙΑΔΑΣ ΛΕΥΚΑΔΑ,,ZTOOLS0018,15,15,,15,https://pdh-catalog.softr.app/reservations?prefill_Code_=ZTOOLS0018,,,
ZTOOLS0018.1,D201 ΜΥΣΤΡΙ 26cm,0,"4,0",D201,ΧΡΩΜΑΤΑ,ΣΚΙΑΔΑΣ ΛΕΥΚΑΔΑ,,ZTOOLS0018.1,4,4,,4,https://pdh-catalog.softr.app/reservations?prefill_Code_=ZTOOLS0018.1,,,
ZTOOLS0019,D201 ΜΥΣΤΡΙ 18cm,0,"1,0",D201,ΧΡΩΜΑΤΑ,ΣΚΙΑΔΑΣ ΛΕΥΚΑΔΑ,,ZTOOLS0019,1,1,,1,https://pdh-catalog.softr.app/reservations?prefill_Code_=ZTOOLS0019,,,
ZTOOLS0020,D201 ΣΠΑΤΟΥΛΑ ΚΟΛΛΑΣ ΙΣΙΑ 50Χ15,0,"12,0",D201,ΧΡΩΜΑΤΑ,ΣΚΙΑΔΑΣ ΛΕΥΚΑΔΑ,,ZTOOLS0020,12,12,,12,https://pdh-catalog.softr.app/reservations?prefill_Code_=ZTOOLS0020,,,
ZTOOLS0021,D201 ΑΝΤΑΛΛΑΚΤΙΚΟ ΜΑΧΑΙΡΑΚΙ ΦΑΛΤΣΕΤΑΣ,3,"5,0",D201,ΧΡΩΜΑΤΑ,ΣΚΙΑΔΑΣ ΛΕΥΚΑΔΑ,,ZTOOLS0021,5,5,,5,https://pdh-catalog.softr.app/reservations?prefill_Code_=ZTOOLS0021,,,
ZTOOLS0022,D201 ΣΠΑΤΟΥΛΑ ΚΟΛΛΑΣ ΜΕ ΔΟΝΤΙ  28Χ12,0,"2,0",D201,ΧΡΩΜΑΤΑ,ΣΚΙΑΔΑΣ ΛΕΥΚΑΔΑ,,ZTOOLS0022,2,2,,2,https://pdh-catalog.softr.app/reservations?prefill_Code_=ZTOOLS0022,,,
ZTOOLS0023,D201 ΣΚΕΠΑΡΝΙ,0,"7,0",D201,ΧΡΩΜΑΤΑ,ΣΚΙΑΔΑΣ ΛΕΥΚΑΔΑ,,ZTOOLS0023,6,6,,6,https://pdh-catalog.softr.app/reservations?prefill_Code_=ZTOOLS0023,,,
ZTOOLS0024,D201 ΑΝΑΔΕΥΤΗΡΙ ΚΟΛΛΑΣ  85Χ8Χ400mm,0,,D201,ΧΡΩΜΑΤΑ,ΣΚΙΑΔΑΣ ΛΕΥΚΑΔΑ,,ZTOOLS0024,0,0,,0,https://pdh-catalog.softr.app/reservations?prefill_Code_=ZTOOLS0024,,,
ZTOOLS0025,D201 ΑΝΑΔΕΥΤΗΡΙ ΜΙΞΕΡ   120Χ600mm,0,,D201,ΧΡΩΜΑΤΑ,ΣΚΙΑΔΑΣ ΛΕΥΚΑΔΑ,,ZTOOLS0025,-1,-1,,-1,https://pdh-catalog.softr.app/reservations?prefill_Code_=ZTOOLS0025,,,
ZTOOLS0026,D201 ΣΚΑΦΑΚΙ ΓΙΑ ΧΡΩΜΑ,0,"7,0",D201,ΧΡΩΜΑΤΑ,ΣΚΙΑΔΑΣ ΛΕΥΚΑΔΑ,,ZTOOLS0026,6,6,,6,https://pdh-catalog.softr.app/reservations?prefill_Code_=ZTOOLS0026,,,
ZTOOLS0027,D201 ΑΡΙΔΑ MAKITA 40mm,0,,D201,ΧΡΩΜΑΤΑ,ΣΚΙΑΔΑΣ ΛΕΥΚΑΔΑ,,ZTOOLS0027,0,0,,0,https://pdh-catalog.softr.app/reservations?prefill_Code_=ZTOOLS0027,,,
ZTOOLS0028,D201 ΑΡΙΔΑ METABO  20mm,0,,D201,ΧΡΩΜΑΤΑ,ΣΚΙΑΔΑΣ ΛΕΥΚΑΔΑ,,ZTOOLS0028,0,0,,0,https://pdh-catalog.softr.app/reservations?prefill_Code_=ZTOOLS0028,,,
ZTOOLS0029,D201 ΑΡΙΔΑ TOTAL   28mm,0,,D201,ΧΡΩΜΑΤΑ,ΣΚΙΑΔΑΣ ΛΕΥΚΑΔΑ,,ZTOOLS0029,0,0,,0,https://pdh-catalog.softr.app/reservations?prefill_Code_=ZTOOLS0029,,,
ZTOOLS0030,D201 ΑΡΙΔΑ VENUS   22X600mm,0,,D201,ΧΡΩΜΑΤΑ,ΣΚΙΑΔΑΣ ΛΕΥΚΑΔΑ,,ZTOOLS0030,0,0,,0,https://pdh-catalog.softr.app/reservations?prefill_Code_=ZTOOLS0030,,,
ZTOOLS0031,D201 ΑΡΙΔΑ VENUS   10mm,0,"5,0",D201,ΧΡΩΜΑΤΑ,ΣΚΙΑΔΑΣ ΛΕΥΚΑΔΑ,,ZTOOLS0031,5,5,,5,https://pdh-catalog.softr.app/reservations?prefill_Code_=ZTOOLS0031,,,
ZTOOLS0031.1,D201 ΑΡΙΔΑ VENUS 12mm,0,"2,0",D201,ΧΡΩΜΑΤΑ,ΣΚΙΑΔΑΣ ΛΕΥΚΑΔΑ,,ZTOOLS0031.1,2,2,,2,https://pdh-catalog.softr.app/reservations?prefill_Code_=ZTOOLS0031.1,,,
ZTOOLS0032,D201 ΑΡΙΔΑ VENUS   8mm,0,"6,0",D201,ΧΡΩΜΑΤΑ,ΣΚΙΑΔΑΣ ΛΕΥΚΑΔΑ,,ZTOOLS0032,6,6,,6,https://pdh-catalog.softr.app/reservations?prefill_Code_=ZTOOLS0032,,,
ZTOOLS0033,D201 ΑΡΙΔΑ VENUS   6mm,0,"1,0",D201,ΧΡΩΜΑΤΑ,ΣΚΙΑΔΑΣ ΛΕΥΚΑΔΑ,,ZTOOLS0033,1,1,,1,https://pdh-catalog.softr.app/reservations?prefill_Code_=ZTOOLS0033,,,
ZTOOLS0034,D201 ΑΡΙΔΑ 1m,0,"1,0",D201,ΧΡΩΜΑΤΑ,ΣΚΙΑΔΑΣ ΛΕΥΚΑΔΑ,,ZTOOLS0034,1,1,,1,https://pdh-catalog.softr.app/reservations?prefill_Code_=ZTOOLS0034,,,
ZTOOLS0035,D201 ΑΡΙΔΑ DIAGER   14mm,0,"1,0",D201,ΧΡΩΜΑΤΑ,ΣΚΙΑΔΑΣ ΛΕΥΚΑΔΑ,,ZTOOLS0035,1,1,,1,https://pdh-catalog.softr.app/reservations?prefill_Code_=ZTOOLS0035,,,
ZTOOLS0036,D201 ΒΑΡΙΑ 5kg,0,"7,0",D201,ΧΡΩΜΑΤΑ,ΣΚΙΑΔΑΣ ΛΕΥΚΑΔΑ,,ZTOOLS0036,7,7,,7,https://pdh-catalog.softr.app/reservations?prefill_Code_=ZTOOLS0036,,,
ZTOOLS0037,D201 ΜΑΤΣΟΛΑ,0,"1,0",D201,ΧΡΩΜΑΤΑ,ΣΚΙΑΔΑΣ ΛΕΥΚΑΔΑ,,ZTOOLS0037,1,1,,1,https://pdh-catalog.softr.app/reservations?prefill_Code_=ZTOOLS0037,,,
ZTOOLS0038,D201 ΚΑΣΜΑΣ,0,"2,0",D201,ΧΡΩΜΑΤΑ,ΣΚΙΑΔΑΣ ΛΕΥΚΑΔΑ,,ZTOOLS0038,2,2,,2,https://pdh-catalog.softr.app/reservations?prefill_Code_=ZTOOLS0038,,,
ZTOOLS0039,D201 ΧΑΡΤΙ ΡΟΛΟ,9,"358,0",D201,ΧΡΩΜΑΤΑ,ΣΚΙΑΔΑΣ ΛΕΥΚΑΔΑ,,ZTOOLS0039,351,351,,351,https://pdh-catalog.softr.app/reservations?prefill_Code_=ZTOOLS0039,,,
ZTOOLS0040,D201 ΑΦΡΟΣ ΠΙΣΤΟΛΙΟΥ,0,,D201,ΧΡΩΜΑΤΑ,ΣΚΙΑΔΑΣ ΛΕΥΚΑΔΑ,,ZTOOLS0040,0,0,,0,https://pdh-catalog.softr.app/reservations?prefill_Code_=ZTOOLS0040,,,
ZTOOLS0041,D201 ΡΟΛΟ,0,"592,0",D201,ΧΡΩΜΑΤΑ,ΣΚΙΑΔΑΣ ΛΕΥΚΑΔΑ,,ZTOOLS0041,574,574,,574,https://pdh-catalog.softr.app/reservations?prefill_Code_=ZTOOLS0041,,,
ZTOOLS0042,D201 ΒΟΥΡΤΣΑ,5,"-7,0",D201,ΧΡΩΜΑΤΑ,ΣΚΙΑΔΑΣ ΛΕΥΚΑΔΑ,,ZTOOLS0042,-9,-9,,-9,https://pdh-catalog.softr.app/reservations?prefill_Code_=ZTOOLS0042,,,
ZTOOLS0043,D203 ΥΑΛΟΠΛΕΓΜΑ ΣΟΒΑ 160gr ΛΕΥΚΟ,44,"10,0",D203,ΧΡΩΜΑΤΑ,ΓΚΕΣΟΥΛΗΣ,,ZTOOLS0043,10,10,,10,https://pdh-catalog.softr.app/reservations?prefill_Code_=ZTOOLS0043,,,
ZTOOLS0044,D203 ΜΕΤΡΟΤΑΙΝΙΑ 7.5Μ,11,"9,0",D203,ΧΡΩΜΑΤΑ,ΓΚΕΣΟΥΛΗΣ,,ZTOOLS0044,9,9,,9,https://pdh-catalog.softr.app/reservations?prefill_Code_=ZTOOLS0044,,,
ZTOOLS0048,D203 ΑΦΡΟΣΤΟΚΟΣ ULTRA PUTTY 2.5LIT,18,"12,0",D203,ΧΡΩΜΑΤΑ,ΓΚΕΣΟΥΛΗΣ,,ZTOOLS0048,12,12,,12,https://pdh-catalog.softr.app/reservations?prefill_Code_=ZTOOLS0048,,,
ZTOOLS0049,D203 ΤΡΙΒΙΔΙΑ ΣΟΒΑ 23Χ13Χ3 ARISTON,4,"6,0",D203,ΧΡΩΜΑΤΑ,ΓΚΕΣΟΥΛΗΣ,,ZTOOLS0049,6,6,,6,https://pdh-catalog.softr.app/reservations?prefill_Code_=ZTOOLS0049,,,
ZTOOLS0050,D203 ΔΙΣΚΟΙ ΚΟΠΗΣ ΜΑΡΜΑΡΟΥ,1,,D203,ΧΡΩΜΑΤΑ,ΓΚΕΣΟΥΛΗΣ,,ZTOOLS0050,0,0,,0,https://pdh-catalog.softr.app/reservations?prefill_Code_=ZTOOLS0050,,,
ZTOOLS0051,D203 ΔΙΣΚΟΙ ΜΠΕΤΟΥ Φ125 ΓΕΝΙΚΗΣ ΧΡΗΣΗΣ,9,,D203,ΧΡΩΜΑΤΑ,ΓΚΕΣΟΥΛΗΣ,,ZTOOLS0051,0,0,,0,https://pdh-catalog.softr.app/reservations?prefill_Code_=ZTOOLS0051,,,
ZTOOLS0052,D203 ΣΠΑΤΟΥΛΑ 545/20 ΚΟΝΤΗ,4,,D203,ΧΡΩΜΑΤΑ,ΓΚΕΣΟΥΛΗΣ,,ZTOOLS0052,0,0,,0,https://pdh-catalog.softr.app/reservations?prefill_Code_=ZTOOLS0052,,,
ZTOOLS0053,D203 ΣΤΟΚΑΔΟΡΟΣ ΙΝΟΧ 481-7,9,"2,0",D203,ΧΡΩΜΑΤΑ,ΓΚΕΣΟΥΛΗΣ,,ZTOOLS0053,2,2,,2,https://pdh-catalog.softr.app/reservations?prefill_Code_=ZTOOLS0053,,,
ZTOOLS0056,D201 ΦΑΛΤΣΕΤΑ,9,"16,0",D201,ΧΡΩΜΑΤΑ,ΣΚΙΑΔΑΣ ΛΕΥΚΑΔΑ,,ZTOOLS0056,16,16,,16,https://pdh-catalog.softr.app/reservations?prefill_Code_=ZTOOLS0056,,,
ZTOOLS0057,D201 ΠΕΝΣΑ,9,,D201,ΧΡΩΜΑΤΑ,ΣΚΙΑΔΑΣ ΛΕΥΚΑΔΑ,,ZTOOLS0057,0,0,,0,https://pdh-catalog.softr.app/reservations?prefill_Code_=ZTOOLS0057,,,
ZTOOLS0058,D203 DUROSTICK DS-255 15kg,47,"14,0",D203,ΧΡΩΜΑΤΑ,ΓΚΕΣΟΥΛΗΣ,,ZTOOLS0058,14,14,,14,https://pdh-catalog.softr.app/reservations?prefill_Code_=ZTOOLS0058,,,
ZTOOLS0059,D203 DUROSTICK DS-255 5kg,20,"3,0",D203,ΧΡΩΜΑΤΑ,ΓΚΕΣΟΥΛΗΣ,,ZTOOLS0059,3,3,,3,https://pdh-catalog.softr.app/reservations?prefill_Code_=ZTOOLS0059,,,
ZTOOLS0060,D203 ΚΟΚΚΙΝΟ ΠΑΤΟΧΑΡΤΟ 11.5εκ Ρ36-Ρ60,39,"123,0",D203,ΧΡΩΜΑΤΑ,ΓΚΕΣΟΥΛΗΣ,,ZTOOLS0060,123,123,,123,https://pdh-catalog.softr.app/reservations?prefill_Code_=ZTOOLS0060,,,
ZTOOLS0061,D203 ΔΙΧΤΥ ΕΡΓΩΝ-ΡΟΛΟ ΠΟΡΤΟΚΑΛΙ,37,"13,0",D203,ΧΡΩΜΑΤΑ,ΓΚΕΣΟΥΛΗΣ,,ZTOOLS0061,13,13,,13,https://pdh-catalog.softr.app/reservations?prefill_Code_=ZTOOLS0061,,,
ZTOOLS0062,D203 ΓΑΝΤΙΑ,3,"619,0",D203,ΧΡΩΜΑΤΑ,ΓΚΕΣΟΥΛΗΣ,,ZTOOLS0062,619,619,,619,https://pdh-catalog.softr.app/reservations?prefill_Code_=ZTOOLS0062,,,
ZTOOLS0063,D203 ΣΦΟΥΓΓΑΡΑΚΙΑ,1,"9,0",D203,ΧΡΩΜΑΤΑ,ΓΚΕΣΟΥΛΗΣ,,ZTOOLS0063,-15,-15,,-15,https://pdh-catalog.softr.app/reservations?prefill_Code_=ZTOOLS0063,,,
ZTOOLS0064,D203 ΓΥΑΛΟΧΑΡΤΟ Φ225,1,"-55,0",D203,ΧΡΩΜΑΤΑ,ΓΚΕΣΟΥΛΗΣ,,ZTOOLS0064,-60,-60,,-60,https://pdh-catalog.softr.app/reservations?prefill_Code_=ZTOOLS0064,,,
ZTOOLS0066,D201 ΤΣΟΥΓΚΡΑΝΑ,17,"5,0",D201,ΧΡΩΜΑΤΑ,ΣΚΙΑΔΑΣ ΛΕΥΚΑΔΑ,,ZTOOLS0066,5,5,,5,https://pdh-catalog.softr.app/reservations?prefill_Code_=ZTOOLS0066,,,
ZTOOLS0067,D201 ΤΣΑΠΑ,10,"3,0",D201,ΧΡΩΜΑΤΑ,ΣΚΙΑΔΑΣ ΛΕΥΚΑΔΑ,,ZTOOLS0067,3,3,,3,https://pdh-catalog.softr.app/reservations?prefill_Code_=ZTOOLS0067,,,
ZTOOLS0068,D201 ΙΜΑΝΤΑΣ,27,,D201,ΧΡΩΜΑΤΑ,ΣΚΙΑΔΑΣ ΛΕΥΚΑΔΑ,,ZTOOLS0068,0,0,,0,https://pdh-catalog.softr.app/reservations?prefill_Code_=ZTOOLS0068,,,
ZTOOLS0073,D203 ΑΦΡΟΣΤΟΚΟΣ ULTRA PUTTY 1lit,8,"7,0",D203,ΧΡΩΜΑΤΑ,ΓΚΕΣΟΥΛΗΣ,,ZTOOLS0073,7,7,,7,https://pdh-catalog.softr.app/reservations?prefill_Code_=ZTOOLS0073,,,
ZTOOLS0074,D203 ΑΦΡΟΣ ΧΕΡΙΟΥ SIKA,0,"10,0",D203,ΧΡΩΜΑΤΑ,ΓΚΕΣΟΥΛΗΣ,,ZTOOLS0074,10,10,,10,https://pdh-catalog.softr.app/reservations?prefill_Code_=ZTOOLS0074,,,
ZTZ001,D999 ΤΖΑΚΙΑ,,"2,0",D999,ROCKS & PEBBLES,ROCKS & PEBBLES,,ZTZ001,2,2,,2,https://pdh-catalog.softr.app/reservations?prefill_Code_=ZTZ001,,,
ZUTP,Ι169 ΚΑΛΩΔΙΟ ΔΙΚΤΥΟΥ CAT6 (ΚΙΒΩΤΙΑ),0,"1500,0",I169,ΗΛΕΚΤΡΟΜΗΧ/ΚΟΣ ΕΞΟΠΛΙΣΜΟΣ,ΗΛΕΚΤΡΟΜΗΧ/ΚΟΣ ΕΞΟΠΛΙΣΜΟΣ,image.png (https://v5.airtableusercontent.com/v3/u/55/55/1785175200000/n3vZDDk4nBoZpmdw7lY3ag/D-RZRp1TnN0_KnKpnxgFsejHhq76pKlgwtAWgqEVrjIp95o1UGA4fS5SJHiYHf0XIpF0Y6N59_ArFEVdeuDkqIXOg9w0IXy4H9o2Ct23SognRVUitrg4z9bbrJ0PhNxqQVmXA4_bZNej8kO1EqSzlg/dwhJKBXi13W0HMbBRzBQV5nCxy6zEeqgewBlD00w6Ag),ZUTP,1500,1500,,1500,https://pdh-catalog.softr.app/reservations?prefill_Code_=ZUTP,,,
ZVC,I139 ΣΚΟΥΠΑ ΡΟΜΠΟΤ ΜΕ TUYA APP,0,,I139,ΗΛΕΚΤΡΟΜΗΧ/ΚΟΣ ΕΞΟΠΛΙΣΜΟΣ,ΗΛΕΚΤΡΟΜΗΧ/ΚΟΣ ΕΞΟΠΛΙΣΜΟΣ,image.png (https://v5.airtableusercontent.com/v3/u/55/55/1785175200000/81g1nay1tdnSuVQp5XE6AQ/yAhOWE23qtBf4D6GqVKHfh2il09BbZxk6Hb8RxRQZEYwMLrw9vSCVf2-E2VV_DlIrghA6YmiR21et6dgwS8g9eotENPrnSJURBr4XyPC04kjM3NXJ9Gxjd0-OkpUN7L-pyo_MrgBhwFgnF7jg0mt0w/flkP5-Ff7xQyVMLMIa-844LhkbK9vBC_A8menp1jzM0),ZVC,0,0,,0,https://pdh-catalog.softr.app/reservations?prefill_Code_=ZVC,,,
ZVCWETDRY,I139 ΣΚΟΥΠΑ ΥΓΡΩΝ ΣΤΕΡΕΩΝ ΜΕ ΚΑΔΟ 20LT,0,,I139,ΗΛΕΚΤΡΟΜΗΧ/ΚΟΣ ΕΞΟΠΛΙΣΜΟΣ,ΗΛΕΚΤΡΟΜΗΧ/ΚΟΣ ΕΞΟΠΛΙΣΜΟΣ,image.png (https://v5.airtableusercontent.com/v3/u/55/55/1785175200000/2SXJ8wFIUrEn2GrXxdakzA/G0AacCDBbwfgXr0nTuos7UxwmXO-CB3X82j9X17nS0xxDrZsbY1vUeXbSwrVgPmDeI1TQMCqL9Miw272AzS_qJUlPJI-7eVqetfa6E7YNDGAN_Pse5BQU8A3wXXEhJnqTEq2cz6atbCbz-EZmdslFw/-Sy51zv_EZ77d2cxfhsA8zrp0g8Hqpd_xyjUy7gweJg),ZVCWETDRY,0,0,,0,https://pdh-catalog.softr.app/reservations?prefill_Code_=ZVCWETDRY,,,
ZVIDES001,"D206 ΒΙΔΕΣ 3,5Χ16",0,"10000,0",D206,ΧΡΩΜΑΤΑ,MEGABOLD,,ZVIDES001,10000,10000,,10000,https://pdh-catalog.softr.app/reservations?prefill_Code_=ZVIDES001,,,
ZVIDES002,"D206 ΒΙΔΕΣ 3,5Χ20",0,"2000,0",D206,ΗΛΕΚΤΡΟΜΗΧ/ΚΟΣ ΕΞΟΠΛΙΣΜΟΣ,MEGABOLD,,ZVIDES002,2000,2000,,2000,https://pdh-catalog.softr.app/reservations?prefill_Code_=ZVIDES002,,,
ZVIDES003,"D206 ΒΙΔΕΣ 3,5Χ25",0,"7500,0",D206,ΗΛΕΚΤΡΟΜΗΧ/ΚΟΣ ΕΞΟΠΛΙΣΜΟΣ,MEGABOLD,,ZVIDES003,7500,7500,,7500,https://pdh-catalog.softr.app/reservations?prefill_Code_=ZVIDES003,,,
ZVIDES004,"D206 ΒΙΔΕΣ 3,5Χ30",0,"2000,0",D206,ΗΛΕΚΤΡΟΜΗΧ/ΚΟΣ ΕΞΟΠΛΙΣΜΟΣ,MEGABOLD,,ZVIDES004,2000,2000,,2000,https://pdh-catalog.softr.app/reservations?prefill_Code_=ZVIDES004,,,
ZVIDES005,"D206 ΒΙΔΕΣ 3,5Χ35",0,"350,0",D206,ΗΛΕΚΤΡΟΜΗΧ/ΚΟΣ ΕΞΟΠΛΙΣΜΟΣ,MEGABOLD,,ZVIDES005,350,350,,350,https://pdh-catalog.softr.app/reservations?prefill_Code_=ZVIDES005,,,
ZVIDES006,"D206 ΒΙΔΕΣ 3,5Χ38",0,"3500,0",D206,ΗΛΕΚΤΡΟΜΗΧ/ΚΟΣ ΕΞΟΠΛΙΣΜΟΣ,MEGABOLD,,ZVIDES006,3500,3500,,3500,https://pdh-catalog.softr.app/reservations?prefill_Code_=ZVIDES006,,,
ZVIDES007,"D206 ΒΙΔΕΣ 3,5Χ50",0,"150,0",D206,ΗΛΕΚΤΡΟΜΗΧ/ΚΟΣ ΕΞΟΠΛΙΣΜΟΣ,MEGABOLD,,ZVIDES007,150,150,,150,https://pdh-catalog.softr.app/reservations?prefill_Code_=ZVIDES007,,,
ZVIDES008,"D206 ΒΙΔΕΣ 3,5Χ60",0,"700,0",D206,ΗΛΕΚΤΡΟΜΗΧ/ΚΟΣ ΕΞΟΠΛΙΣΜΟΣ,MEGABOLD,,ZVIDES008,700,700,,700,https://pdh-catalog.softr.app/reservations?prefill_Code_=ZVIDES008,,,
ZVIDES009,D206 ΒΙΔΕΣ 4Χ20,0,"1500,0",D206,ΗΛΕΚΤΡΟΜΗΧ/ΚΟΣ ΕΞΟΠΛΙΣΜΟΣ,MEGABOLD,,ZVIDES009,1500,1500,,1500,https://pdh-catalog.softr.app/reservations?prefill_Code_=ZVIDES009,,,
ZVIDES010,D206 ΒΙΔΕΣ 4Χ25,0,"1800,0",D206,ΗΛΕΚΤΡΟΜΗΧ/ΚΟΣ ΕΞΟΠΛΙΣΜΟΣ,MEGABOLD,,ZVIDES010,1800,1800,,1800,https://pdh-catalog.softr.app/reservations?prefill_Code_=ZVIDES010,,,
ZVIDES011,D206 ΒΙΔΕΣ 4Χ30,0,"2000,0",D206,ΗΛΕΚΤΡΟΜΗΧ/ΚΟΣ ΕΞΟΠΛΙΣΜΟΣ,MEGABOLD,,ZVIDES011,2000,2000,,2000,https://pdh-catalog.softr.app/reservations?prefill_Code_=ZVIDES011,,,
ZVIDES012,D206 ΒΙΔΕΣ 4Χ40,0,"1400,0",D206,ΗΛΕΚΤΡΟΜΗΧ/ΚΟΣ ΕΞΟΠΛΙΣΜΟΣ,MEGABOLD,,ZVIDES012,1400,1400,,1400,https://pdh-catalog.softr.app/reservations?prefill_Code_=ZVIDES012,,,
ZVIDES013,D206 ΒΙΔΕΣ 4Χ50,0,"100,0",D206,ΗΛΕΚΤΡΟΜΗΧ/ΚΟΣ ΕΞΟΠΛΙΣΜΟΣ,MEGABOLD,,ZVIDES013,100,100,,100,https://pdh-catalog.softr.app/reservations?prefill_Code_=ZVIDES013,,,
ZVIDES014,D206 ΒΙΔΕΣ 5Χ30,0,"1400,0",D206,ΗΛΕΚΤΡΟΜΗΧ/ΚΟΣ ΕΞΟΠΛΙΣΜΟΣ,MEGABOLD,,ZVIDES014,1400,1400,,1400,https://pdh-catalog.softr.app/reservations?prefill_Code_=ZVIDES014,,,
ZVIDES015,D206 ΒΙΔΕΣ 5Χ35,0,"1100,0",D206,ΗΛΕΚΤΡΟΜΗΧ/ΚΟΣ ΕΞΟΠΛΙΣΜΟΣ,MEGABOLD,,ZVIDES015,1100,1100,,1100,https://pdh-catalog.softr.app/reservations?prefill_Code_=ZVIDES015,,,
ZVIDES016,D206 ΒΙΔΕΣ 5Χ40,0,"900,0",D206,ΗΛΕΚΤΡΟΜΗΧ/ΚΟΣ ΕΞΟΠΛΙΣΜΟΣ,MEGABOLD,,ZVIDES016,900,900,,900,https://pdh-catalog.softr.app/reservations?prefill_Code_=ZVIDES016,,,
ZVIDES017,D206 ΒΙΔΕΣ 5Χ45,0,"2200,0",D206,ΗΛΕΚΤΡΟΜΗΧ/ΚΟΣ ΕΞΟΠΛΙΣΜΟΣ,MEGABOLD,,ZVIDES017,2200,2200,,2200,https://pdh-catalog.softr.app/reservations?prefill_Code_=ZVIDES017,,,
ZVIDES018,D206 ΒΙΔΕΣ 5Χ50,0,"6200,0",D206,ΗΛΕΚΤΡΟΜΗΧ/ΚΟΣ ΕΞΟΠΛΙΣΜΟΣ,MEGABOLD,,ZVIDES018,5200,5200,,5200,https://pdh-catalog.softr.app/reservations?prefill_Code_=ZVIDES018,,,
ZVIDES019,D206 ΒΙΔΕΣ 5Χ50  ΙΝΟΧ,0,"10200,0",D206,ΗΛΕΚΤΡΟΜΗΧ/ΚΟΣ ΕΞΟΠΛΙΣΜΟΣ,MEGABOLD,,ZVIDES019,9800,9800,,9800,https://pdh-catalog.softr.app/reservations?prefill_Code_=ZVIDES019,,,
ZVIDES020,D206 ΒΙΔΕΣ 5Χ60,0,"1300,0",D206,ΗΛΕΚΤΡΟΜΗΧ/ΚΟΣ ΕΞΟΠΛΙΣΜΟΣ,MEGABOLD,,ZVIDES020,1300,1300,,1300,https://pdh-catalog.softr.app/reservations?prefill_Code_=ZVIDES020,,,
ZVIDES021,D206 ΝΟΠΑΝΟΒΙΔΑ 5X70,0,"1750,0",D206,ΗΛΕΚΤΡΟΜΗΧ/ΚΟΣ ΕΞΟΠΛΙΣΜΟΣ,MEGABOLD,,ZVIDES021,1750,1750,,1750,https://pdh-catalog.softr.app/reservations?prefill_Code_=ZVIDES021,,,
ZVIDES022,D206 ΒΙΔΕΣ 5Χ70  ΙΝΟΧ,0,"800,0",D206,ΗΛΕΚΤΡΟΜΗΧ/ΚΟΣ ΕΞΟΠΛΙΣΜΟΣ,MEGABOLD,,ZVIDES022,-3800,-3800,,-3800,https://pdh-catalog.softr.app/reservations?prefill_Code_=ZVIDES022,,,
ZVIDES023,D206 ΒΙΔΕΣ 5Χ80,0,"400,0",D206,ΗΛΕΚΤΡΟΜΗΧ/ΚΟΣ ΕΞΟΠΛΙΣΜΟΣ,MEGABOLD,,ZVIDES023,400,400,,400,https://pdh-catalog.softr.app/reservations?prefill_Code_=ZVIDES023,,,
ZVIDES024,D206 ΒΙΔΕΣ 5Χ90,0,,D206,ΗΛΕΚΤΡΟΜΗΧ/ΚΟΣ ΕΞΟΠΛΙΣΜΟΣ,MEGABOLD,,ZVIDES024,0,0,,0,https://pdh-catalog.softr.app/reservations?prefill_Code_=ZVIDES024,,,
ZVIDES025,D206 ΒΙΔΕΣ 5Χ100,0,"1600,0",D206,ΗΛΕΚΤΡΟΜΗΧ/ΚΟΣ ΕΞΟΠΛΙΣΜΟΣ,MEGABOLD,,ZVIDES025,1600,1600,,1600,https://pdh-catalog.softr.app/reservations?prefill_Code_=ZVIDES025,,,
ZVIDES026,D206 ΒΙΔΕΣ 6Χ40,0,"600,0",D206,ΗΛΕΚΤΡΟΜΗΧ/ΚΟΣ ΕΞΟΠΛΙΣΜΟΣ,MEGABOLD,,ZVIDES026,600,600,,600,https://pdh-catalog.softr.app/reservations?prefill_Code_=ZVIDES026,,,
ZVIDES027,D206 ΒΙΔΕΣ 6Χ50,0,"600,0",D206,ΗΛΕΚΤΡΟΜΗΧ/ΚΟΣ ΕΞΟΠΛΙΣΜΟΣ,MEGABOLD,,ZVIDES027,600,600,,600,https://pdh-catalog.softr.app/reservations?prefill_Code_=ZVIDES027,,,
ZVIDES028,D206 ΒΙΔΕΣ 6Χ80,0,"13200,0",D206,ΗΛΕΚΤΡΟΜΗΧ/ΚΟΣ ΕΞΟΠΛΙΣΜΟΣ,MEGABOLD,,ZVIDES028,13200,13200,,13200,https://pdh-catalog.softr.app/reservations?prefill_Code_=ZVIDES028,,,
ZVIDES029,D206 ΒΙΔΕΣ 6Χ90,0,"400,0",D206,ΗΛΕΚΤΡΟΜΗΧ/ΚΟΣ ΕΞΟΠΛΙΣΜΟΣ,MEGABOLD,,ZVIDES029,400,400,,400,https://pdh-catalog.softr.app/reservations?prefill_Code_=ZVIDES029,,,
ZVIDES030,D206 ΒΙΔΕΣ 6Χ100,0,"700,0",D206,ΗΛΕΚΤΡΟΜΗΧ/ΚΟΣ ΕΞΟΠΛΙΣΜΟΣ,MEGABOLD,,ZVIDES030,700,700,,700,https://pdh-catalog.softr.app/reservations?prefill_Code_=ZVIDES030,,,
ZVIDES031,D206 ΒΙΔΕΣ 6Χ120,0,"2400,0",D206,ΗΛΕΚΤΡΟΜΗΧ/ΚΟΣ ΕΞΟΠΛΙΣΜΟΣ,MEGABOLD,,ZVIDES031,2300,2300,,2300,https://pdh-catalog.softr.app/reservations?prefill_Code_=ZVIDES031,,,
ZVIDES032,D206 ΒΙΔΕΣ 6Χ140,0,"1200,0",D206,ΗΛΕΚΤΡΟΜΗΧ/ΚΟΣ ΕΞΟΠΛΙΣΜΟΣ,MEGABOLD,,ZVIDES032,800,800,,800,https://pdh-catalog.softr.app/reservations?prefill_Code_=ZVIDES032,,,
ZVIDES033,D206 ΒΙΔΕΣ 6Χ150,0,"2100,0",D206,ΗΛΕΚΤΡΟΜΗΧ/ΚΟΣ ΕΞΟΠΛΙΣΜΟΣ,MEGABOLD,,ZVIDES033,2100,2100,,2100,https://pdh-catalog.softr.app/reservations?prefill_Code_=ZVIDES033,,,
ZVIDES034,D206 ΒΙΔΕΣ 6Χ180,0,"550,0",D206,ΗΛΕΚΤΡΟΜΗΧ/ΚΟΣ ΕΞΟΠΛΙΣΜΟΣ,MEGABOLD,,ZVIDES034,550,550,,550,https://pdh-catalog.softr.app/reservations?prefill_Code_=ZVIDES034,,,
ZVIDES035,D206 ΒΙΔΕΣ 6Χ200,0,"400,0",D206,ΗΛΕΚΤΡΟΜΗΧ/ΚΟΣ ΕΞΟΠΛΙΣΜΟΣ,MEGABOLD,,ZVIDES035,400,400,,400,https://pdh-catalog.softr.app/reservations?prefill_Code_=ZVIDES035,,,
ZVIDES036,D206 ΒΙΔΕΣ 6Χ240,0,"2000,0",D206,ΗΛΕΚΤΡΟΜΗΧ/ΚΟΣ ΕΞΟΠΛΙΣΜΟΣ,MEGABOLD,,ZVIDES036,1800,1800,,1800,https://pdh-catalog.softr.app/reservations?prefill_Code_=ZVIDES036,,,
ZVIDES037,D206 ΒΙΔΕΣ 6Χ280,0,"1180,0",D206,ΗΛΕΚΤΡΟΜΗΧ/ΚΟΣ ΕΞΟΠΛΙΣΜΟΣ,MEGABOLD,,ZVIDES037,1060,1060,,1060,https://pdh-catalog.softr.app/reservations?prefill_Code_=ZVIDES037,,,
ZVIDES038,D206 ΒΙΔΕΣ 6Χ300,1,"1000,0",D206,ΗΛΕΚΤΡΟΜΗΧ/ΚΟΣ ΕΞΟΠΛΙΣΜΟΣ,MEGABOLD,,ZVIDES038,1000,1000,,1000,https://pdh-catalog.softr.app/reservations?prefill_Code_=ZVIDES038,,,
ZVIDES039,D206 ΒΙΔΕΣ 8Χ80,0,"300,0",D206,ΗΛΕΚΤΡΟΜΗΧ/ΚΟΣ ΕΞΟΠΛΙΣΜΟΣ,MEGABOLD,,ZVIDES039,300,300,,300,https://pdh-catalog.softr.app/reservations?prefill_Code_=ZVIDES039,,,
ZVIDES040,D206 ΒΙΔΕΣ 8Χ100,0,"300,0",D206,ΗΛΕΚΤΡΟΜΗΧ/ΚΟΣ ΕΞΟΠΛΙΣΜΟΣ,MEGABOLD,,ZVIDES040,300,300,,300,https://pdh-catalog.softr.app/reservations?prefill_Code_=ZVIDES040,,,
ZVIDES041,D206 ΒΙΔΕΣ 8Χ120,0,"50,0",D206,ΗΛΕΚΤΡΟΜΗΧ/ΚΟΣ ΕΞΟΠΛΙΣΜΟΣ,MEGABOLD,,ZVIDES041,50,50,,50,https://pdh-catalog.softr.app/reservations?prefill_Code_=ZVIDES041,,,
ZVIDES042,D206 ΒΙΔΕΣ 8Χ160,0,"100,0",D206,ΗΛΕΚΤΡΟΜΗΧ/ΚΟΣ ΕΞΟΠΛΙΣΜΟΣ,MEGABOLD,,ZVIDES042,100,100,,100,https://pdh-catalog.softr.app/reservations?prefill_Code_=ZVIDES042,,,
ZVIDES043,D206 ΒΙΔΕΣ 8Χ200,0,"100,0",D206,ΗΛΕΚΤΡΟΜΗΧ/ΚΟΣ ΕΞΟΠΛΙΣΜΟΣ,MEGABOLD,,ZVIDES043,100,100,,100,https://pdh-catalog.softr.app/reservations?prefill_Code_=ZVIDES043,,,
ZVIDES044,D206 ΒΙΔΕΣ 8Χ220,0,"100,0",D206,ΗΛΕΚΤΡΟΜΗΧ/ΚΟΣ ΕΞΟΠΛΙΣΜΟΣ,MEGABOLD,,ZVIDES044,100,100,,100,https://pdh-catalog.softr.app/reservations?prefill_Code_=ZVIDES044,,,
ZVIDES045,D206 ΒΙΔΕΣ 8Χ240,0,"100,0",D206,ΗΛΕΚΤΡΟΜΗΧ/ΚΟΣ ΕΞΟΠΛΙΣΜΟΣ,MEGABOLD,,ZVIDES045,100,100,,100,https://pdh-catalog.softr.app/reservations?prefill_Code_=ZVIDES045,,,
ZVIDES046,D206 ΒΙΔΕΣ 8Χ280,0,,D206,ΗΛΕΚΤΡΟΜΗΧ/ΚΟΣ ΕΞΟΠΛΙΣΜΟΣ,MEGABOLD,,ZVIDES046,0,0,,0,https://pdh-catalog.softr.app/reservations?prefill_Code_=ZVIDES046,,,
ZVIDES047,D206 ΒΙΔΕΣ 8Χ300,0,"200,0",D206,ΗΛΕΚΤΡΟΜΗΧ/ΚΟΣ ΕΞΟΠΛΙΣΜΟΣ,MEGABOLD,,ZVIDES047,0,0,,0,https://pdh-catalog.softr.app/reservations?prefill_Code_=ZVIDES047,,,
ZVIDES048,"D206 ΜΠΕΤΟΒΙΔΑ 7,5Χ72",0,"700,0",D206,ΗΛΕΚΤΡΟΜΗΧ/ΚΟΣ ΕΞΟΠΛΙΣΜΟΣ,MEGABOLD,,ZVIDES048,0,0,,0,https://pdh-catalog.softr.app/reservations?prefill_Code_=ZVIDES048,,,
ZVIDES049,"D206 ΜΠΕΤΟΒΙΔΑ 7,5Χ92",0,"1900,0",D206,ΗΛΕΚΤΡΟΜΗΧ/ΚΟΣ ΕΞΟΠΛΙΣΜΟΣ,MEGABOLD,,ZVIDES049,1900,1900,,1900,https://pdh-catalog.softr.app/reservations?prefill_Code_=ZVIDES049,,,
ZVIDES050,"D206 ΜΠΕΤΟΒΙΔΑ 7,5Χ112",0,"800,0",D206,ΗΛΕΚΤΡΟΜΗΧ/ΚΟΣ ΕΞΟΠΛΙΣΜΟΣ,MEGABOLD,,ZVIDES050,800,800,,800,https://pdh-catalog.softr.app/reservations?prefill_Code_=ZVIDES050,,,
ZVIDES051,D206 ΒΙΔΑ ΟΥΠΑ 12Χ160,0,"170,0",D206,ΗΛΕΚΤΡΟΜΗΧ/ΚΟΣ ΕΞΟΠΛΙΣΜΟΣ,MEGABOLD,,ZVIDES051,164,164,,164,https://pdh-catalog.softr.app/reservations?prefill_Code_=ZVIDES051,,,
ZVIDES052,D206 ΒΙΔΑ ΟΥΠΑ 12Χ190,0,"30,0",D206,ΗΛΕΚΤΡΟΜΗΧ/ΚΟΣ ΕΞΟΠΛΙΣΜΟΣ,MEGABOLD,,ZVIDES052,30,30,,30,https://pdh-catalog.softr.app/reservations?prefill_Code_=ZVIDES052,,,
ZVIDES053,D206 ΑΥΤΟΔΙΑΤΡΙΤΗ ΙΝΟΧ 6Χ6,0,,D206,ΗΛΕΚΤΡΟΜΗΧ/ΚΟΣ ΕΞΟΠΛΙΣΜΟΣ,MEGABOLD,,ZVIDES053,0,0,,0,https://pdh-catalog.softr.app/reservations?prefill_Code_=ZVIDES053,,,
ZVIDES054,D206 ΑΥΤΟΔΙΑΤΡΙΤΗ ΙΝΟΧ 2Χ38,0,"4500,0",D206,ΗΛΕΚΤΡΟΜΗΧ/ΚΟΣ ΕΞΟΠΛΙΣΜΟΣ,MEGABOLD,,ZVIDES054,4500,4500,,4500,https://pdh-catalog.softr.app/reservations?prefill_Code_=ZVIDES054,,,
ZVIDES055,D206 ΟΥΠΑ 10αρι,0,"7950,0",D206,ΗΛΕΚΤΡΟΜΗΧ/ΚΟΣ ΕΞΟΠΛΙΣΜΟΣ,MEGABOLD,,ZVIDES055,7900,7900,,7900,https://pdh-catalog.softr.app/reservations?prefill_Code_=ZVIDES055,,,
ZVIDES056,D206 ΟΥΠΑ 8αρι,0,"600,0",D206,ΗΛΕΚΤΡΟΜΗΧ/ΚΟΣ ΕΞΟΠΛΙΣΜΟΣ,MEGABOLD,,ZVIDES056,600,600,,600,https://pdh-catalog.softr.app/reservations?prefill_Code_=ZVIDES056,,,
ZVIDES057,D206 ΓΩΝΙΑ ΣΥΝΔΕΣΜΟΥ ΓΑΛΒΑΝΙΖΕ 50Χ50Χ40,0,"7800,0",D206,ΗΛΕΚΤΡΟΜΗΧ/ΚΟΣ ΕΞΟΠΛΙΣΜΟΣ,MEGABOLD,,ZVIDES057,7600,7600,,7600,https://pdh-catalog.softr.app/reservations?prefill_Code_=ZVIDES057,,,
ZVIDES058,D206 ΓΩΝΙΑ ΣΥΝΔΕΣΜΟΥ ΓΑΛΒΑΝΙΖΕ 70Χ70Χ50,0,"3400,0",D206,ΗΛΕΚΤΡΟΜΗΧ/ΚΟΣ ΕΞΟΠΛΙΣΜΟΣ,MEGABOLD,,ZVIDES058,3000,3000,,3000,https://pdh-catalog.softr.app/reservations?prefill_Code_=ZVIDES058,,,
ZVIDES059,D206 ΓΩΝΙΑ ΣΥΝΔΕΣΜΟΥ ΓΑΛΒΑΝΙΖΕ 100Χ100Χ80,0,"800,0",D206,ΗΛΕΚΤΡΟΜΗΧ/ΚΟΣ ΕΞΟΠΛΙΣΜΟΣ,MEGABOLD,,ZVIDES059,800,800,,800,https://pdh-catalog.softr.app/reservations?prefill_Code_=ZVIDES059,,,
ZVIDES060,D206 ΒΙΔΕΣ 6Χ160,0,"500,0",D206,ΗΛΕΚΤΡΟΜΗΧ/ΚΟΣ ΕΞΟΠΛΙΣΜΟΣ,MEGABOLD,,ZVIDES060,100,100,,100,https://pdh-catalog.softr.app/reservations?prefill_Code_=ZVIDES060,,,
ZVIDES061,D204 ΒΙΔΕΣ ΤΟΡΚ 5.5Χ45,13,,D204,ΗΛΕΚΤΡΟΜΗΧ/ΚΟΣ ΕΞΟΠΛΙΣΜΟΣ,ΣΤΑΥΡΑΚΑΣ,,ZVIDES061,0,0,,0,https://pdh-catalog.softr.app/reservations?prefill_Code_=ZVIDES061,,,
ZVIDES062,D204 ΠΡΟΕΚΤΑΣΗ ΜΥΤΗΣ,7,,D204,ΗΛΕΚΤΡΟΜΗΧ/ΚΟΣ ΕΞΟΠΛΙΣΜΟΣ,ΣΤΑΥΡΑΚΑΣ,,ZVIDES062,0,0,,0,https://pdh-catalog.softr.app/reservations?prefill_Code_=ZVIDES062,,,
ZVIDES064,D203 ΠΛΑΣΤΙΚΗ ΡΟΔΕΛΑ ΣΤΕΡΕΩΣΗΣ ΒΙΔΩΝ (100τμχ/ΣΑΚ),0,,D203,ΗΛΕΚΤΡΟΜΗΧ/ΚΟΣ ΕΞΟΠΛΙΣΜΟΣ,ΓΚΕΣΟΥΛΗΣ,,ZVIDES064,0,0,,0,https://pdh-catalog.softr.app/reservations?prefill_Code_=ZVIDES064,,,
ZVIDES065,D206 ΝΟΒΟΠΑΝΟΒΙΔΕΣ 5Χ70 ΙΝΟΧ,0,"6100,0",D206,ΗΛΕΚΤΡΟΜΗΧ/ΚΟΣ ΕΞΟΠΛΙΣΜΟΣ,MEGABOLD,,ZVIDES065,6100,6100,,6100,https://pdh-catalog.softr.app/reservations?prefill_Code_=ZVIDES065,,,
ZVIDES066,D206 ΝΟΒΟΠΑΝΟΒΙΔΕΣ 5Χ70,0,"-200,0",D206,ΗΛΕΚΤΡΟΜΗΧ/ΚΟΣ ΕΞΟΠΛΙΣΜΟΣ,MEGABOLD,,ZVIDES066,-200,-200,,-200,https://pdh-catalog.softr.app/reservations?prefill_Code_=ZVIDES066,,,
ZVIDES067,D206 ΝΟΒΟΠΑΝΟΒΙΔΕΣ 5Χ50 ΙΝΟΧ,0,,D206,ΗΛΕΚΤΡΟΜΗΧ/ΚΟΣ ΕΞΟΠΛΙΣΜΟΣ,MEGABOLD,,ZVIDES067,0,0,,0,https://pdh-catalog.softr.app/reservations?prefill_Code_=ZVIDES067,,,
ZVIDES068,D206 ΑΓΚΥΡΙΟ 7.5Χ72 ΤΣΙΜΕΝΤ,0,"2000,0",D206,ΗΛΕΚΤΡΟΜΗΧ/ΚΟΣ ΕΞΟΠΛΙΣΜΟΣ,MEGABOLD,,ZVIDES068,2000,2000,,2000,https://pdh-catalog.softr.app/reservations?prefill_Code_=ZVIDES068,,,
ZVIDES069,D206 ΝΟΒΟΠΑΝΟΒΙΔΕΣ 5Χ100,0,,D206,ΗΛΕΚΤΡΟΜΗΧ/ΚΟΣ ΕΞΟΠΛΙΣΜΟΣ,MEGABOLD,,ZVIDES069,0,0,,0,https://pdh-catalog.softr.app/reservations?prefill_Code_=ZVIDES069,,,
ZVIDES070,D206 ΝΟΒΟΠΑΝΟΒΙΔΕΣ 6Χ100,0,"350,0",D206,ΗΛΕΚΤΡΟΜΗΧ/ΚΟΣ ΕΞΟΠΛΙΣΜΟΣ,MEGABOLD,,ZVIDES070,350,350,,350,https://pdh-catalog.softr.app/reservations?prefill_Code_=ZVIDES070,,,
ZVIDES071,D206 ΝΟΒΟΠΑΝΟΒΙΔΕΣ 6Χ120,0,"1100,0",D206,ΗΛΕΚΤΡΟΜΗΧ/ΚΟΣ ΕΞΟΠΛΙΣΜΟΣ,MEGABOLD,,ZVIDES071,1100,1100,,1100,https://pdh-catalog.softr.app/reservations?prefill_Code_=ZVIDES071,,,
ZVIDES072,D206 ΒΙΔΕΣ ΑΥΤΟΔΙΑΤΡΗΤΕΣ 4.2Χ16,0,,D206,ΗΛΕΚΤΡΟΜΗΧ/ΚΟΣ ΕΞΟΠΛΙΣΜΟΣ,MEGABOLD,,ZVIDES072,0,0,,0,https://pdh-catalog.softr.app/reservations?prefill_Code_=ZVIDES072,,,
ZVIDES074,D206 ΒΙΔΕΣ ΟΥΠΑ 20X170,0,"100,0",D206,ΗΛΕΚΤΡΟΜΗΧ/ΚΟΣ ΕΞΟΠΛΙΣΜΟΣ,MEGABOLD,,ZVIDES074,100,100,,100,https://pdh-catalog.softr.app/reservations?prefill_Code_=ZVIDES074,,,
ZVIDES075,D206 ΒΙΔΕΣ ΟΥΠΑ 20X220,0,"30,0",D206,ΗΛΕΚΤΡΟΜΗΧ/ΚΟΣ ΕΞΟΠΛΙΣΜΟΣ,MEGABOLD,,ZVIDES075,30,30,,30,https://pdh-catalog.softr.app/reservations?prefill_Code_=ZVIDES075,,,
ZVIDES076,D206 ΑΥΤΟΔΙΑΤΡΙΤΗ INOX 5X60,0,"4800,0",D206,ΗΛΕΚΤΡΟΜΗΧ/ΚΟΣ ΕΞΟΠΛΙΣΜΟΣ,MEGABOLD,,ZVIDES076,4800,4800,,4800,https://pdh-catalog.softr.app/reservations?prefill_Code_=ZVIDES076,,,
ZVIDES077,D206 ΒΙΔΕΣ INOX 5X25,0,"5000,0",D206,ΗΛΕΚΤΡΟΜΗΧ/ΚΟΣ ΕΞΟΠΛΙΣΜΟΣ,MEGABOLD,,ZVIDES077,5000,5000,,5000,https://pdh-catalog.softr.app/reservations?prefill_Code_=ZVIDES077,,,
ZVIDES078,D206 ΒΙΔΕΣ INOX HOLZ TECHNIC 5X70,0,"4000,0",D206,ΗΛΕΚΤΡΟΜΗΧ/ΚΟΣ ΕΞΟΠΛΙΣΜΟΣ,MEGABOLD,,ZVIDES078,4000,4000,,4000,https://pdh-catalog.softr.app/reservations?prefill_Code_=ZVIDES078,,,
ZVIDES079,D206 ΟΥΠΑ 6αρι,0,"300,0",D206,ΗΛΕΚΤΡΟΜΗΧ/ΚΟΣ ΕΞΟΠΛΙΣΜΟΣ,MEGABOLD,,ZVIDES079,300,300,,300,https://pdh-catalog.softr.app/reservations?prefill_Code_=ZVIDES079,,,
ZVIDES080,D206 ΟΥΠΑ 12αρι,0,"50,0",D206,ΗΛΕΚΤΡΟΜΗΧ/ΚΟΣ ΕΞΟΠΛΙΣΜΟΣ,MEGABOLD,,ZVIDES080,0,0,,0,https://pdh-catalog.softr.app/reservations?prefill_Code_=ZVIDES080,,,
ZVIDES081,D206 ΟΥΠΑ 14αρι,0,"700,0",D206,ΗΛΕΚΤΡΟΜΗΧ/ΚΟΣ ΕΞΟΠΛΙΣΜΟΣ,MEGABOLD,,ZVIDES081,700,700,,700,https://pdh-catalog.softr.app/reservations?prefill_Code_=ZVIDES081,,,
ZVM10PWU,D198 ΠΡΙΖΑ ΣΟΥΚΟ,0,"13,0",D198,ΗΛΕΚΤΡΟΛΟΓΙΚΑ,ΗΛΕΚΤΡΟΛΟΓΙΚΑ,,ZVM10PWU,13,13,,13,https://pdh-catalog.softr.app/reservations?prefill_Code_=ZVM10PWU,,,
ZVM10SBU,D198 ΠΡΙΖΑ ΣΟΥΚΟ,0,"60,0",D198,ΗΛΕΚΤΡΟΛΟΓΙΚΑ,ΗΛΕΚΤΡΟΛΟΓΙΚΑ,,ZVM10SBU,60,60,,60,https://pdh-catalog.softr.app/reservations?prefill_Code_=ZVM10SBU,,,
ZVM11PΡU,D198 ΠΡΙΖΑ ΣΟΥΚΟ ΜΕ ΚΑΠΑΚΙ,0,,D198,ΗΛΕΚΤΡΟΛΟΓΙΚΑ,ΗΛΕΚΤΡΟΛΟΓΙΚΑ,,ZVM11PΡU,0,0,,0,https://pdh-catalog.softr.app/reservations?prefill_Code_=ZVM11PΡU,,,
ZVM11ΒΤU,D198 ΠΡΙΖΑ ΣΟΥΚΟ ΜΕ ΚΑΠΑΚΙ ΔΙΑΦΑΝΕΣ,0,,D198,ΗΛΕΚΤΡΟΛΟΓΙΚΑ,ΗΛΕΚΤΡΟΛΟΓΙΚΑ,,ZVM11ΒΤU,0,0,,0,https://pdh-catalog.softr.app/reservations?prefill_Code_=ZVM11ΒΤU,,,
ZWM11PΡU,D198 ΠΡΙΖΑ ΣΟΥΚΟ ΜΕ ΚΑΠΑΚΙ,0,,D198,ΗΛΕΚΤΡΟΛΟΓΙΚΑ,ΗΛΕΚΤΡΟΛΟΓΙΚΑ,,ZWM11PΡU,0,0,,0,https://pdh-catalog.softr.app/reservations?prefill_Code_=ZWM11PΡU,,,
ZWS001W,I154 ΕΝΣΥΡΜΑΤΑ ΕΠΙΤΟΙΧΑ ΗΧΕΙΑ 30W ΕΞΩΤΕΡΙΚΟΥ ΧΩΡΟΥ,0,"8,0",I154,ΗΛΕΚΤΡΟΛΟΓΙΚΑ,ΗΛΕΚΤΡΟΜΗΧ/ΚΟΣ ΕΞΟΠΛΙΣΜΟΣ,image.png (https://v5.airtableusercontent.com/v3/u/55/55/1785175200000/amSZxJOSyk_dJbQQv4_8tg/K_LPYujtU4Kf3dHIGHAGnoC5A94LpZPJai7Tey0wbcNWhe06OVhcN1h7tePIcM-a84lSfk4n3AToVkof7t6vzQCEeYY5Zcykaegtg3WmWccvCBr19zMYGvF7wbRPJIRStqnFLd1nlh_8GhAzczPjcg/ElfM9YNjx7yFhQHoa88KnUCrybD0mhs4QszAACTjHzs),ZWS001W,8,8,,8,https://pdh-catalog.softr.app/reservations?prefill_Code_=ZWS001W,,,
ZYDRAVL001,D200 ΔΙΑΚΟΠΤΗΣ ΓΩΝΙΑΚΟΣ 1/2'',2,"57,0",D200,ΧΡΩΜΑΤΑ,ΜΠΟΤΣΙΟΣ,,ZYDRAVL001,57,57,,57,https://pdh-catalog.softr.app/reservations?prefill_Code_=ZYDRAVL001,,,
ZYDRAVL002,D200 ΔΙΑΚΟΠΤΗΣ ΓΩΝΙΑΚΟΣ 3/4'',2,"11,0",D200,ΧΡΩΜΑΤΑ,ΜΠΟΤΣΙΟΣ,,ZYDRAVL002,11,11,,11,https://pdh-catalog.softr.app/reservations?prefill_Code_=ZYDRAVL002,,,
ZYDRAVL003,D200 ΒΑΛΒΙΔΑ ΝΙΠΤΗΡΟΣ ΧΡΩΜΕ,0,"16,0",D200,ΧΡΩΜΑΤΑ,ΜΠΟΤΣΙΟΣ,,ZYDRAVL003,16,16,,16,https://pdh-catalog.softr.app/reservations?prefill_Code_=ZYDRAVL003,,,
ZYDRAVL004,D200 ΒΑΛΒΙΔΑ ΝΙΠΤΗΡΟΣ ΜΑΥΡΗ,5,"-7,0",D200,ΧΡΩΜΑΤΑ,ΜΠΟΤΣΙΟΣ,,ZYDRAVL004,-8,-8,,-8,https://pdh-catalog.softr.app/reservations?prefill_Code_=ZYDRAVL004,,,
ZYDRAVL005,D200 ΣΧΑΡΑΚΙ ΙΝΟΧ 12*12 (ΣΙΦΩΝΙ ΔΑΠΕΔΟΥ),0,"27,0",D200,ΧΡΩΜΑΤΑ,ΜΠΟΤΣΙΟΣ,,ZYDRAVL005,15,15,,15,https://pdh-catalog.softr.app/reservations?prefill_Code_=ZYDRAVL005,,,
ZYDRAVL006,D200 ΣΤΗΡΙΓΜΑ ΜΕΤΑΛΛΙΚΟ ΤΗΛΕΦΩΝΟΥ ΜΠΑΝΙΟΥ,0,"10,0",D200,ΧΡΩΜΑΤΑ,ΜΠΟΤΣΙΟΣ,,ZYDRAVL006,10,10,,10,https://pdh-catalog.softr.app/reservations?prefill_Code_=ZYDRAVL006,,,
ZYDRAVL007,D200 ΣΙΦΩΝΙ ΕΥΚΑΠΤΟ ΝΙΠΤΗΡΟΣ 1-1/4 32ΜΜ,2,"4,0",D200,ΧΡΩΜΑΤΑ,ΜΠΟΤΣΙΟΣ,,ZYDRAVL007,4,4,,4,https://pdh-catalog.softr.app/reservations?prefill_Code_=ZYDRAVL007,,,
ZYDRAVL008,"D200 ΣΙΦΩΝΙ ΝΕΡΟΧΥΤΟΥ 1-1/2 Φ40,50 ΜΕ ΠΑΞΙΜΑΔΙ",0,"18,0",D200,ΧΡΩΜΑΤΑ,ΜΠΟΤΣΙΟΣ,,ZYDRAVL008,18,18,,18,https://pdh-catalog.softr.app/reservations?prefill_Code_=ZYDRAVL008,,,
ZYDRAVL009,D200 ΣΙΦΩΝΙ ΕΥΚΑΠΤΟ 1-1/4 Φ32-40 ΜΕ ΠΑΞΙΜΑΔΙ,3,"8,0",D200,ΧΡΩΜΑΤΑ,ΜΠΟΤΣΙΟΣ,,ZYDRAVL009,8,8,,8,https://pdh-catalog.softr.app/reservations?prefill_Code_=ZYDRAVL009,,,
ZYDRAVL0010,D200 ΣΙΦΩΝΙ ΝΕΡΟΧΥΤΟΥ ΔΙΠΛΟ 1-1/2 Φ40-50 ΜΕ ΠΑΞΙΜΑΔΙ,0,"7,0",D200,ΧΡΩΜΑΤΑ,ΜΠΟΤΣΙΟΣ,,ZYDRAVL0010,7,7,,7,https://pdh-catalog.softr.app/reservations?prefill_Code_=ZYDRAVL0010,,,
ZYDRAVL0011,D200 ΣΙΦΩΝΙ ΠΛΑΣΤΙΚΟ ΔΙΠΛΟ Φ40-50,0,"8,0",D200,ΧΡΩΜΑΤΑ,ΜΠΟΤΣΙΟΣ,,ZYDRAVL0011,8,8,,8,https://pdh-catalog.softr.app/reservations?prefill_Code_=ZYDRAVL0011,,,
ZYDRAVL0012,D200 ΣΙΦΩΝΙ ΜΟΝΟ ΠΛΑΣΤΙΚΟ ΝΕΡΟΧΥΤΗ     Φ40-50,3,"17,0",D200,ΧΡΩΜΑΤΑ,ΜΠΟΤΣΙΟΣ,,ZYDRAVL0012,17,17,,17,https://pdh-catalog.softr.app/reservations?prefill_Code_=ZYDRAVL0012,,,
ZYDRAVL0013,D200 ΣΙΦΩΝΙ ΝΙΠΤΗΡΟΣ ΠΟΤΗΡΙ & ΤΑΠΑ Φ32,0,,D200,ΧΡΩΜΑΤΑ,ΜΠΟΤΣΙΟΣ,,ZYDRAVL0013,0,0,,0,https://pdh-catalog.softr.app/reservations?prefill_Code_=ZYDRAVL0013,,,
ZYDRAVL0014,D200 ΣΩΛΗΝΑΣ ΣΙΦΩΝΙΟΥ ΧΡΩΜΕ Φ32*300ΜΜ,0,,D200,ΧΡΩΜΑΤΑ,ΜΠΟΤΣΙΟΣ,,ZYDRAVL0014,0,0,,0,https://pdh-catalog.softr.app/reservations?prefill_Code_=ZYDRAVL0014,,,
ZYDRAVL0015,D200 ΒΑΛΒΙΔΑ ΝΕΡΟΧΥΤΗ Φ114 ΜΑΚΡΙΑ ΒΙΔΑ,0,"3,0",D200,ΧΡΩΜΑΤΑ,ΜΠΟΤΣΙΟΣ,,ZYDRAVL0015,3,3,,3,https://pdh-catalog.softr.app/reservations?prefill_Code_=ZYDRAVL0015,,,
ZYDRAVL0016,D200 ΒΡΥΣΗ ΕΞΩΤΕΡΙΚΗ  ΑΠΛΗ CHERBROS,0,"33,0",D200,ΧΡΩΜΑΤΑ,ΜΠΟΤΣΙΟΣ,,ZYDRAVL0016,33,33,,33,https://pdh-catalog.softr.app/reservations?prefill_Code_=ZYDRAVL0016,,,
ZYDRAVL0017,D200 ΒΡΥΣΗ ΕΞΩΤΕΡΙΚΗ ΔΙΠΛΗ VIOSPIRAL,12,"7,0",D200,ΧΡΩΜΑΤΑ,ΜΠΟΤΣΙΟΣ,,ZYDRAVL0017,7,7,,7,https://pdh-catalog.softr.app/reservations?prefill_Code_=ZYDRAVL0017,,,
ZYDRAVL0018,D200 ΚΑΝΟΥΛΑ ΧΡΩΜΕ ΜΕ ΜΗΧΑΝΙΣΜΟ ΜΙΣΟΣΤΡΟΦΟ,0,,D200,ΧΡΩΜΑΤΑ,ΜΠΟΤΣΙΟΣ,,ZYDRAVL0018,0,0,,0,https://pdh-catalog.softr.app/reservations?prefill_Code_=ZYDRAVL0018,,,
ZYDRAVL0019,D200 ΒΑΛΒΙΔΑ ΝΕΡΟΧΥΤΗ Φ70 ΜΕ ΤΑΠΑ,0,"6,0",D200,ΧΡΩΜΑΤΑ,ΜΠΟΤΣΙΟΣ,,ZYDRAVL0019,6,6,,6,https://pdh-catalog.softr.app/reservations?prefill_Code_=ZYDRAVL0019,,,
ZYDRAVL0020,D200 ΜΠΑΤΑΡΙΑ ΕΞΩΤΕΡΙΚΗ ΖΕΣΤΟ/ΚΡΥΟ   AQUA PRIMA,0,"3,0",D200,ΧΡΩΜΑΤΑ,ΜΠΟΤΣΙΟΣ,,ZYDRAVL0020,3,3,,3,https://pdh-catalog.softr.app/reservations?prefill_Code_=ZYDRAVL0020,,,
ZYDRAVL0021,D200 ΤΗΛΕΦΩΝΟ ΝΤΟΥΣ SEVAJET,0,,D200,ΧΡΩΜΑΤΑ,ΜΠΟΤΣΙΟΣ,,ZYDRAVL0021,0,0,,0,https://pdh-catalog.softr.app/reservations?prefill_Code_=ZYDRAVL0021,,,
ZYDRAVL0022,D200 ΣΠΙΡΑΛ ΤΗΛΕΦΩΝΟΥ ULTRA FLEX,0,"-1,0",D200,ΧΡΩΜΑΤΑ,ΜΠΟΤΣΙΟΣ,,ZYDRAVL0022,-1,-1,,-1,https://pdh-catalog.softr.app/reservations?prefill_Code_=ZYDRAVL0022,,,
ZYDRAVL0023,D200 ΔΙΑΚΟΠΤΗΣ ΣΦΑΙΡ.ΓΩΝ.1/2'',8,"40,0",D200,ΧΡΩΜΑΤΑ,ΜΠΟΤΣΙΟΣ,,ZYDRAVL0023,40,40,,40,https://pdh-catalog.softr.app/reservations?prefill_Code_=ZYDRAVL0023,,,
ZYDRAVL0024,D200 ΣΙΦΩΝΙ ΝΕΡΟΧ.ΛΕΥΚΟ,4,,D200,ΧΡΩΜΑΤΑ,ΜΠΟΤΣΙΟΣ,,ZYDRAVL0024,0,0,,0,https://pdh-catalog.softr.app/reservations?prefill_Code_=ZYDRAVL0024,,,
ZYDRAVL0025,D200 ΠΡΟΕΚΤΑΣΗ ΜΕΤΑΛΛΙΚΗ ΒΑΛΒΙΔΑΣ,8,,D200,ΧΡΩΜΑΤΑ,ΜΠΟΤΣΙΟΣ,,ZYDRAVL0025,0,0,,0,https://pdh-catalog.softr.app/reservations?prefill_Code_=ZYDRAVL0025,,,
ZYDRAVL0026,D205 ΣΧΑΡΑ ΓΑΛΒ 1003Χ25Χ2 ΜΕ ΠΛΑΙΣΙΟ,33,"9,0",D205,ΧΡΩΜΑΤΑ,ΑΡΑΒΑΝΗΣ,,ZYDRAVL0026,9,9,,9,https://pdh-catalog.softr.app/reservations?prefill_Code_=ZYDRAVL0026,,,
ZYDRAVL029,D200 ΛΕΚΑΝΗ CONCEPT ΚΡΕΜΑΣΤΗ IDEAL E785001,146,,D200,ΧΡΩΜΑΤΑ,ΜΠΟΤΣΙΟΣ,,ZYDRAVL029,0,0,,0,https://pdh-catalog.softr.app/reservations?prefill_Code_=ZYDRAVL029,,,
ZYDRAVL030,D200 ΚΑΖΑΝΑΚΙ ΕΝΤΟΙΧ.PROSY R009467-R020467,149,,D200,ΧΡΩΜΑΤΑ,ΜΠΟΤΣΙΟΣ,,ZYDRAVL030,0,0,,0,https://pdh-catalog.softr.app/reservations?prefill_Code_=ZYDRAVL030,,,
ZYDRAVL031,D200 ΚΑΘΙΣΜΑ CONNECT SOFT CLOSING E712701,65,,D200,ΧΡΩΜΑΤΑ,ΜΠΟΤΣΙΟΣ,,ZYDRAVL031,0,0,,0,https://pdh-catalog.softr.app/reservations?prefill_Code_=ZYDRAVL031,,,
ZYDRAVL032,D200 ΠΛΑΚΕΤΑ ΕΝΤΟΙΧ.ΚΑΖΑΝ.OLEAS M2,54,,D200,ΧΡΩΜΑΤΑ,ΜΠΟΤΣΙΟΣ,,ZYDRAVL032,0,0,,0,https://pdh-catalog.softr.app/reservations?prefill_Code_=ZYDRAVL032,,,
ZYDRAVL033,D200 ΠΛΑΚΕΤΑ ΕΝΤΟΙΧ.ΚΑΖΑΝ.OLES PR,45,,D200,ΧΡΩΜΑΤΑ,ΜΠΟΤΣΙΟΣ,,ZYDRAVL033,0,0,,0,https://pdh-catalog.softr.app/reservations?prefill_Code_=ZYDRAVL033,,,
ZYDRAVL034,D200 ΚΑΝΟΥΛΑ ΣΦΑΙΡ. 1/2 ΧΡΩΜΕ,10,,D200,ΧΡΩΜΑΤΑ,ΜΠΟΤΣΙΟΣ,,ZYDRAVL034,0,0,,0,https://pdh-catalog.softr.app/reservations?prefill_Code_=ZYDRAVL034,,,
ZYDRAVL035,D200 ΚΑΝΟΥΛΑ ΙΙ ΡΟΗΣ ΜΕ ΔΙΑΚΟΠΤΗ 1,14,"21,0",D200,ΧΡΩΜΑΤΑ,ΜΠΟΤΣΙΟΣ,,ZYDRAVL035,21,21,,21,https://pdh-catalog.softr.app/reservations?prefill_Code_=ZYDRAVL035,,,
ZYDRAVL036,D200 ΒΑΛΒΙΔΑ ΝΙΠΤ.ΟΡΕΙΧΑΛΚΙΝΗ C,16,"10,0",D200,ΧΡΩΜΑΤΑ,ΜΠΟΤΣΙΟΣ,,ZYDRAVL036,10,10,,10,https://pdh-catalog.softr.app/reservations?prefill_Code_=ZYDRAVL036,,,
ZYDRAVL037,D200 ΛΕΚΑΝΗ ΚΡΕΜΑΣΤΗ LIFE SPACE,0,,D200,ΧΡΩΜΑΤΑ,ΜΠΟΤΣΙΟΣ,,ZYDRAVL037,0,0,,0,https://pdh-catalog.softr.app/reservations?prefill_Code_=ZYDRAVL037,,,
ZYDRAVL038,D200 ΚΑΘΙΣΜΑ ΛΕΚΑΝΗΣ CONNECT ΑΠΛΟ,0,,D200,ΧΡΩΜΑΤΑ,ΜΠΟΤΣΙΟΣ,,ZYDRAVL038,0,0,,0,https://pdh-catalog.softr.app/reservations?prefill_Code_=ZYDRAVL038,,,
ZYDRAVL039,D200 ΚΑΘΙΣΜΑ LIFE SPACE SOFT,0,,D200,ΧΡΩΜΑΤΑ,ΜΠΟΤΣΙΟΣ,,ZYDRAVL039,0,0,,0,https://pdh-catalog.softr.app/reservations?prefill_Code_=ZYDRAVL039,,,
ZYDRAVL042,D200 ΠΡΟΕΚΤΑΣΗ ΒΑΛΒΙΔΑΣ ΝΙΠΤΗΡΑ,0,"21,0",D200,ΧΡΩΜΑΤΑ,ΜΠΟΤΣΙΟΣ,,ZYDRAVL042,21,21,,21,https://pdh-catalog.softr.app/reservations?prefill_Code_=ZYDRAVL042,,,
ZYDRAVL043,"D200 VIOSPIRAL ΣΠΙΡΑΛ ΛΟΥΤΡΟΥ ΑΥΞΟΜΕΙΟΥΜΕΝΟ
  150-185cm",0,"22,0",D200,ΧΡΩΜΑΤΑ,ΜΠΟΤΣΙΟΣ,,ZYDRAVL043,22,22,,22,https://pdh-catalog.softr.app/reservations?prefill_Code_=ZYDRAVL043,,,
ZYDRAVL004150BRONZNICKEL,D200 ΣΙΦΩΝΙ ΝΙΠΤΗΡΟΣ ΠΟΤΗΡΙ & ΤΑΠΑ Φ32 (MODEA),0,,D200,ΧΡΩΜΑΤΑ,ΜΠΟΤΣΙΟΣ,,ZYDRAVL004150BRONZNICKEL,0,0,,0,https://pdh-catalog.softr.app/reservations?prefill_Code_=ZYDRAVL004150BRONZNICKEL,,,
ZYDRAVL0005210BRONZNICKEL,D200 ΒΑΛΒΙΔΑ ΝΙΠΤΗΡΑ (IDEAL),0,,D200,ΧΡΩΜΑΤΑ,ΜΠΟΤΣΙΟΣ,,ZYDRAVL0005210BRONZNICKEL,0,0,,0,https://pdh-catalog.softr.app/reservations?prefill_Code_=ZYDRAVL0005210BRONZNICKEL,,,
ZCHROM0095,D216 ΑΦΡΟΣ ΠΟΛΥΟΥΡΕΘΑΝΗΣ ΧΕΙΡΟΣ 750ml,5,"0,0",D216,ΧΡΩΜΑΤΑ,ΑΦΟΙ ΠΑΥΛΟΥ ΦΩΤΗ ΟΕ,,ZCHROM0095,-1,-1,,-1,https://pdh-catalog.softr.app/reservations?prefill_Code_=ZCHROM0095,,,
ZBATH005.2,I165 CONCEALED BASIN MIXER 210mm,180,"96,0",I165,ΜΠΑΝΙΟ,,image.png (https://v5.airtableusercontent.com/v3/u/55/55/1785175200000/XHytqgWOftgNhJmZ_YVhPg/TWgITW3iQgTkAk012oKOBNokEUHLHLGQ2RibSHmG0xDdjEJMH7GBVEeRTnXc_pQtGUBI-wzGI1n_u4cbXv5JC2QR8EbV6e2UYdmdCQ9KOs3xumGQ6GelsEOIp7_CKAp4O2hJ3ajOeVSpd8NlN9eICQ/n3ikfvQzUpRZy9At-cJ8rDhzr4DS5ijTc-c-Br2jNGg),ZBATH005.2,96,96,,31,https://pdh-catalog.softr.app/reservations?prefill_Code_=ZBATH005.2,,"ZBATH005.2,ZBATH005.2,ZBATH005.2",I110.9
ZBATH006.2,I65 SPOUTS FOR CONCEALED BASIN MIXER ZBATH005.2 210mm,50,"19,0",I165,ΜΠΑΝΙΟ,,image.png (https://v5.airtableusercontent.com/v3/u/55/55/1785175200000/5gZwJxD7060KzpTLmJ5qkA/dL9I_xju1X9nSVT8VnkWlnbcvRdgFTfJQznkIbokEgfLLCSw3Q8iDkBfDo0tyje-9B2ktPELsX69lYadKKyv7jLXrCTV_qYWUs6aSzl7Apq18NuEjZ64PNUkwZg6qH7IyPO8pJhXHYKku3L5yF-bdw/wk3NqzdEjxSkdQfzYJ_zXaNJZ2s4sATJXuVL_zhzdkU),ZBATH006.2,19,19,,19,https://pdh-catalog.softr.app/reservations?prefill_Code_=ZBATH006.2,,,I110.9
ZBATH005.1,I165 CONCEALED BASIN MIXER 150mm,180,"16,0",I165,ΜΠΑΝΙΟ,,image.png (https://v5.airtableusercontent.com/v3/u/55/55/1785175200000/SKBnzAoZC8Y1zUgRYC_FmQ/jGqe49zbOdk1mhbqX8r4-FW6B6TNdbd3b4xo6UIH--hLmEZDVSXcCSUcI-r3k4p9xknIxJmFK5tPMCQPC4BP4nu3s-oHLJ8FOYJ1MbFrJ29sG8UEbKLQ50jRIUkN-LmwQJvvJxyRQXiClC_DKYLfQg/0YyFQFat4xoJ4NnC0ZNnj5IeKgmDHQduBF7igWlgo_8),ZBATH005.1,16,16,,16,https://pdh-catalog.softr.app/reservations?prefill_Code_=ZBATH005.1,,,I110.9
ZBATH006.1,I65 SPOUTS FOR CONCEALED BASIN MIXER ZBATH005.1 150mm,50,"20,0",I165,ΜΠΑΝΙΟ,,image.png (https://v5.airtableusercontent.com/v3/u/55/55/1785175200000/AwzmAfVCh9d8R2Of7OwAfw/BGDLureYlRYyR4m_ap5ryVXcccW3HDf2aBvWrQXeu_3YTcJkJLiTNgBvZMJZuXNsWUg6MVBF2Cuu9wDK6M6Rr_9iU7Q254RX00KFTjgtDtQlrhfEdYnfG5lDK8pSG1Jf8rnv073m1sTDeApLOWNckw/0MI56RoChfF6vOs-F4kX5Ul53ZktaeuzXc8hbW2Hhw4),ZBATH006.1,20,20,,20,https://pdh-catalog.softr.app/reservations?prefill_Code_=ZBATH006.1,,,I110.9
ZBATH007,I165 FLOOR STANDING BATHTUB MIXER,545,"1,0",I165,ΜΠΑΝΙΟ,,image.png (https://v5.airtableusercontent.com/v3/u/55/55/1785175200000/3nq-xOV-r6Mpqt486N5siQ/Mq0qwFvNXCdOCRFk4DsL95hgMpjRRUxZmFqokobvewWvoXp0HAgBOm1fRUhU6FdYSqyTDobEXuKb4YgAz8IYfbpjhFxatUfsRmmne0HJMREW9OsrZ-7WMeikcNmulMxoiAPM5bMsR4QG8j__dkc7WA/c3wu9-09b2u4we4ZBQUZ9e3wcePN1Kg9JyDCn--mt_0),ZBATH007,1,1,,1,https://pdh-catalog.softr.app/reservations?prefill_Code_=ZBATH007,,,I110.9
ZBATH008,I165 KITCHEN MIXER,80,"50,0",I165,ΜΠΑΝΙΟ,,image.png (https://v5.airtableusercontent.com/v3/u/55/55/1785175200000/uNavzQWY8yd8Pvy94y5ZQw/K5zZmB2PSRA0Pz-x1qOoXe1PsefNiIck7DshBZCl9Jzr3fNsN5rmrmSFsSlLN4bDhMZUbZ1GdurTx45GdNbVmOdFNt9iWjwTwbqrdX8kF81NIvPv0jxHWSyhy5TRcKazU6UkJdGy9Hx8UaDWcmyAKQ/uZhwAeq7zxxDbyV_gevn0cHxPrbiDMHKBshB4tOQD9s),ZBATH008,50,50,,50,https://pdh-catalog.softr.app/reservations?prefill_Code_=ZBATH008,,,I110.9
ZBATH009,I165 IN WALL SHOWER SET,240,"92,0",I165,ΜΠΑΝΙΟ,,image.png (https://v5.airtableusercontent.com/v3/u/55/55/1785175200000/N8S5CoP6HCTPTMywGj2HRw/dNe64P4HYTga60MFk1vPDF0ha0xbs_piNhjbvBs-cR6mGo19mSkqrLSMviR68PbuIG3kWqrAYho3l_KlfWzzkyO3An-GIPv31ZbCoxsSFWKTKMrukpVwvN-B-k1tV0p6o464QgR-8LE0CLv383eSLA/h8VhR5i4eIRWJ3GZEpj0Xbise-l7CeM66jeli1wdpsA),ZBATH009,92,92,,32,https://pdh-catalog.softr.app/reservations?prefill_Code_=ZBATH009,,"ZBATH009,ZBATH009",I110.9
ZBATH010,I165 HEAD SHOWER SPARE FOR ZBATH0009 SHOWER SET,40,"20,0",I165,ΜΠΑΝΙΟ,,image.png (https://v5.airtableusercontent.com/v3/u/55/55/1785175200000/rDpPZrhXH48smfs5oigrpw/5G0xlsdi08YcS5J1VQShe89Kwf6yhiTJJ0VPjx4rS31cp8t-yBFcelU5WkDoAf_z9LazMT4or7ruM-i4cVr12Z12p8OcUsp8rGNYYUpBIsMgsZXl3ROjnJEZvlvhwV1ulXIaKOWwGj5Rqb-pnxqmuw/cdCMm5QkGa58v2n3vyzFltRtrdBq3cYO9mdHghaXBDA),ZBATH010,20,20,,20,https://pdh-catalog.softr.app/reservations?prefill_Code_=ZBATH010,,,I110.9
ZBATH011,I165 IN WALL VALVE SPARE FOR ZBATH0009 SHOWER SET,135,"20,0",I165,ΜΠΑΝΙΟ,,image.png (https://v5.airtableusercontent.com/v3/u/55/55/1785175200000/uhtmcPI6Vm1aKvza_G3iZA/vp3vXn3zVs1345RGaNYKnbKECUQAKzOyAsjMST5PuP8Z6Iy3jDoMcZSVKaf53Vh3j2do57qv5YMk_zV3QlL_8KF6q7FZYphQ7i9G_rxby9m7mWa9kFjhGLrXS_dHl6rJ8Osj3bpWUL6z_MPYOK0wvA/hYf3oOqCf4zLX8q2eUwNZbBX68TGSzd93b-y9DXI_Gg),ZBATH011,20,20,,20,https://pdh-catalog.softr.app/reservations?prefill_Code_=ZBATH011,,,I110.9
ZBATH012,I165 SHOWER HOSE AND HAND SHOWERR SPARE FOR ZBATH0009 SHOWER SET,35,"20,0",I165,ΜΠΑΝΙΟ,,image.png (https://v5.airtableusercontent.com/v3/u/55/55/1785175200000/HQFJdaqaH-u7Tl9tlV8Pgg/Z03vJAUWdVLlrp1LD61Ea30ReXfzM32Q1dEYJJNPfpm3S9D3APwEFfzdW-mp3E5MTAy-u_fSfm9SEkjHu-CLeGwfEOE8usoAEPBy0DM84l5aApHMzHqfnkPStgOPLvPbdO2jwBH1VdTv002aZv2Pwg/zCyIzgfd0cJD4hfjQ4OEMG5H7ZePzGHjS0AvbhWHhAQ),ZBATH012,20,20,,20,https://pdh-catalog.softr.app/reservations?prefill_Code_=ZBATH012,,,I110.9
ZBATH013,I165 DIVERTER CARTRIDGE AND HOT AND COLD CARTRIDGE SPARE FOR ZBATH0009 SHOWER SET,10,"20,0",I165,ΜΠΑΝΙΟ,,image.png (https://v5.airtableusercontent.com/v3/u/55/55/1785175200000/Qf6h4GajGax1eZ6e2365Rw/FLYHyv4Ft2EzzqLNqtXZu-vioQuYfsiI4pLotz9jZHB_lyhmvpZuhho7i5_PvO_OvWK3_-DnRSEZwI09gQ5PRgsAVdjjLtyql4K9aw7bd9wtvEIzVpSlYcKeF2rWsRqic4eZnzPBCZaripR_Szjfcg/xqRPDZe6fhOt3PU0CIhJnj6A33eNjkl3eLhkw7V_Khs),ZBATH013,20,20,,20,https://pdh-catalog.softr.app/reservations?prefill_Code_=ZBATH013,,,I110.9
ZBATH014,I165 CONCEALED BIDET MIXER WATER JET,95,"96,0",I165,ΜΠΑΝΙΟ,,image.png (https://v5.airtableusercontent.com/v3/u/55/55/1785175200000/Lmvoph9SUKQ5HAkGAtZQtQ/FURQFCdguwT1prPxsh19-wPnOg4yM47mscHQQrcGXfWQZjkBgP5ogT2RO-NGoMC8fpKaQZRnn0G9a3xY4cqpjLtX5c_ZtwDBg4L5mKNQ0g83iv1QpI99pnPIUfUvKdtDyXYjomR4Crp6cg_P9nrt6Q/35Q8UFWFfWGS46J-Umw42zcVty8Y2S2ZNucmhHuznm8),ZBATH014,96,96,,26,https://pdh-catalog.softr.app/reservations?prefill_Code_=ZBATH014,,"ZBATH014,ZBATH014",I110.9
ZBATH015,I165 GRAB BAR,55,"10,0",I165,ΜΠΑΝΙΟ,,image.png (https://v5.airtableusercontent.com/v3/u/55/55/1785175200000/i8rOdzj9psCUdKhcIshH6Q/YIB3mVS_b5Wn1aSlH7pUUohNRTOuwBa9T5lcEClVvcPx9Ze5T4SDYa_7pZikBc_M3tO_mcDa1yl8wKDiiOOcqFlfZfvlCZ4Lxr0H3ocT4BPU7RraLhEGc_RM49FdAZyKaeaCZ59zGBhFwHCGy-jDxQ/1KGsoHuBNyNqNK26meny-DjgQuq_Yuoxgd8GAsZUWBU),ZBATH015,10,10,,1,https://pdh-catalog.softr.app/reservations?prefill_Code_=ZBATH015,,"ZBATH015,ZBATH015",I110.9
ZBATH016,I165 GRAB BAR,185,"10,0",I165,ΜΠΑΝΙΟ,,image.png (https://v5.airtableusercontent.com/v3/u/55/55/1785175200000/6MmY1CVv_0mQ57bW3wtqjQ/D2-38u_d9KNHGB0b1NyEMMwy14Hofxsuk5oLiIIqvWFuUME35WyQMnE6DFjKjkJu_E3Can6yhwX1ldH4HcMY-1nXYZxdZoOz1QGYeINSvmaIGSDurVkGPmaJAbhCZzP1IcX0rF0L8jjSoez_B1FsLg/XyYp9-3p5_iZ0aZ_rMubwCxgtWo3ZOrwyC85a0_U6x0),ZBATH016,10,10,,2,https://pdh-catalog.softr.app/reservations?prefill_Code_=ZBATH016,,"ZBATH016,ZBATH016",I110.9
ZBATH017,I165 GRAB BAR,150,"10,0",I165,ΜΠΑΝΙΟ,,image.png (https://v5.airtableusercontent.com/v3/u/55/55/1785175200000/5dHXsbZtAavg7KG2QZSMRw/DGaWz4AaNjEpFQr-spebCzFTO3DOcrOdrAV0d9Aty3gO53GDjtY-rz2Jjc8dDINf1UZAYx-qlOYTtXLZ7Gpzwva_jPOKyWL2_B02gjdy1YEvfe_ec4O_UNfzRy9UQor-slJkgw0q1Ji9KtS8tIRjPw/myhEsa_j7LxvmudgP0KKQfAx_VfUtBsZf0SCvwirjec),ZBATH017,10,10,,5,https://pdh-catalog.softr.app/reservations?prefill_Code_=ZBATH017,,ZBATH017,I110.9
ZBATH018,I165 BASIN POPUP DRAIN WITHOUT OVEREFLOW,35,"100,0",I165,ΜΠΑΝΙΟ,,image.png (https://v5.airtableusercontent.com/v3/u/55/55/1785175200000/DIdBnVqLMu3AyvuPcseOiA/RhQ-9nw-K5MGnh90IZlNx-5wvrWz9umMuBQrR2gLr6ELeqxcHPbLMVIbPDGO5EUzPO1uowQ8IeJkGxTsFXvXhx6KMYpkYmdqJin2cikTkV1oWQtLeFCALi0SGJW6oNoxuG7sRaN7qisoOOxDJqx_ew/ZuEsUgNoS-YYpq3wSy1HhlZ2oqfBUg_Vz-9Zj3AVDvI),ZBATH018,100,100,,30,https://pdh-catalog.softr.app/reservations?prefill_Code_=ZBATH018,,"ZBATH018,ZBATH018",I110.9
ZBATH019,I165 SIPHONE,90,"20,0",I165,ΜΠΑΝΙΟ,,image.png (https://v5.airtableusercontent.com/v3/u/55/55/1785175200000/MOqqOvoaBaLQNuQTBcUMiA/QoM0Nf6iKcpv4d2VCUHksS2bvklL8gQYnfq4nlA8jrhDc2zQ6m7j_UlZ291BDBSXS8Xhr31NR00VWetsC9W87eW3ke2VMS9Ywf614DR9Lbm7lm5LBbJZgNob_x7difVcX3ihh_FmuQVXw0f8fkKttg/zsmrpTiZinfGfRlssCfp2xKolv2T5dQGb05g5rsZ2Js),ZBATH019,20,20,,20,https://pdh-catalog.softr.app/reservations?prefill_Code_=ZBATH019,,,I110.9
ZBATH020,I165 FLOOR DRAIN,50,"100,0",I165,ΜΠΑΝΙΟ,,image.png (https://v5.airtableusercontent.com/v3/u/55/55/1785175200000/XOwWD7NV5bzcrGThLfTKmA/ixf3iQCG_a5Ds-6qsv9ys7QL8cgeMsz1uGFpBhNngJLnTAPAGm_GQ4nyIRmiBkGReGdWVNf_Xggajn-mc-Ge_vuelAZCaiubapj2OudqKwNWR8Wb6uupQh5A32NtHAevx87S4DaAUSQd8YwnFRH_uA/oRCZSrujV0dizQ0dTajEMBe2sdXr8FJXWR57BMDkRIM),ZBATH020,100,100,,0,https://pdh-catalog.softr.app/reservations?prefill_Code_=ZBATH020,,"ZBATH020,ZBATH020,ZBATH020",I110.9
ZBATH021,I165 FLOOR DRAIN,170,"46,0",I165,ΜΠΑΝΙΟ,,image.png (https://v5.airtableusercontent.com/v3/u/55/55/1785175200000/leD5f8q2fAs9wpZPvLlMfw/Uzvf5mTrB98AwvYhzJb86Xbe93lbVF9hadWbyTUpiawvHY-9LU-ssc1weQly8JAC11lZBgf-93Ojv3l67mkBUPAE1y7vPY4scmBQeX-SGrncLn7N07pVpOseGF5wo2zBihU3ITcD8sMXyUIYRkZ3vQ/TnPWP29UNeOb2NS4bH4kFVODI-pLHz8sZo8QYDmytwg),ZBATH021,46,46,,-14,https://pdh-catalog.softr.app/reservations?prefill_Code_=ZBATH021,,ZBATH021,I110.9
ZBATH001, I258 WALL HUNG TOILET UF SEAT COVER P-TRAP180MM RIMLESS 490X360X360MM ,235,"133,0",I258,ΜΠΑΝΙΟ,,image.png (https://v5.airtableusercontent.com/v3/u/55/55/1785175200000/97PEZ-QqWfpRu13VqHa5cg/xBeLViCEVYG5b3Etr6gXZ3-71IuTuWjYbMuqQv1I1rk9xKLNHZ-pMwdd3TpyYI-E1dd8Kr2C7dgroQ-K7lc-H0GM8FE_UrUyTfLpt9DPV6rGwGMrITsMhL4Jd3sDelvMEIpa0TQ-NqR0dsRXqAKUoA/06kx7rp_Gs90yT86Jhs4TbkKbx7c-YZZnMpdXQiHE2o),ZBATH001,133,133,,47,https://pdh-catalog.softr.app/reservations?prefill_Code_=ZBATH001,,"ZBATH001,ZBATH001,ZBATH001,ZBATH001",I110.9
ZBATH002,I258 SINK BASIN WITHOUT DRAINER/FAUCET 500X400X135MM,100,"20,0",I258,ΜΠΑΝΙΟ,,"image.png (https://v5.airtableusercontent.com/v3/u/55/55/1785175200000/4-ELSneheH7TvUvffdowZQ/7tWD6J7xqTPwDMd1DL4jPPuJXWfo3wvs9l0sPbLtcoKwPgPbYZj_LPJOPYYm7EYulaqpr1QAsXilH1nGdxXMfGzY2iOuIDGyGr-AeFF6wuBBe89h0yiqhFTSyVQoU-d6j5-llI16UFxaGO0oe-39pw/FGh6Xq0ApVNsXE_2lXX7mTr-JO84IRGZYEA2l6mvfDs),image.png (https://v5.airtableusercontent.com/v3/u/55/55/1785175200000/UuiSnfpnMAj3Qn7okOZkJg/y4bJ7QvPgkqJ5Kx0NU7Lv1VcZ8F9yQfpXo2BCl7_8tahb1Gu6p2exYy3_60lyfVbw7qt-HE20P7IsHUnbLmOCzGY7N2PEqiQFaxC6Wvkm43SGbdlxcUPYPwEaYatV6HESal1O-cNmO7cgWXRH1kVxQ/wDdZlMbGPudKGRKoVDXLQffk01NP8sBbnB6f2h3EXmc)",ZBATH002,20,20,,20,https://pdh-catalog.softr.app/reservations?prefill_Code_=ZBATH002,,,I110.9
ZBATH003W,I258 HIDDEN WATER TANK WITH ABS WHITE BUTTON 1080X510X80MM ,345,"136,0",I258,ΜΠΑΝΙΟ,,image.png (https://v5.airtableusercontent.com/v3/u/55/55/1785175200000/qUWQgdn8u-1fYOAkV-_0fQ/o5dm_H1uumMuBPtzryaa45yATmao8wKjQTjfZfsRT54yS6O4qkFdk-IMcC1nmGPkNceQOm8Le0_W4edbGM_npNTCFNhEJK5imLxrdDQcqYRSWbmqbztjPcsRQghnC7YFMGbODtiHre0_k9oZeoLvsw/uZ0lgyy_Q6cg9pKozN4yPtD6bGVdyg83wH01e3eeaLc),ZBATH003W,136,136,,50,https://pdh-catalog.softr.app/reservations?prefill_Code_=ZBATH003W,,"ZBATH003W,ZBATH003W,ZBATH003W,ZBATH003W",I110.9
ZBATH022W,I258 SPARE ABS WHITE BUTTON FOR HIDDEN WATER TANK ZBATH003 ,45,"60,0",I258,ΜΠΑΝΙΟ,,image.png (https://v5.airtableusercontent.com/v3/u/55/55/1785175200000/mv4RHSBLUOU8hWrZOx1GFQ/lwcWSDzgIfZvicpvGNhX8BkuaI9qGa_ojwavsXwQibtr_76n6ytVShho_28Me7KW0ZSbqR3ZkXe1pTZM-dCnJOkjfRA1n30bRubGk28kX73MPYhvEMaM7uZ6HlFWjijSUdpc0KkVasJN-cU-3CFjcQ/yBXb5NszBOAZ6ZVXRlzKsf99gVPVUHdIDF7nNSZ9Eik),ZBATH022W,60,60,,60,https://pdh-catalog.softr.app/reservations?prefill_Code_=ZBATH022W,,,I110.9
ZBATH022B,I258 SPARE ABS  BLACK BUTTON FOR HIDDEN WATER TANK ZBATH003 ,50,"20,0",I258,ΜΠΑΝΙΟ,,image.png (https://v5.airtableusercontent.com/v3/u/55/55/1785175200000/2rb3owf3ZQrDUjaOkh7FCQ/C0T_6N17gRSi28uF0nzD36_IB8veKL5_1G8TSCV1MXM-ZIPAgaEjD12J5XNRm3XOHHs3Lo7IIJlBQk3R5ktGdqiV36TOQ8iQrcJkLPcdmNRx_jXGENB3Nl9E6odgdznyCdCAvulj1oK3flVY1anRnA/Bw4ipcVgCP6PZ17l_IjQRQj98hgsA35nml-NupSMPEo),ZBATH022B,20,20,,18,https://pdh-catalog.softr.app/reservations?prefill_Code_=ZBATH022B,,ZBATH022B,I110.9
ZBATH022S,I258 SPARE ABS STAINLESS STEEL BUTTON FOR HIDDEN WATER TANK ZBATH003 ,65,"20,0",I258,ΜΠΑΝΙΟ,,image.png (https://v5.airtableusercontent.com/v3/u/55/55/1785175200000/x6oP6GdR-glQDoMWasCVEg/tu4JGk6k-g0ttE03cOp0RZkHQfnphQiEcMFZHq8PU9sP_Nl_v-UmdN2YbQkJdKr7gBZU7ucoUGHQ3FalaAhRqyQXMaLju_LEsQ3cfSgIc_Ez_IUSgo9Mge2wHngXJoqgSm79WnvQquCVdc7ed-CEQQ/POZf2VeQLPaGtvlA64jOo1dvOrPo-G3bZqIjZsU6fjI),ZBATH022S,20,20,,20,https://pdh-catalog.softr.app/reservations?prefill_Code_=ZBATH022S,,,I110.9
ZBATH004,I258 WALL HUNG TOILET'S UF SEAT COVER,60,"100,0",I258,ΜΠΑΝΙΟ,,image.png (https://v5.airtableusercontent.com/v3/u/55/55/1785175200000/1MjTWIZhCaL95MliUHniQw/yjXjJcDqO8weOONiyagUKa0ObtnOMQWmukoDnScofH4X-WDYHwtooInEY3mbQVyVpD5vUhwJg9y3REn2PXGq-dOh7g06pGBFYpXcwMePItTszo9-DYtnySzbK0yZxZDNr5ZgEnlZU34_K5O3-raNBQ/WPIxwMaAIXs8irjzHjAGLnepUMWObJEhB-Czme1WyFk),ZBATH004,100,100,,84,https://pdh-catalog.softr.app/reservations?prefill_Code_=ZBATH004,,"ZBATH004,ZBATH004",I110.9
ZBATH023,I258 SPARE FLUSH MECHANISM FOR WATER TANK ZBATH003,30,"50,0",I258,ΜΠΑΝΙΟ,,image.png (https://v5.airtableusercontent.com/v3/u/55/55/1785175200000/k0ExetSstSFLBYUjfwZ-rw/DqaGhX-DZO-C7B_iJgOJs1di9-n7INrmgPyHWQjw75Dgxz6EQyplVOLuOR9RaiOAU-R0q4Q2jooHcH-lykceOy85AGPqK_j5bwVLJNGnS_tVGV9GeKfk4tn5--RyMwf4c19TCjE3bVSNtPrMzmMpBg/q0750I8M4Ng22XH3wTGH0bdVpqPmsBwvY7G4HsCTvdo),ZBATH023,50,50,,50,https://pdh-catalog.softr.app/reservations?prefill_Code_=ZBATH023,,,I110.9
ZBATH024,I258 SPARE FLOAT VALVE FOR WATER TANK ZBATH003,30,"50,0",I258,ΜΠΑΝΙΟ,,image.png (https://v5.airtableusercontent.com/v3/u/55/55/1785175200000/2REzCTl_Ge4-ZJR5gXFVog/xlLGL0DgQxBQNlFpU8H_BEoyf8mOUQMBVbLv59ZN9gm832lFy9Y9pkd0GcNvjdAnj7IJ_mIB6QFGmkYiZzw_pHrmgYkJi8xH6gdV3oanAFRiiO9bHKVvQhgBFDS-WADxdu_oG1hpztbM96lNC8TTsA/cvTrYnoOEyEYd59LDXet0K32ll897I_Q1U3U1aRVAWg),ZBATH024,50,50,,50,https://pdh-catalog.softr.app/reservations?prefill_Code_=ZBATH024,,,I110.9
A8353,I258 MIRROR BLACK FRAME F70,55,"20,0",I258,ΜΠΑΝΙΟ,,image.png (https://v5.airtableusercontent.com/v3/u/55/55/1785175200000/Lgk6KDwn2iAcU5JZ-6tiKg/-TrF7gz1HnYZege_ZZCbbuNwVJ1hkrlKUNprXNbsBrNHFEOySq2XCZ4z7RD4Q2Y4loe5g3ZOKHiGhh7bhBDYyNHifU7UmCOas2jkrgVdQUEE8PkQX_DXw6bZJVQf7mmzP09MFBVvNxru9nlIAtgHmQ/xnkJ8qzCtPsaMnS3ULEBwuNj0Uu52XezAKSMOd55kEY),A8353,20,20,,20,https://pdh-catalog.softr.app/reservations?prefill_Code_=A8353,,,I110.9
A8594,I124 DOOR HINGE,15,"50,0",I124,ΠΟΡΤΕΣ,,image.png (https://v5.airtableusercontent.com/v3/u/55/55/1785175200000/hI9CLuqyQEgjCkCDYeQ78g/z49dv2Qo_qE4xtb0flt7Oyl-zXlbicu1U0Z-b586r86p_AmUCw3WFphHVG2eMJ0lT5VyIqVJaZ5nQdpqHcTdFUglamDMGOgbNOT34ho5d-Gr5fir5K5OpJsMlY5MYOIQzqIElx2VGqt-Udx1fOlM3g/bPGOYe78vUXEPWf6UEBmYC9Tgg9-qSNxOe9zlZXgfws),A8594,50,50,,50,https://pdh-catalog.softr.app/reservations?prefill_Code_=A8594,,,I110.9
A8595,"I124 DOOR STOP ZINC ALLOY
MATT BLACK",10,"100,0",I124,ΠΟΡΤΕΣ,,image.png (https://v5.airtableusercontent.com/v3/u/55/55/1785175200000/mYjUl8BMZGIqZ6quU6V6WA/vKBMnbaBw_VIBEiFmCy9ikUbln48u-pa08RZkB1_kur14oPFou49jwNCGJpcLxk53c8Qj52xsx32JUuuvlKVku6UOeqcQYfgLPkk4EX0tNIqvgkZ2W_xeTb-UuDihI9TDak6crZBbhkKVPGv4ul5MA/k3nsmuMF3IUZohvIexfzTxAoUkjV9HsVW75u4XO58-Q),A8595,100,100,,100,https://pdh-catalog.softr.app/reservations?prefill_Code_=A8595,,,I110.9
A8596,I124 DOOR STOP SATIN F16 F50 H88,15,"100,0",I124,ΠΟΡΤΕΣ,,image.png (https://v5.airtableusercontent.com/v3/u/55/55/1785175200000/v9RL9y7hWFdTUuUHPveogg/_s1ggwszdH6IGmrfwUuq7_xiVXB9xRYCOpDnfnc5mF8kGx9g84mbIE88OFGttpmPiDPuMRnveob_3-QI2q755i6jS4bCuGclGAZJ1uV9X40L3GurvG7Zad0AhvQ2JRBUVyCGkgCYJ410sp5lPlzeDw/HS6mD9zymPJtpghTpNhD964S5AvzcMsYEjiKFoNPAPQ),A8596,100,100,,100,https://pdh-catalog.softr.app/reservations?prefill_Code_=A8596,,,I110.9
A8597,I124 DOOR STOP F29 H29,15,"100,0",I124,ΠΟΡΤΕΣ,,image.png (https://v5.airtableusercontent.com/v3/u/55/55/1785175200000/jB8OQp9qniTl9zE16-kicA/XEGrMm1meLvntZ7yBB3-sj4v430svr_-L2lIK2yoRK9Z0MEGnObUoinY9u1gJ4gobd9gfwHxCp5l4_koBYIJ2F33ReKpCv2bf8fEcZp3G9yNJaisz3zASPeics2GIPCUZTytshhdZzS_trpQWW8WwQ/EO-BfFDvWLfDp2vCBkHuRgaUB4ccwNWYaxXuoCy-Oy0),A8597,100,100,,40,https://pdh-catalog.softr.app/reservations?prefill_Code_=A8597,,A8597,I110.9
S1121,I248 SOFA SET,6695,"3,0",I248,FURNITURE,,image.png (https://v5.airtableusercontent.com/v3/u/55/55/1785175200000/pV7I0SGIoJbA792QfS-7MA/Y2vJ_hUPWONKildvB6Inm2WGhivAH7Zh5rpvi64rmSPWqoQv0fgH9rdaoUKk_muCio_zU73IBHZsxkH42lHFOpsJ2NgPlEeEdpDSzttfcIwx2YeqgUJSUKDxmSKYttttEwTHqLddxNfY5D9KdFkmkQ/xmqaoDjpqe6HW0GCVA4jkf1itL1wNF7ZNLKmMXcl8Os),S1121,3,3,,3,https://pdh-catalog.softr.app/reservations?prefill_Code_=S1121,,,I110.9
C1812,"I248
  BAR CHAIR 62x60x108",1010,"6,0",I248,FURNITURE,,image.png (https://v5.airtableusercontent.com/v3/u/55/55/1785175200000/1hukYWUAmGcVUiI8BfUF3g/gcLlak3X9R9Bvmz3kNmMY9L7MP1nwJK9kqkRv60t7q96wtR0yqn6wtubZZqHxmkeqD_kRMvQhuiwT0z_s1yNHHXYqIWu7ntScWMUEwKfliMjeQSyD7N43v7bDs7o8dG4SfxtQUBjW9XPgplC6scpOQ/EdOnhDhepRyOzyhq58XBadDy9gymZ_wEJsXTuX3go7Y),C1812,6,6,,6,https://pdh-catalog.softr.app/reservations?prefill_Code_=C1812,,,I110.9
T3373BB,"I248
  GARDEN TABLE 60*60*40",425,"1,0",I248,FURNITURE,,image.png (https://v5.airtableusercontent.com/v3/u/55/55/1785175200000/2uYV19ym9FKn67L4ai8r2Q/-7_FPJcACTysiH9WVTnQIlM2lTh4fFUKx_PakVRMrscEfg213GG0FK4riUS1x5AEuQdXfBOhVb9GSVg9XqWNd1nU0dY62xv9NuFg1NPSRn-HEjnYEObsmzejX6XLXQdwLZiIvpDzH29ZJ78Wo-XIiw/T2J3S7lf1RIy5GwSYIDGSYRbTvxTK78-YMYTfW5eXWI),T3373BB,1,1,,1,https://pdh-catalog.softr.app/reservations?prefill_Code_=T3373BB,,,I110.9
T3373BLG,"I248
  GARDEN TABLE 60*60*40",425,"1,0",I248,FURNITURE,,image.png (https://v5.airtableusercontent.com/v3/u/55/55/1785175200000/nS2D9fSs5KwnqZNB36HRKg/2XlMy0QgqFlX0nDTbeHHuMFtZ18oqELQfbyAREp-kqxSrn21mit1FbbFmXW3zdASQl7DaHCvIHVPPonhqV0d2Z-ivPjQEzmcVOIwBxi8qGm9e1aYUcXBBFfpEFm7LE6it9fr6hk7YfNonLTOfoKxyw/jrTKSRRgeHA_5gQvJpS9afYne3gUwsn6V67jMPNtAxE),T3373BLG,1,1,,1,https://pdh-catalog.softr.app/reservations?prefill_Code_=T3373BLG,,,I110.9
T3374BB,"I248
  GARDEN TABLE 50*50*50",425,"1,0",I248,FURNITURE,,image.png (https://v5.airtableusercontent.com/v3/u/55/55/1785175200000/Yzu1VV_GLomxg5kNCwDj2Q/_7SQJmOm4qSJbhTzhw901YHMFPeWVEXYt37e19FvuABMeLML2Kl-Juq2Lh9JM2DnYaYaSHc6eLbXtb1Lug0iggxS3Ypq1eRESGNlao4KV0h9Xqngn7_G1lJJ4AzXHjpgVd371FCfSEcM_HgONA4_Pg/84sGUUr6EAVJAqm2EGjgYpx8PBC93DwyqKALZXK1-vY),T3374BB,1,1,,1,https://pdh-catalog.softr.app/reservations?prefill_Code_=T3374BB,,,I110.9
T3374BLG,"I248GARDEN
  TABLE 50*50*50",425,"1,0",I248,FURNITURE,,image.png (https://v5.airtableusercontent.com/v3/u/55/55/1785175200000/B5Df_dLsEQe497l_WNwKHA/vT7dN_hEGCfpjJifEPExCh1gYBhH6-i-d-CSjXnuiOZGVHOvTGOUjmmp3guD8Xp5BQ2dQjL1-5DiigBKVzvB00mx3pmE1XewnXgl0pTsTfA-8lLjcic-W-cqg1w2d5LQW4rpFILcEgtnQZEzA2xvXA/wABZri30jGPqoUcIYjUF9sT4ydaq_rmZnnX4YH4puk8),T3374BLG,1,1,,1,https://pdh-catalog.softr.app/reservations?prefill_Code_=T3374BLG,,,I110.9
T3375BB,"I248GARDEN
  TABLE 45*45*54",425,"1,0",I248,FURNITURE,,image.png (https://v5.airtableusercontent.com/v3/u/55/55/1785175200000/lnyg6XSoR6aAVVNJCeJH6A/HajvG_NV6Z-CNxh-KqKU_Q0X45E4vsIcQfhyCPoQWEEeiwPz2hRZfHayMuP7DtAyZVv8FIbf0keczm5oGhvY1-faGx9evnqAFlv5_5wZBhKOQfeIuvGtJRaeC3AzBC8zN5Jfh3uSk40JsnpJVkw8FQ/DmTnzLc3xVfyQAQR7KsAl2MqocFBVEM2V8iiN1Z6fk0),T3375BB,1,1,,1,https://pdh-catalog.softr.app/reservations?prefill_Code_=T3375BB,,,I110.9
T3375BLG,"I248GARDEN
  TABLE 45*45*54",425,"1,0",I248,FURNITURE,,image.png (https://v5.airtableusercontent.com/v3/u/55/55/1785175200000/lnyg6XSoR6aAVVNJCeJH6A/HajvG_NV6Z-CNxh-KqKU_Q0X45E4vsIcQfhyCPoQWEEeiwPz2hRZfHayMuP7DtAyZVv8FIbf0keczm5oGhvY1-faGx9evnqAFlv5_5wZBhKOQfeIuvGtJRaeC3AzBC8zN5Jfh3uSk40JsnpJVkw8FQ/DmTnzLc3xVfyQAQR7KsAl2MqocFBVEM2V8iiN1Z6fk0),T3375BLG,1,1,,1,https://pdh-catalog.softr.app/reservations?prefill_Code_=T3375BLG,,,I110.9
T3376BB,"I248GARDEN
  TABLE 60*60*60",645,"1,0",I248,FURNITURE,,image.png (https://v5.airtableusercontent.com/v3/u/55/55/1785175200000/EEyZu_c3cshBYyCKm2Hmvw/fgriSf_JxoK_zQ2MnHugNCZ5CRp8zDsVOIHT-gTyBZJ5anguQzttmPvYjazkSgepCpRrcQ0vLz1wMZfLT3wAm3FpaPhIYIXt5dRQwLGSmOF2dZ9tpuMDWQrB9ZagxbqQbQDASgCC7yTQ9MvVtndbLw/QAGrDOcSad6Z2L_hhcTSrJO_hB9fdnXzpONkviaY6vA),T3376BB,1,1,,1,https://pdh-catalog.softr.app/reservations?prefill_Code_=T3376BB,,,I110.9
T3376BLG,"I248GARDEN
  TABLE 60*60*60",645,"2,0",I248,FURNITURE,,image.png (https://v5.airtableusercontent.com/v3/u/55/55/1785175200000/EEyZu_c3cshBYyCKm2Hmvw/fgriSf_JxoK_zQ2MnHugNCZ5CRp8zDsVOIHT-gTyBZJ5anguQzttmPvYjazkSgepCpRrcQ0vLz1wMZfLT3wAm3FpaPhIYIXt5dRQwLGSmOF2dZ9tpuMDWQrB9ZagxbqQbQDASgCC7yTQ9MvVtndbLw/QAGrDOcSad6Z2L_hhcTSrJO_hB9fdnXzpONkviaY6vA),T3376BLG,2,2,,2,https://pdh-catalog.softr.app/reservations?prefill_Code_=T3376BLG,,,I110.9
T3377BB,"I248GARDEN
  TABLE 50*50*50",715,"2,0",I248,FURNITURE,,image.png (https://v5.airtableusercontent.com/v3/u/55/55/1785175200000/1Af443o9XD6l6kswAFB2RQ/r4bng9h6kxSH4f5oLMbb3NZd-NW03Krw-pIkvhReQHEwVXAPoAzQJEvWu1ZjrULGMW3VVIllFywtChdDDNv0ZcfN4uq13kiZvQe3us5E24q1ALl4EHEYZOk6yUd3i1o0fFBfK12pwORLRRwQf0wbAA/RfF_llgQMWOPTaWD5Kll6fXfLGSktKR4M9XXNptQ4aA),T3377BB,2,2,,2,https://pdh-catalog.softr.app/reservations?prefill_Code_=T3377BB,,,I110.9
T3377BLG,"I248GARDEN
  TABLE 50*50*50",715,"1,0",I248,FURNITURE,,image.png (https://v5.airtableusercontent.com/v3/u/55/55/1785175200000/1Af443o9XD6l6kswAFB2RQ/r4bng9h6kxSH4f5oLMbb3NZd-NW03Krw-pIkvhReQHEwVXAPoAzQJEvWu1ZjrULGMW3VVIllFywtChdDDNv0ZcfN4uq13kiZvQe3us5E24q1ALl4EHEYZOk6yUd3i1o0fFBfK12pwORLRRwQf0wbAA/RfF_llgQMWOPTaWD5Kll6fXfLGSktKR4M9XXNptQ4aA),T3377BLG,1,1,,1,https://pdh-catalog.softr.app/reservations?prefill_Code_=T3377BLG,,,I110.9
C1813,"I248SWING
  CHAIR 125*135*72",650,"4,0",I248,FURNITURE,,image.png (https://v5.airtableusercontent.com/v3/u/55/55/1785175200000/ijEolewloAZGwIRic8FUmg/iZJnCz3KyrqUOFqyTwujqgeO-P8V7yyNzOc1aj20Myvpn1IERu-9aJePEuyOSldMdKfvkEPfXUSoPr4lRksxepAxm5E4ihUYo3gQ6-NPxvDauKAwiBaFSLkRCExtArND3oDTnK6xkfGqTn992NSucQ/GRP-pn84lvuqbbMkuL6h5UD2zZ4lOqjC3Ei3Ht8ILnE),C1813,4,4,,4,https://pdh-catalog.softr.app/reservations?prefill_Code_=C1813,,,I110.9
G1349,"I248SUN
  UMBRELLA 250*250",630,"10,0",I248,FURNITURE,,image.png (https://v5.airtableusercontent.com/v3/u/55/55/1785175200000/bfw6afFOV7qfnw1zHrzxOQ/LhMKCPC5B9KhscGfqciJJnDqkAvlTD8Set8baJaLQZCrpuRvnPD_3U0IzXNHikU0Yi2uBp8thenX2YjAFHm6EeB8DPZ0F_5tokgaRy2R-Tm3LGI-VXC2Ftd21WTOkg3_mRJ-jGXFYZHA9DMd7uKPuQ/1zJxRR89WOXHgrFdX5HdB6ISl4OeMuFngKXZzgB9wG4),G1349,10,10,,10,https://pdh-catalog.softr.app/reservations?prefill_Code_=G1349,,,I110.9
G1350,"I248MARBLE
  BASE 30KG",135,"9,0",I248,FURNITURE,,image.png (https://v5.airtableusercontent.com/v3/u/55/55/1785175200000/y4WCNx7VnS6jI1gOzkhklA/jM_CfiefMXY4gHruKIe7uL52ALdzgTJchjaVxspHLmlBoYlE0nNrMwxNYimGsxjoSDep14uPYA-1W-0BeZCwr0cS4co8De_VweRO_q3Jt56g1XrzrPIdhgibxWhMLUT1Vv3akHY4D3CpkMLzZ-4g3g/LQgS53B5STbSuUyObynt-hc9Dhmsczd3vvDYIK4Nw38),G1350,9,9,,9,https://pdh-catalog.softr.app/reservations?prefill_Code_=G1350,,,I110.9
G1324,"I248
  SUN UMBRELLA WITH MARBLE BASE 250x250 cm",1415,"3,0",I248,FURNITURE,,image.png (https://v5.airtableusercontent.com/v3/u/55/55/1785175200000/kfPKvI3FdDcuy-sVfjxqLw/NOHaGqkbyVsNDcjLe_y1b565sl6wiZ_HE5g_bhTzLsCHqXs9YX8Zt2hbtDfiGw4QFnmR7_j9SrOM96r27nYQfufME01jTmxKhBQIYFS0kZt48LV82-RdG3z3615C_Figyjy98rAnseTHbfS6HXfrhg/h6O5DmDjEWHtIk2MZc9YdD4eUEXKW-Y27lDfteBEp2k),G1324,3,3,,3,https://pdh-catalog.softr.app/reservations?prefill_Code_=G1324,,,I110.9